-- MySQL dump 10.13  Distrib 8.0.19, for Win64 (x86_64)
--
-- Host: localhost    Database: automatizafacil
-- ------------------------------------------------------
-- Server version	8.4.0

/*!40101 SET @OLD_CHARACTER_SET_CLIENT=@@CHARACTER_SET_CLIENT */;
/*!40101 SET @OLD_CHARACTER_SET_RESULTS=@@CHARACTER_SET_RESULTS */;
/*!40101 SET @OLD_COLLATION_CONNECTION=@@COLLATION_CONNECTION */;
/*!50503 SET NAMES utf8mb4 */;
/*!40103 SET @OLD_TIME_ZONE=@@TIME_ZONE */;
/*!40103 SET TIME_ZONE='+00:00' */;
/*!40014 SET @OLD_UNIQUE_CHECKS=@@UNIQUE_CHECKS, UNIQUE_CHECKS=0 */;
/*!40014 SET @OLD_FOREIGN_KEY_CHECKS=@@FOREIGN_KEY_CHECKS, FOREIGN_KEY_CHECKS=0 */;
/*!40101 SET @OLD_SQL_MODE=@@SQL_MODE, SQL_MODE='NO_AUTO_VALUE_ON_ZERO' */;
/*!40111 SET @OLD_SQL_NOTES=@@SQL_NOTES, SQL_NOTES=0 */;

--
-- Table structure for table `answer`
--

DROP TABLE IF EXISTS `answer`;
/*!40101 SET @saved_cs_client     = @@character_set_client */;
/*!50503 SET character_set_client = utf8mb4 */;
CREATE TABLE `answer` (
  `id` int NOT NULL AUTO_INCREMENT,
  `answer` varchar(255) DEFAULT '',
  `client_name` varchar(90) DEFAULT '',
  `client_phone` varchar(30) DEFAULT '',
  `is_contact` tinyint DEFAULT '0',
  `is_report` tinyint DEFAULT '0',
  `type_report` varchar(80) DEFAULT '',
  `id_research` varchar(100) DEFAULT '',
  `research_name` varchar(200) DEFAULT '',
  `nps_answer` int DEFAULT '0',
  `device_client` varchar(50) DEFAULT '',
  `start_research` datetime DEFAULT NULL,
  `name_employee` varchar(90) DEFAULT '',
  `created_at` datetime(6) NOT NULL DEFAULT CURRENT_TIMESTAMP(6),
  `updated_at` datetime(6) NOT NULL DEFAULT CURRENT_TIMESTAMP(6) ON UPDATE CURRENT_TIMESTAMP(6),
  `question_id` int DEFAULT NULL,
  `ip_address` varchar(60) DEFAULT '',
  `store_id` int DEFAULT NULL,
  `other_answer` varchar(255) DEFAULT '',
  PRIMARY KEY (`id`),
  KEY `FK_c3d19a89541e4f0813f2fe09194` (`question_id`),
  KEY `idxAnswer` (`id`),
  KEY `idxQuestion` (`question_id`),
  KEY `FK_42a0982fb324e20477f4ca342c8` (`store_id`),
  CONSTRAINT `FK_42a0982fb324e20477f4ca342c8` FOREIGN KEY (`store_id`) REFERENCES `store` (`id`) ON DELETE CASCADE ON UPDATE CASCADE,
  CONSTRAINT `FK_c3d19a89541e4f0813f2fe09194` FOREIGN KEY (`question_id`) REFERENCES `question` (`id`) ON DELETE CASCADE ON UPDATE CASCADE
) ENGINE=InnoDB AUTO_INCREMENT=1104 DEFAULT CHARSET=utf8mb4 COLLATE=utf8mb4_0900_ai_ci;
/*!40101 SET character_set_client = @saved_cs_client */;

--
-- Dumping data for table `answer`
--

LOCK TABLES `answer` WRITE;
/*!40000 ALTER TABLE `answer` DISABLE KEYS */;
INSERT INTO `answer` VALUES (1,'Colaborador mal educado','','',0,NULL,NULL,'2023-08-31T23:22:29.087Z016526940002950.34242321943342346','20230831T232229',3,'mobile - iPhone','2023-08-31 20:21:59','LUIZA','2023-08-31 20:22:29.110451','2023-09-28 22:42:37.504792',7,NULL,NULL,''),(2,'DEPÓSITO','','',0,NULL,NULL,'2023-08-31T23:22:52.973Z016526940002950.3881653003876364','20230831T232252',3,'mobile - K','2023-08-31 20:22:12',NULL,'2023-08-31 20:22:53.002911','2023-08-31 20:22:53.002911',5,NULL,NULL,''),(3,'CLIMA','','',0,NULL,NULL,'2023-08-31T23:22:52.973Z016526940002950.3881653003876364','20230831T232252',3,'mobile - K','2023-08-31 20:22:12',NULL,'2023-08-31 20:22:53.004765','2023-08-31 20:22:53.004765',6,NULL,NULL,''),(4,'Claro ','','',0,NULL,NULL,'2023-08-31T23:22:52.973Z016526940002950.3881653003876364','20230831T232252',3,'mobile - K','2023-08-31 20:22:12',NULL,'2023-08-31 20:22:53.007476','2023-08-31 20:22:53.007476',7,NULL,NULL,''),(5,'FRENTE DE CAIXA,GARAGEM','Maionese','(61) 9 9999-9999',1,NULL,NULL,'2023-08-31T23:22:55.889Z016526940002950.5459640363353406','20230831T232255',1,'mobile - iPhone','2023-08-31 20:22:32',NULL,'2023-08-31 20:22:55.910474','2023-08-31 20:22:55.910474',9,NULL,NULL,''),(6,'LIMPEZA / HIGIENE,PREÇOS','Maionese','(61) 9 9999-9999',1,NULL,NULL,'2023-08-31T23:22:55.889Z016526940002950.5459640363353406','20230831T232255',1,'mobile - iPhone','2023-08-31 20:22:32',NULL,'2023-08-31 20:22:55.913147','2023-08-31 20:22:55.913147',10,NULL,NULL,''),(7,'Hoje foi péssimo ','Maionese','(61) 9 9999-9999',1,NULL,NULL,'2023-08-31T23:22:55.889Z016526940002950.5459640363353406','20230831T232255',1,'mobile - iPhone','2023-08-31 20:22:32',NULL,'2023-08-31 20:22:55.915640','2023-08-31 20:22:55.915640',11,NULL,NULL,''),(8,'','','',0,NULL,NULL,'2023-08-31T23:23:03.929Z016526940002950.8149912007170147','20230831T232303',2,'mobile - iPhone','2023-08-31 20:23:02',NULL,'2023-08-31 20:23:03.959402','2023-08-31 20:23:03.959402',1,NULL,NULL,''),(9,'FRENTE DE CAIXA,GERÊNCIA,DEPÓSITO','','',0,NULL,NULL,'2023-08-31T23:23:35.817Z016526940002950.7025561603882199','20230831T232335',2,'mobile - iPhone','2023-08-31 20:23:05',NULL,'2023-08-31 20:23:35.851559','2023-08-31 20:23:35.851559',5,NULL,NULL,''),(10,'VARIEDADE,QUALIDADE DOS PRODUTOS,PROMOÇÕES','','',0,NULL,NULL,'2023-08-31T23:23:35.817Z016526940002950.7025561603882199','20230831T232335',2,'mobile - iPhone','2023-08-31 20:23:05',NULL,'2023-08-31 20:23:35.854548','2023-08-31 20:23:35.854548',6,NULL,NULL,''),(11,'Ovo de Páscoa quebrados','','',0,NULL,NULL,'2023-08-31T23:23:35.817Z016526940002950.7025561603882199','20230831T232335',2,'mobile - iPhone','2023-08-31 20:23:05',NULL,'2023-08-31 20:23:35.860508','2023-08-31 20:23:35.860508',7,NULL,NULL,''),(12,'PADARIA','Lima','(00) 0 9999-86666',1,NULL,NULL,'2023-08-31T23:23:43.493Z016526940002950.4603920061374298','20230831T232343',0,'mobile - K','2023-08-31 20:22:59',NULL,'2023-08-31 20:23:43.539169','2023-08-31 20:23:43.539169',9,NULL,NULL,''),(13,'PREÇOS','Lima','(00) 0 9999-86666',1,NULL,NULL,'2023-08-31T23:23:43.493Z016526940002950.4603920061374298','20230831T232343',0,'mobile - K','2023-08-31 20:22:59',NULL,'2023-08-31 20:23:43.540107','2023-08-31 20:23:43.540107',10,NULL,NULL,''),(14,'Nojo ','Lima','(00) 0 9999-86666',1,NULL,NULL,'2023-08-31T23:23:43.493Z016526940002950.4603920061374298','20230831T232343',0,'mobile - K','2023-08-31 20:22:59',NULL,'2023-08-31 20:23:43.541095','2023-08-31 20:23:43.541095',11,NULL,NULL,''),(15,'GERÊNCIA,DEPÓSITO,AÇOUGUE','Maionese','(61) 9 9999-9999',1,NULL,NULL,'2023-08-31T23:24:41.600Z016526940002950.8192462227006957','20230831T232441',1,'mobile - iPhone','2023-08-31 20:23:37','JOSÉ','2023-08-31 20:24:41.637672','2023-09-28 22:42:56.917113',9,NULL,NULL,''),(16,'ATENDIMENTO,PROMOÇÕES','Maionese','(61) 9 9999-9999',1,NULL,NULL,'2023-08-31T23:24:41.600Z016526940002950.8192462227006957','20230831T232441',1,'mobile - iPhone','2023-08-31 20:23:37','JOSÉ','2023-08-31 20:24:41.641275','2023-09-28 22:42:56.917113',10,NULL,NULL,''),(17,'Djsjsjsjsh','Maionese','(61) 9 9999-9999',1,NULL,NULL,'2023-08-31T23:24:41.600Z016526940002950.8192462227006957','20230831T232441',1,'mobile - iPhone','2023-08-31 20:23:37','JOSÉ','2023-08-31 20:24:41.644706','2023-09-28 22:42:56.917113',11,NULL,NULL,''),(18,'','','',0,NULL,NULL,'2023-08-31T23:25:14.213Z016526940002950.15150394164309544','20230831T232514',3,'mobile - iPhone','2023-08-31 20:25:12',NULL,'2023-08-31 20:25:14.242257','2023-08-31 20:25:14.242257',1,NULL,NULL,''),(19,'FRENTE DE CAIXA,HORTIFRUTI','','',0,NULL,NULL,'2023-08-31T23:25:30.925Z016526940002950.8530784763873362','20230831T232530',4,'mobile - iPhone','2023-08-31 20:25:16','MARIA','2023-08-31 20:25:30.942865','2023-09-28 22:41:53.996424',5,NULL,NULL,''),(20,'LIMPEZA / HIGIENE,PROMOÇÕES,ATENDIMENTO','','',0,NULL,NULL,'2023-08-31T23:25:30.925Z016526940002950.8530784763873362','20230831T232530',4,'mobile - iPhone','2023-08-31 20:25:16','MARIA','2023-08-31 20:25:30.946408','2023-09-28 22:41:53.996424',6,NULL,NULL,''),(21,'Hayahaha','','',0,NULL,NULL,'2023-08-31T23:25:30.925Z016526940002950.8530784763873362','20230831T232530',4,'mobile - iPhone','2023-08-31 20:25:16','MARIA','2023-08-31 20:25:30.952946','2023-09-28 22:41:53.996424',7,NULL,NULL,''),(22,'','','',0,NULL,NULL,'2023-08-31T23:25:35.967Z016526940002950.6558111686370804','20230831T232535',4,'mobile - iPhone','2023-08-31 20:25:34',NULL,'2023-08-31 20:25:35.989132','2023-08-31 20:25:35.989132',1,NULL,NULL,''),(23,'GARAGEM,ATENDIMENTO AO CLIENTE,PADARIA','','',0,NULL,NULL,'2023-08-31T23:25:55.521Z016526940002950.8919080859619358','20230831T232555',3,'mobile - iPhone','2023-08-31 20:25:37',NULL,'2023-08-31 20:25:55.535970','2023-08-31 20:25:55.535970',5,NULL,NULL,''),(24,'CLIMA,LIMPEZA / HIGIENE','','',0,NULL,NULL,'2023-08-31T23:25:55.521Z016526940002950.8919080859619358','20230831T232555',3,'mobile - iPhone','2023-08-31 20:25:37',NULL,'2023-08-31 20:25:55.537521','2023-08-31 20:25:55.537521',6,NULL,NULL,''),(25,'não dá pra tolerar má educação','','',0,NULL,NULL,'2023-08-31T23:25:55.521Z016526940002950.8919080859619358','20230831T232555',3,'mobile - iPhone','2023-08-31 20:25:37',NULL,'2023-08-31 20:25:55.540222','2023-08-31 20:25:55.540222',7,NULL,NULL,''),(26,'GERÊNCIA,ATENDIMENTO AO CLIENTE,DEPÓSITO','Cintia','(61) 9 9999-9999',1,NULL,NULL,'2023-08-31T23:26:17.680Z016526940002950.8674308604610107','20230831T232617',0,'mobile - iPhone','2023-08-31 20:25:57','MARIA','2023-08-31 20:26:17.699351','2023-09-28 22:41:53.996424',9,NULL,NULL,''),(27,'ATENDIMENTO,PROMOÇÕES','Cintia','(61) 9 9999-9999',1,NULL,NULL,'2023-08-31T23:26:17.680Z016526940002950.8674308604610107','20230831T232617',0,'mobile - iPhone','2023-08-31 20:25:57','MARIA','2023-08-31 20:26:17.701299','2023-09-28 22:41:53.996424',10,NULL,NULL,''),(28,'Ahahahau','Cintia','(61) 9 9999-9999',1,NULL,NULL,'2023-08-31T23:26:17.680Z016526940002950.8674308604610107','20230831T232617',0,'mobile - iPhone','2023-08-31 20:25:57','MARIA','2023-08-31 20:26:17.703051','2023-09-28 22:41:53.996424',11,NULL,NULL,''),(29,'ATENDIMENTO AO CLIENTE,GERÊNCIA,DEPÓSITO','Maionese','(61) 9 9999-9999',1,NULL,NULL,'2023-08-31T23:26:56.968Z016526940002950.04626986528665944','20230831T232656',1,'mobile - iPhone','2023-08-31 20:26:19','MARIA','2023-08-31 20:26:56.987111','2023-09-28 22:41:53.996424',9,NULL,NULL,''),(30,'VARIEDADE,PROMOÇÕES,ATENDIMENTO','Maionese','(61) 9 9999-9999',1,NULL,NULL,'2023-08-31T23:26:56.968Z016526940002950.04626986528665944','20230831T232656',1,'mobile - iPhone','2023-08-31 20:26:19','MARIA','2023-08-31 20:26:56.990780','2023-09-28 22:41:53.996424',10,NULL,NULL,''),(31,'Foi bem ruim','Maionese','(61) 9 9999-9999',1,NULL,NULL,'2023-08-31T23:26:56.968Z016526940002950.04626986528665944','20230831T232656',1,'mobile - iPhone','2023-08-31 20:26:19','MARIA','2023-08-31 20:26:56.994075','2023-09-28 22:41:53.996424',11,NULL,NULL,''),(32,'GERÊNCIA,HORTIFRUTI','','',0,NULL,NULL,'2023-08-31T23:34:55.707Z016526940002950.4174283218750454','20230831T233455',2,'PC-Windows','2023-08-31 20:34:46',NULL,'2023-08-31 20:34:55.728010','2023-08-31 20:34:55.728010',5,NULL,NULL,''),(33,'VARIEDADE,QUALIDADE DOS PRODUTOS','','',0,NULL,NULL,'2023-08-31T23:34:55.707Z016526940002950.4174283218750454','20230831T233455',2,'PC-Windows','2023-08-31 20:34:46',NULL,'2023-08-31 20:34:55.730991','2023-08-31 20:34:55.730991',6,NULL,NULL,''),(34,'rfw3efwfw3','','',0,NULL,NULL,'2023-08-31T23:34:55.707Z016526940002950.4174283218750454','20230831T233455',2,'PC-Windows','2023-08-31 20:34:46',NULL,'2023-08-31 20:34:55.733380','2023-08-31 20:34:55.733380',7,NULL,NULL,''),(35,'','','',0,NULL,NULL,'2023-08-31T23:34:58.643Z016526940002950.00291569665244662','20230831T233458',3,'PC-Windows','2023-08-31 20:34:58',NULL,'2023-08-31 20:34:58.647249','2023-08-31 20:34:58.647249',1,NULL,NULL,''),(36,'','','',0,NULL,NULL,'2023-08-31T23:35:02.177Z016526940002950.30882106614428695','20230831T233502',2,'PC-Windows','2023-08-31 20:35:01',NULL,'2023-08-31 20:35:02.181713','2023-08-31 20:35:02.181713',1,NULL,NULL,''),(37,'','','',0,NULL,NULL,'2023-08-31T23:35:49.577Z016526940002950.2790495572045846','20230831T233549',3,'PC-Windows','2023-08-31 20:35:48',NULL,'2023-08-31 20:35:49.581578','2023-08-31 20:35:49.581578',1,NULL,NULL,''),(38,'ATENDIMENTO AO CLIENTE,FRENTE DE CAIXA','','',0,NULL,NULL,'2023-08-31T23:36:06.192Z016526940002950.207718157060379','20230831T233606',3,'PC-Windows','2023-08-31 20:35:52','MARIA','2023-08-31 20:36:06.199851','2023-09-28 22:41:53.996424',5,NULL,NULL,''),(39,'ATENDIMENTO,LIMPEZA / HIGIENE','','',0,NULL,NULL,'2023-08-31T23:36:06.192Z016526940002950.207718157060379','20230831T233606',3,'PC-Windows','2023-08-31 20:35:52','MARIA','2023-08-31 20:36:06.201038','2023-09-28 22:41:53.996424',6,NULL,NULL,''),(40,'ATENDENTE COM AS MÃOS SUJAS','','',0,NULL,NULL,'2023-08-31T23:36:06.192Z016526940002950.207718157060379','20230831T233606',3,'PC-Windows','2023-08-31 20:35:52','MARIA','2023-08-31 20:36:06.202900','2023-09-28 22:41:53.996424',7,NULL,NULL,''),(41,'ATENDIMENTO AO CLIENTE,FRENTE DE CAIXA','','',0,NULL,NULL,'2023-08-31T23:39:03.439Z016526940002950.4559303547328759','20230831T233903',4,'PC-Windows','2023-08-31 20:38:55',NULL,'2023-08-31 20:39:03.445758','2023-08-31 20:39:03.445758',5,NULL,NULL,''),(42,'PREÇOS,LIMPEZA / HIGIENE','','',0,NULL,NULL,'2023-08-31T23:39:03.439Z016526940002950.4559303547328759','20230831T233903',4,'PC-Windows','2023-08-31 20:38:55',NULL,'2023-08-31 20:39:03.446829','2023-08-31 20:39:03.446829',6,NULL,NULL,''),(43,'asdasdas','','',0,NULL,NULL,'2023-08-31T23:39:03.439Z016526940002950.4559303547328759','20230831T233903',4,'PC-Windows','2023-08-31 20:38:55',NULL,'2023-08-31 20:39:03.448364','2023-08-31 20:39:03.448364',7,NULL,NULL,''),(44,'ATENDIMENTO AO CLIENTE,FRENTE DE CAIXA','','',0,NULL,NULL,'2023-08-31T23:39:14.323Z016526940002950.1305891497732934','20230831T233914',2,'PC-Windows','2023-08-31 20:39:05',NULL,'2023-08-31 20:39:14.327472','2023-08-31 20:39:14.327472',5,NULL,NULL,''),(45,'VARIEDADE,QUALIDADE DOS PRODUTOS,CLIMA','','',0,NULL,NULL,'2023-08-31T23:39:14.323Z016526940002950.1305891497732934','20230831T233914',2,'PC-Windows','2023-08-31 20:39:05',NULL,'2023-08-31 20:39:14.328528','2023-08-31 20:39:14.328528',6,NULL,NULL,''),(46,'asdasdas','','',0,NULL,NULL,'2023-08-31T23:39:14.323Z016526940002950.1305891497732934','20230831T233914',2,'PC-Windows','2023-08-31 20:39:05',NULL,'2023-08-31 20:39:14.330049','2023-08-31 20:39:14.330049',7,NULL,NULL,''),(47,'ATENDIMENTO AO CLIENTE,HORTIFRUTI','','',0,NULL,NULL,'2023-08-31T23:39:25.124Z016526940002950.934757740611545','20230831T233925',2,'PC-Windows','2023-08-31 20:39:16',NULL,'2023-08-31 20:39:25.128275','2023-08-31 20:39:25.128275',5,NULL,NULL,''),(48,'QUALIDADE DOS PRODUTOS,VARIEDADE','','',0,NULL,NULL,'2023-08-31T23:39:25.124Z016526940002950.934757740611545','20230831T233925',2,'PC-Windows','2023-08-31 20:39:16',NULL,'2023-08-31 20:39:25.129157','2023-08-31 20:39:25.129157',6,NULL,NULL,''),(49,'asdasdsa','','',0,NULL,NULL,'2023-08-31T23:39:25.124Z016526940002950.934757740611545','20230831T233925',2,'PC-Windows','2023-08-31 20:39:16',NULL,'2023-08-31 20:39:25.130580','2023-08-31 20:39:25.130580',7,NULL,NULL,''),(50,'PADARIA,ATENDIMENTO AO CLIENTE','','',0,NULL,NULL,'2023-08-31T23:39:37.844Z016526940002950.47485569534216454','20230831T233937',3,'PC-Windows','2023-08-31 20:39:27','GABRIEL','2023-08-31 20:39:37.851847','2023-08-31 20:39:37.851847',5,NULL,NULL,''),(51,'ATENDIMENTO,LIMPEZA / HIGIENE','','',0,NULL,NULL,'2023-08-31T23:39:37.844Z016526940002950.47485569534216454','20230831T233937',3,'PC-Windows','2023-08-31 20:39:27','GABRIEL','2023-08-31 20:39:37.853054','2023-08-31 20:39:37.853054',6,NULL,NULL,''),(52,'ASDAS','','',0,NULL,NULL,'2023-08-31T23:39:37.844Z016526940002950.47485569534216454','20230831T233937',3,'PC-Windows','2023-08-31 20:39:27','GABRIEL','2023-08-31 20:39:37.854578','2023-08-31 20:39:37.854578',7,NULL,NULL,''),(53,'ATENDIMENTO AO CLIENTE,PADARIA,FRENTE DE CAIXA','','',0,NULL,NULL,'2023-08-31T23:39:50.862Z016526940002950.18351860622216343','20230831T233950',2,'PC-Windows','2023-08-31 20:39:40','GABRIEL','2023-08-31 20:39:50.866983','2023-08-31 20:39:50.866983',5,NULL,NULL,''),(54,'LIMPEZA / HIGIENE,ATENDIMENTO','','',0,NULL,NULL,'2023-08-31T23:39:50.862Z016526940002950.18351860622216343','20230831T233950',2,'PC-Windows','2023-08-31 20:39:40','GABRIEL','2023-08-31 20:39:50.867925','2023-08-31 20:39:50.867925',6,NULL,NULL,''),(55,'asdas','','',0,NULL,NULL,'2023-08-31T23:39:50.862Z016526940002950.18351860622216343','20230831T233950',2,'PC-Windows','2023-08-31 20:39:40','GABRIEL','2023-08-31 20:39:50.869220','2023-08-31 20:39:50.869220',7,NULL,NULL,''),(56,'ATENDIMENTO AO CLIENTE,FRENTE DE CAIXA','','',0,NULL,NULL,'2023-08-31T23:41:35.932Z016526940002950.6774435067841964','20230831T234135',4,'PC-Windows','2023-08-31 20:41:27',NULL,'2023-08-31 20:41:35.939877','2023-08-31 20:41:35.939877',5,NULL,NULL,''),(57,'VARIEDADE,QUALIDADE DOS PRODUTOS','','',0,NULL,NULL,'2023-08-31T23:41:35.932Z016526940002950.6774435067841964','20230831T234135',4,'PC-Windows','2023-08-31 20:41:27',NULL,'2023-08-31 20:41:35.940935','2023-08-31 20:41:35.940935',6,NULL,NULL,''),(58,'asdasdas','','',0,NULL,NULL,'2023-08-31T23:41:35.932Z016526940002950.6774435067841964','20230831T234135',4,'PC-Windows','2023-08-31 20:41:27',NULL,'2023-08-31 20:41:35.942709','2023-08-31 20:41:35.942709',7,NULL,NULL,''),(59,'GARAGEM,GERÊNCIA','MARCELO','(61) 9 8239-5892',1,NULL,NULL,'2023-08-31T23:44:36.175Z016526940002950.26870575198163116','20230831T234436',0,'PC-Windows','2023-08-31 20:44:14',NULL,'2023-08-31 20:44:36.182259','2023-08-31 20:44:36.182259',9,NULL,NULL,''),(60,'QUALIDADE DOS PRODUTOS,CLIMA','TIAGO','(61) 9 8239-5892',1,NULL,NULL,'2023-08-31T23:44:36.175Z016526940002950.26870575198163116','20230831T234436',0,'PC-Windows','2023-08-31 20:44:14',NULL,'2023-08-31 20:44:36.183345','2023-08-31 20:44:36.183345',10,NULL,NULL,''),(61,'asjdsadas','MARCOS','(61) 9 8239-5892',1,NULL,NULL,'2023-08-31T23:44:36.175Z016526940002950.26870575198163116','20230831T234436',0,'PC-Windows','2023-08-31 20:44:14',NULL,'2023-08-31 20:44:36.184423','2023-08-31 20:44:36.184423',11,NULL,NULL,''),(62,'MOTOS,QUALIDADE DOS PRODUTOS','PEDRO','(61) 9 8239-5892',1,NULL,NULL,'2023-08-31T23:45:31.324Z016526940002950.21950467818918848','20230831T234531',0,'PC-Windows','2023-08-31 20:45:09',NULL,'2023-08-31 20:45:31.333197','2023-08-31 20:45:31.333197',10,NULL,NULL,''),(63,'ATENDIMENTO AO CLIENTE','MARCELO','(61) 9 8239-5892',1,NULL,NULL,'2023-08-31T23:45:31.324Z016526940002950.21950467818918848','20230831T234531',0,'PC-Windows','2023-08-31 20:45:09',NULL,'2023-08-31 20:45:31.334067','2023-08-31 20:45:31.334067',5,NULL,NULL,''),(64,'QUALIDADE DOS PRODUTOS','JOÃO','(61) 9 8239-5892',1,NULL,NULL,'2023-08-31T23:45:31.324Z016526940002950.21950467818918848','20230831T234531',0,'PC-Windows','2023-08-31 20:45:09',NULL,'2023-08-31 20:45:31.335013','2023-08-31 20:45:31.335013',6,NULL,NULL,''),(65,'GERÊNCIA,ATENDIMENTO AO CLIENTE','DIOGO','(61) 9 8239-5892',1,NULL,NULL,'2023-08-31T23:45:52.167Z016526940002950.21675104750177703','20230831T234552',0,'PC-Windows','2023-08-31 20:45:29',NULL,'2023-08-31 20:45:52.174832','2023-08-31 20:45:52.174832',9,NULL,NULL,''),(66,'ATENDIMENTO AO CLIENTE,QUALIDADE DOS PRODUTOS','TIAGO','(61) 9 8239-5892',1,NULL,NULL,'2023-08-31T23:45:52.167Z016526940002950.21675104750177703','20230831T234552',0,'PC-Windows','2023-08-31 20:45:29',NULL,'2023-08-31 20:45:52.175869','2023-08-31 20:45:52.175869',6,NULL,NULL,''),(67,'PRODUTOS,QUALIDADE DOS PRODUTOS','MARCOS','(61) 9 8239-5892',1,NULL,NULL,'2023-08-31T23:45:52.167Z016526940002950.21675104750177703','20230831T234552',0,'PC-Windows','2023-08-31 20:45:29',NULL,'2023-08-31 20:45:52.176892','2023-08-31 20:45:52.176892',6,NULL,NULL,''),(68,'PADARIA,ATENDIMENTO AO CLIENTE','MARCELO','(61) 9 8239-5892',1,NULL,NULL,'2023-08-31T23:46:06.279Z016526940002950.4414524171395309','20230831T234606',0,'PC-Windows','2023-08-31 20:45:53',NULL,'2023-08-31 20:46:06.286532','2023-08-31 20:46:06.286532',5,NULL,NULL,''),(69,'sfdwef3w4','','',0,NULL,NULL,'2023-08-31T23:56:04.040Z016526940002950.03827304795940645','20230831T235604',3,'PC-Windows','2023-08-31 20:55:56',NULL,'2023-08-31 20:56:04.050651','2023-08-31 20:56:04.050651',7,NULL,NULL,''),(70,'AÇOUGUE,PADARIA','','',0,NULL,NULL,'2023-08-31T23:56:22.772Z016526940002950.6484104646191424','20230831T235622',2,'PC-Windows','2023-08-31 20:56:06','TIAGO','2023-08-31 20:56:22.775812','2023-09-28 22:41:23.287528',5,NULL,NULL,''),(71,'ATENDIMENTO','','',0,NULL,NULL,'2023-08-31T23:56:22.772Z016526940002950.6484104646191424','20230831T235622',2,'PC-Windows','2023-08-31 20:56:06','TIAGO','2023-08-31 20:56:22.776784','2023-09-28 22:41:23.287528',6,NULL,NULL,''),(72,'asdascc1','','',0,NULL,NULL,'2023-08-31T23:56:22.772Z016526940002950.6484104646191424','20230831T235622',2,'PC-Windows','2023-08-31 20:56:06','TIAGO','2023-08-31 20:56:22.778273','2023-09-28 22:41:23.287528',7,NULL,NULL,''),(73,'ATENDIMENTO AO CLIENTE,GERÊNCIA,GARAGEM','','',0,NULL,NULL,'2023-08-31T23:59:36.222Z016526940002950.7869638225609348','20230831T235936',4,'PC-Windows','2023-08-31 20:59:28',NULL,'2023-08-31 20:59:36.228868','2023-08-31 20:59:36.228868',5,NULL,NULL,''),(74,'VARIEDADE,QUALIDADE DOS PRODUTOS','','',0,NULL,NULL,'2023-08-31T23:59:36.222Z016526940002950.7869638225609348','20230831T235936',4,'PC-Windows','2023-08-31 20:59:28',NULL,'2023-08-31 20:59:36.229741','2023-08-31 20:59:36.229741',6,NULL,NULL,''),(75,'asacq2c1','','',0,NULL,NULL,'2023-08-31T23:59:36.222Z016526940002950.7869638225609348','20230831T235936',4,'PC-Windows','2023-08-31 20:59:28',NULL,'2023-08-31 20:59:36.231095','2023-08-31 20:59:36.231095',7,NULL,NULL,''),(76,'PADARIA,ATENDIMENTO AO CLIENTE','','',0,NULL,NULL,'2023-08-31T23:59:54.947Z016526940002950.3764881964259599','20230831T235954',4,'PC-Windows','2023-08-31 20:59:40','PEDRO','2023-08-31 20:59:54.951585','2023-09-28 22:39:27.625462',5,NULL,NULL,''),(77,'ATENDIMENTO,LIMPEZA / HIGIENE','','',0,NULL,NULL,'2023-08-31T23:59:54.947Z016526940002950.3764881964259599','20230831T235954',4,'PC-Windows','2023-08-31 20:59:40','PEDRO','2023-08-31 20:59:54.952596','2023-09-28 22:39:31.588510',6,NULL,NULL,''),(78,'ASC1313','','',0,NULL,NULL,'2023-08-31T23:59:54.947Z016526940002950.3764881964259599','20230831T235954',4,'PC-Windows','2023-08-31 20:59:40','PEDRO','2023-08-31 20:59:54.965232','2023-09-28 22:39:38.941871',7,NULL,NULL,''),(79,'HORTIFRUTI,ATENDIMENTO AO CLIENTE,GERÊNCIA','','',0,NULL,NULL,'2023-09-01T00:00:06.296Z016526940002950.8929233559330922','20230901T000006',3,'PC-Windows','2023-08-31 20:59:57',NULL,'2023-08-31 21:00:06.300703','2023-08-31 21:00:06.300703',5,NULL,NULL,''),(80,'QUALIDADE DOS PRODUTOS,LIMPEZA / HIGIENE','','',0,NULL,NULL,'2023-09-01T00:00:06.296Z016526940002950.8929233559330922','20230901T000006',3,'PC-Windows','2023-08-31 20:59:57',NULL,'2023-08-31 21:00:06.301704','2023-08-31 21:00:06.301704',6,NULL,NULL,''),(81,'AC123C23','','',0,NULL,NULL,'2023-09-01T00:00:06.296Z016526940002950.8929233559330922','20230901T000006',3,'PC-Windows','2023-08-31 20:59:57',NULL,'2023-08-31 21:00:06.303340','2023-08-31 21:00:06.303340',7,NULL,NULL,''),(82,'ATENDIMENTO AO CLIENTE,PADARIA','gabriel','(61) 9 8239-5892',1,NULL,NULL,'2023-09-01T00:04:51.690Z016526940002950.6716716462077992','20230901T000451',0,'PC-Windows','2023-08-31 21:04:30','DIEGO','2023-08-31 21:04:51.711572','2023-08-31 21:04:51.711572',9,NULL,NULL,''),(83,'ATENDIMENTO,LIMPEZA / HIGIENE','gabriel','(61) 9 8239-5892',1,NULL,NULL,'2023-09-01T00:04:51.690Z016526940002950.6716716462077992','20230901T000451',0,'PC-Windows','2023-08-31 21:04:30','DIEGO','2023-08-31 21:04:51.714462','2023-08-31 21:04:51.714462',10,NULL,NULL,''),(84,'acqcqwecw','gabriel','(61) 9 8239-5892',1,NULL,NULL,'2023-09-01T00:04:51.690Z016526940002950.6716716462077992','20230901T000451',0,'PC-Windows','2023-08-31 21:04:30','DIEGO','2023-08-31 21:04:51.715583','2023-08-31 21:04:51.715583',11,NULL,NULL,''),(85,'ATENDIMENTO AO CLIENTE,FRENTE DE CAIXA','','',0,NULL,NULL,'2023-09-01T02:31:17.197Z016526940002950.42108873019595483','20230901T023117',3,'mobile - iPhone','2023-08-31 23:31:06',NULL,'2023-08-31 23:31:17.216895','2023-08-31 23:31:17.216895',5,NULL,NULL,''),(86,'CLIMA,QUALIDADE DOS PRODUTOS,LIMPEZA / HIGIENE','','',0,NULL,NULL,'2023-09-01T02:31:17.197Z016526940002950.42108873019595483','20230901T023117',3,'mobile - iPhone','2023-08-31 23:31:06',NULL,'2023-08-31 23:31:17.218162','2023-08-31 23:31:17.218162',6,NULL,NULL,''),(87,'HAhah','','',0,NULL,NULL,'2023-09-01T02:31:17.197Z016526940002950.42108873019595483','20230901T023117',3,'mobile - iPhone','2023-08-31 23:31:06',NULL,'2023-08-31 23:31:17.220439','2023-08-31 23:31:17.220439',7,NULL,NULL,''),(88,'FRENTE DE CAIXA,GARAGEM,ATENDIMENTO AO CLIENTE','','',0,NULL,NULL,'2023-09-01T02:31:28.908Z016526940002950.7893399157985589','20230901T023128',2,'mobile - iPhone','2023-08-31 23:31:18',NULL,'2023-08-31 23:31:28.929994','2023-08-31 23:31:28.929994',5,NULL,NULL,''),(89,'QUALIDADE DOS PRODUTOS,VARIEDADE','','',0,NULL,NULL,'2023-09-01T02:31:28.908Z016526940002950.7893399157985589','20230901T023128',2,'mobile - iPhone','2023-08-31 23:31:18',NULL,'2023-08-31 23:31:28.931336','2023-08-31 23:31:28.931336',6,NULL,NULL,''),(90,'Ahahaha','','',0,NULL,NULL,'2023-09-01T02:31:28.908Z016526940002950.7893399157985589','20230901T023128',2,'mobile - iPhone','2023-08-31 23:31:18',NULL,'2023-08-31 23:31:28.933452','2023-08-31 23:31:28.933452',7,NULL,NULL,''),(91,'FRENTE DE CAIXA,ATENDIMENTO AO CLIENTE','Gabriel','(61) 9 8239-5892',1,NULL,NULL,'2023-09-01T02:32:35.175Z016526940002950.7594467377452591','20230901T023235',0,'mobile - iPhone','2023-08-31 23:32:03','PAULO','2023-08-31 23:32:35.194359','2023-09-28 22:43:11.191838',9,NULL,NULL,''),(92,'PROMOÇÕES,ATENDIMENTO','Gabriel','(61) 9 8239-5892',1,NULL,NULL,'2023-09-01T02:32:35.175Z016526940002950.7594467377452591','20230901T023235',0,'mobile - iPhone','2023-08-31 23:32:03','PAULO','2023-08-31 23:32:35.195465','2023-09-28 22:43:11.191838',10,NULL,NULL,''),(93,'Hahahahaha','Gabriel','(61) 9 8239-5892',1,NULL,NULL,'2023-09-01T02:32:35.175Z016526940002950.7594467377452591','20230901T023235',0,'mobile - iPhone','2023-08-31 23:32:03','PAULO','2023-08-31 23:32:35.196340','2023-09-28 22:43:11.191838',11,NULL,NULL,''),(94,'FRENTE DE CAIXA,ATENDIMENTO AO CLIENTE','','',0,NULL,NULL,'2023-09-01T02:39:30.513Z016526940002950.2801656608108618','20230901T023930',4,'mobile - iPhone','2023-08-31 23:39:19',NULL,'2023-08-31 23:39:30.540374','2023-08-31 23:39:30.540374',5,NULL,NULL,''),(95,'PREÇOS,VARIEDADE','','',0,NULL,NULL,'2023-09-01T02:39:30.513Z016526940002950.2801656608108618','20230901T023930',4,'mobile - iPhone','2023-08-31 23:39:19',NULL,'2023-08-31 23:39:30.541391','2023-08-31 23:39:30.541391',6,NULL,NULL,''),(96,'Hhaahhahaha','','',0,NULL,NULL,'2023-09-01T02:39:30.513Z016526940002950.2801656608108618','20230901T023930',4,'mobile - iPhone','2023-08-31 23:39:19',NULL,'2023-08-31 23:39:30.543039','2023-08-31 23:39:30.543039',7,NULL,NULL,''),(97,'ATENDIMENTO AO CLIENTE,DEPÓSITO,GERÊNCIA','','',0,NULL,NULL,'2023-09-01T02:39:58.211Z016526940002950.12466357809443351','20230901T023958',3,'mobile - iPhone','2023-08-31 23:39:32','MARIA','2023-08-31 23:39:58.265517','2023-09-28 22:41:53.996424',5,NULL,NULL,''),(98,'PROMOÇÕES,ATENDIMENTO','','',0,NULL,NULL,'2023-09-01T02:39:58.211Z016526940002950.12466357809443351','20230901T023958',3,'mobile - iPhone','2023-08-31 23:39:32','MARIA','2023-08-31 23:39:58.266551','2023-09-28 22:41:53.996424',6,NULL,NULL,''),(99,'Tudo muito bom','','',0,NULL,NULL,'2023-09-01T02:39:58.211Z016526940002950.12466357809443351','20230901T023958',3,'mobile - iPhone','2023-08-31 23:39:32','MARIA','2023-08-31 23:39:58.268282','2023-09-28 22:41:53.996424',7,NULL,NULL,''),(100,'ATENDIMENTO AO CLIENTE,FRENTE DE CAIXA','','',0,NULL,NULL,'2023-09-01T02:40:42.732Z016526940002950.28421307530027784','20230901T024042',4,'mobile - iPhone','2023-08-31 23:40:00','TIAGO','2023-08-31 23:40:42.753281','2023-09-28 22:41:23.287528',5,NULL,NULL,''),(101,'PROMOÇÕES,ATENDIMENTO','','',0,NULL,NULL,'2023-09-01T02:40:42.732Z016526940002950.28421307530027784','20230901T024042',4,'mobile - iPhone','2023-08-31 23:40:00','TIAGO','2023-08-31 23:40:42.754388','2023-09-28 22:41:23.287528',6,NULL,NULL,''),(102,'Não ','','',0,NULL,NULL,'2023-09-01T02:40:42.732Z016526940002950.28421307530027784','20230901T024042',4,'mobile - iPhone','2023-08-31 23:40:00','TIAGO','2023-08-31 23:40:42.756192','2023-09-28 22:41:23.287528',7,NULL,NULL,''),(103,'FRENTE DE CAIXA,DEPÓSITO,AÇOUGUE','','',0,NULL,NULL,'2023-09-01T02:41:10.387Z016526940002950.17575844685807473','20230901T024110',4,'mobile - iPhone','2023-08-31 23:40:54','LUIZA','2023-08-31 23:41:10.408017','2023-09-28 22:42:37.504792',5,NULL,NULL,''),(104,'VARIEDADE,ATENDIMENTO','','',0,NULL,NULL,'2023-09-01T02:41:10.387Z016526940002950.17575844685807473','20230901T024110',4,'mobile - iPhone','2023-08-31 23:40:54','LUIZA','2023-08-31 23:41:10.413224','2023-09-28 22:42:37.504792',6,NULL,NULL,''),(105,'Otimo','','',0,NULL,NULL,'2023-09-01T02:41:10.387Z016526940002950.17575844685807473','20230901T024110',4,'mobile - iPhone','2023-08-31 23:40:54','LUIZA','2023-08-31 23:41:10.421854','2023-09-28 22:42:37.504792',7,NULL,NULL,''),(106,'GERÊNCIA,DEPÓSITO','','',0,NULL,NULL,'2023-09-01T02:43:20.297Z016526940002950.45764414869924597','20230901T024320',4,'mobile - iPhone','2023-08-31 23:43:05','MARIA','2023-08-31 23:43:20.323161','2023-09-28 22:45:08.744103',5,NULL,NULL,''),(107,'PROMOÇÕES,ATENDIMENTO,VARIEDADE','','',0,NULL,NULL,'2023-09-01T02:43:20.297Z016526940002950.45764414869924597','20230901T024320',4,'mobile - iPhone','2023-08-31 23:43:05','MARIA','2023-08-31 23:43:20.324244','2023-09-28 22:45:08.744103',6,NULL,NULL,''),(108,'Hahahaha','','',0,NULL,NULL,'2023-09-01T02:43:20.297Z016526940002950.45764414869924597','20230901T024320',4,'mobile - iPhone','2023-08-31 23:43:05','MARIA','2023-08-31 23:43:20.325861','2023-09-28 22:45:08.744103',7,NULL,NULL,''),(109,'ATENDIMENTO AO CLIENTE,FRENTE DE CAIXA,GERÊNCIA','','',0,NULL,NULL,'2023-09-01T02:43:49.041Z016526940002950.4311201037909822','20230901T024349',3,'mobile - iPhone','2023-08-31 23:43:22','ANTONIO','2023-08-31 23:43:49.066650','2023-09-28 22:43:24.949625',5,NULL,NULL,''),(110,'PROMOÇÕES,ATENDIMENTO','','',0,NULL,NULL,'2023-09-01T02:43:49.041Z016526940002950.4311201037909822','20230901T024349',3,'mobile - iPhone','2023-08-31 23:43:22','ANTONIO','2023-08-31 23:43:49.067995','2023-09-28 22:43:24.949625',6,NULL,NULL,''),(111,'Tudo otimo','','',0,NULL,NULL,'2023-09-01T02:43:49.041Z016526940002950.4311201037909822','20230901T024349',3,'mobile - iPhone','2023-08-31 23:43:22','ANTONIO','2023-08-31 23:43:49.069598','2023-09-28 22:43:24.949625',7,NULL,NULL,''),(112,'ATENDIMENTO AO CLIENTE,GERÊNCIA,FRENTE DE CAIXA','Taynara','(61) 9 8239-5892',1,NULL,NULL,'2023-09-01T02:44:49.562Z016526940002950.32560812969013686','20230901T024449',1,'mobile - iPhone','2023-08-31 23:43:52','MARIA','2023-08-31 23:44:49.585720','2023-09-28 22:41:53.996424',9,NULL,NULL,''),(113,'PROMOÇÕES,VARIEDADE,QUALIDADE DOS PRODUTOS,ATENDIMENTO','Taynara','(61) 9 8239-5892',1,NULL,NULL,'2023-09-01T02:44:49.562Z016526940002950.32560812969013686','20230901T024449',1,'mobile - iPhone','2023-08-31 23:43:52','MARIA','2023-08-31 23:44:49.587401','2023-09-28 22:41:53.996424',10,NULL,NULL,''),(114,'Ridículo o gerente me humilhou','Taynara','(61) 9 8239-5892',1,NULL,NULL,'2023-09-01T02:44:49.562Z016526940002950.32560812969013686','20230901T024449',1,'mobile - iPhone','2023-08-31 23:43:52','MARIA','2023-08-31 23:44:49.588835','2023-09-28 22:41:53.996424',11,NULL,NULL,''),(115,'ATENDIMENTO AO CLIENTE,HORTIFRUTI,FRENTE DE CAIXA','Taynara','(61) 9 8239-5892',1,NULL,NULL,'2023-09-01T02:45:18.259Z016526940002950.025593669708650624','20230901T024518',0,'mobile - iPhone','2023-08-31 23:44:51',NULL,'2023-08-31 23:45:18.278737','2023-08-31 23:45:18.278737',9,NULL,NULL,''),(116,'LIMPEZA / HIGIENE,VARIEDADE,QUALIDADE DOS PRODUTOS','Taynara','(61) 9 8239-5892',1,NULL,NULL,'2023-09-01T02:45:18.259Z016526940002950.025593669708650624','20230901T024518',0,'mobile - iPhone','2023-08-31 23:44:51',NULL,'2023-08-31 23:45:18.283114','2023-08-31 23:45:18.283114',10,NULL,NULL,''),(117,'Horrível tudon','Taynara','(61) 9 8239-5892',1,NULL,NULL,'2023-09-01T02:45:18.259Z016526940002950.025593669708650624','20230901T024518',0,'mobile - iPhone','2023-08-31 23:44:51',NULL,'2023-08-31 23:45:18.287063','2023-08-31 23:45:18.287063',11,NULL,NULL,''),(118,'ATENDIMENTO AO CLIENTE,GERÊNCIA,DEPÓSITO','Maionese','(61) 9 8239-5892',1,NULL,NULL,'2023-09-01T02:46:01.852Z016526940002950.850504955567827','20230901T024601',0,'mobile - iPhone','2023-08-31 23:45:20','MARIA','2023-08-31 23:46:01.870155','2023-09-28 22:41:53.996424',9,NULL,NULL,''),(119,'ATENDIMENTO','Maionese','(61) 9 8239-5892',1,NULL,NULL,'2023-09-01T02:46:01.852Z016526940002950.850504955567827','20230901T024601',0,'mobile - iPhone','2023-08-31 23:45:20','MARIA','2023-08-31 23:46:01.871296','2023-09-28 22:41:53.996424',10,NULL,NULL,''),(120,'Amanhã eu vou','Maionese','(61) 9 8239-5892',1,NULL,NULL,'2023-09-01T02:46:01.852Z016526940002950.850504955567827','20230901T024601',0,'mobile - iPhone','2023-08-31 23:45:20','MARIA','2023-08-31 23:46:01.872244','2023-09-28 22:41:53.996424',11,NULL,NULL,''),(121,'GARAGEM,FRENTE DE CAIXA','','',0,NULL,NULL,'2023-09-01T02:46:25.298Z016526940002950.6806542620984796','20230901T024625',4,'mobile - iPhone','2023-08-31 23:46:05',NULL,'2023-08-31 23:46:25.350382','2023-08-31 23:46:25.350382',5,NULL,NULL,''),(122,'VARIEDADE,QUALIDADE DOS PRODUTOS','','',0,NULL,NULL,'2023-09-01T02:46:25.298Z016526940002950.6806542620984796','20230901T024625',4,'mobile - iPhone','2023-08-31 23:46:05',NULL,'2023-08-31 23:46:25.351193','2023-08-31 23:46:25.351193',6,NULL,NULL,''),(123,'Veja como foi ','','',0,NULL,NULL,'2023-09-01T02:46:25.298Z016526940002950.6806542620984796','20230901T024625',4,'mobile - iPhone','2023-08-31 23:46:05',NULL,'2023-08-31 23:46:25.352425','2023-08-31 23:46:25.352425',7,NULL,NULL,''),(124,'ATENDIMENTO AO CLIENTE,GERÊNCIA,GARAGEM','Gabriel','(61) 9 8239-5893',1,NULL,NULL,'2023-09-01T02:46:59.198Z016526940002950.21476186780283246','20230901T024659',0,'mobile - iPhone','2023-08-31 23:46:27','MARIA','2023-08-31 23:46:59.218724','2023-09-28 22:41:53.996424',9,NULL,NULL,''),(125,'PROMOÇÕES,VARIEDADE,ATENDIMENTO','Gabriel','(61) 9 8239-5893',1,NULL,NULL,'2023-09-01T02:46:59.198Z016526940002950.21476186780283246','20230901T024659',0,'mobile - iPhone','2023-08-31 23:46:27','MARIA','2023-08-31 23:46:59.222368','2023-09-28 22:41:53.996424',10,NULL,NULL,''),(126,'Teste teste ','Gabriel','(61) 9 8239-5893',1,NULL,NULL,'2023-09-01T02:46:59.198Z016526940002950.21476186780283246','20230901T024659',0,'mobile - iPhone','2023-08-31 23:46:27','MARIA','2023-08-31 23:46:59.223367','2023-09-28 22:41:53.996424',11,NULL,NULL,''),(127,'ATENDIMENTO AO CLIENTE,FRENTE DE CAIXA','Taynara','(61) 9 8239-5892',1,NULL,NULL,'2023-09-01T02:47:34.986Z016526940002950.47341242769346115','20230901T024734',0,'mobile - iPhone','2023-08-31 23:47:01','MARIA','2023-08-31 23:47:35.008494','2023-09-28 22:41:53.996424',9,NULL,NULL,''),(128,'VARIEDADE,QUALIDADE DOS PRODUTOS,CLIMA,ATENDIMENTO','Taynara','(61) 9 8239-5892',1,NULL,NULL,'2023-09-01T02:47:34.986Z016526940002950.47341242769346115','20230901T024734',0,'mobile - iPhone','2023-08-31 23:47:01','MARIA','2023-08-31 23:47:35.012620','2023-09-28 22:41:53.996424',10,NULL,NULL,''),(129,'Então foi tudo muito ruim','Taynara','(61) 9 8239-5892',1,NULL,NULL,'2023-09-01T02:47:34.986Z016526940002950.47341242769346115','20230901T024734',0,'mobile - iPhone','2023-08-31 23:47:01','MARIA','2023-08-31 23:47:35.016222','2023-09-28 22:41:53.996424',11,NULL,NULL,''),(130,'','','',0,NULL,NULL,'2023-09-01T02:47:42.340Z016526940002950.4154981094126403','20230901T024742',3,'mobile - iPhone','2023-08-31 23:47:39',NULL,'2023-08-31 23:47:42.375822','2023-08-31 23:47:42.375822',1,NULL,NULL,''),(131,'','','',0,NULL,NULL,'2023-09-01T02:47:47.197Z016526940002950.2870274949209384','20230901T024747',3,'mobile - iPhone','2023-08-31 23:47:44',NULL,'2023-08-31 23:47:47.214755','2023-08-31 23:47:47.214755',1,NULL,NULL,''),(132,'GARAGEM,FRENTE DE CAIXA','Gabriel','(61) 9 8239-5892',1,NULL,NULL,'2023-09-01T02:48:19.482Z016526940002950.6200202718587398','20230901T024819',1,'mobile - iPhone','2023-08-31 23:47:48','MARIA','2023-08-31 23:48:19.518402','2023-09-28 22:41:53.996424',9,NULL,NULL,''),(133,'VARIEDADE,ATENDIMENTO','Gabriel','(61) 9 8239-5892',1,NULL,NULL,'2023-09-01T02:48:19.482Z016526940002950.6200202718587398','20230901T024819',1,'mobile - iPhone','2023-08-31 23:47:48','MARIA','2023-08-31 23:48:19.519748','2023-09-28 22:41:53.996424',10,NULL,NULL,''),(134,'Não vai dar mais','Gabriel','(61) 9 8239-5892',1,NULL,NULL,'2023-09-01T02:48:19.482Z016526940002950.6200202718587398','20230901T024819',1,'mobile - iPhone','2023-08-31 23:47:48','MARIA','2023-08-31 23:48:19.520540','2023-09-28 22:41:53.996424',11,NULL,NULL,''),(135,'','','',0,NULL,NULL,'2023-09-01T02:48:29.397Z016526940002950.17419259828039535','20230901T024829',3,'mobile - iPhone','2023-08-31 23:48:26',NULL,'2023-08-31 23:48:29.415902','2023-08-31 23:48:29.415902',1,NULL,NULL,''),(136,'FRENTE DE CAIXA,GERÊNCIA','Paulo','(61) 9 8239-5892',1,NULL,NULL,'2023-09-01T02:48:59.855Z016526940002950.09016867561588882','20230901T024859',0,'mobile - iPhone','2023-08-31 23:48:31',NULL,'2023-08-31 23:48:59.879231','2023-08-31 23:48:59.879231',9,NULL,NULL,''),(137,'VARIEDADE,PROMOÇÕES','Paulo','(61) 9 8239-5892',1,NULL,NULL,'2023-09-01T02:48:59.855Z016526940002950.09016867561588882','20230901T024859',0,'mobile - iPhone','2023-08-31 23:48:31',NULL,'2023-08-31 23:48:59.880419','2023-08-31 23:48:59.880419',10,NULL,NULL,''),(138,'Não vai dar','Paulo','(61) 9 8239-5892',1,NULL,NULL,'2023-09-01T02:48:59.855Z016526940002950.09016867561588882','20230901T024859',0,'mobile - iPhone','2023-08-31 23:48:31',NULL,'2023-08-31 23:48:59.881527','2023-08-31 23:48:59.881527',11,NULL,NULL,''),(139,'ATENDIMENTO AO CLIENTE,GARAGEM','Leozin','(61) 9 9999-9999',1,NULL,NULL,'2023-09-01T02:50:36.473Z016526940002950.08194250357117028','20230901T025036',0,'mobile - iPhone','2023-08-31 23:50:07',NULL,'2023-08-31 23:50:36.493809','2023-08-31 23:50:36.493809',9,NULL,NULL,''),(140,'LIMPEZA / HIGIENE,VARIEDADE','Leozin','(61) 9 9999-9999',1,NULL,NULL,'2023-09-01T02:50:36.473Z016526940002950.08194250357117028','20230901T025036',0,'mobile - iPhone','2023-08-31 23:50:07',NULL,'2023-08-31 23:50:36.495817','2023-08-31 23:50:36.495817',10,NULL,NULL,''),(141,'Hoje tudo pode','Leozin','(61) 9 9999-9999',1,NULL,NULL,'2023-09-01T02:50:36.473Z016526940002950.08194250357117028','20230901T025036',0,'mobile - iPhone','2023-08-31 23:50:07',NULL,'2023-08-31 23:50:36.500200','2023-08-31 23:50:36.500200',11,NULL,NULL,''),(142,'','','',0,NULL,NULL,'2023-09-01T02:50:48.953Z016526940002950.9336371641944695','20230901T025048',4,'mobile - iPhone','2023-08-31 23:50:42',NULL,'2023-08-31 23:50:48.973477','2023-08-31 23:50:48.973477',1,NULL,NULL,''),(143,'FRENTE DE CAIXA,ATENDIMENTO AO CLIENTE,GERÊNCIA','Maionese','(99) 9 9999-9999',1,NULL,NULL,'2023-09-01T02:51:30.875Z016526940002950.34480545902059223','20230901T025130',0,'mobile - iPhone','2023-08-31 23:50:50','TIAGO','2023-08-31 23:51:30.896855','2023-09-28 22:41:23.287528',9,NULL,NULL,''),(144,'PROMOÇÕES,ATENDIMENTO,PREÇOS','Maionese','(99) 9 9999-9999',1,NULL,NULL,'2023-09-01T02:51:30.875Z016526940002950.34480545902059223','20230901T025130',0,'mobile - iPhone','2023-08-31 23:50:50','TIAGO','2023-08-31 23:51:30.898762','2023-09-28 22:41:23.287528',10,NULL,NULL,''),(145,'Teste teste ','Maionese','(99) 9 9999-9999',1,NULL,NULL,'2023-09-01T02:51:30.875Z016526940002950.34480545902059223','20230901T025130',0,'mobile - iPhone','2023-08-31 23:50:50','TIAGO','2023-08-31 23:51:30.899535','2023-09-28 22:41:23.287528',11,NULL,NULL,''),(146,'','','',0,NULL,NULL,'2023-09-01T02:51:38.362Z016526940002950.38178517477444496','20230901T025138',2,'mobile - iPhone','2023-08-31 23:51:36',NULL,'2023-08-31 23:51:38.385541','2023-08-31 23:51:38.385541',1,NULL,NULL,''),(147,'ATENDIMENTO AO CLIENTE,FRENTE DE CAIXA,GARAGEM,GERÊNCIA','','',0,NULL,NULL,'2023-09-01T02:51:50.881Z016526940002950.7393254877291036','20230901T025150',2,'mobile - iPhone','2023-08-31 23:51:39',NULL,'2023-08-31 23:51:50.904053','2023-08-31 23:51:50.904053',5,NULL,NULL,''),(148,'VARIEDADE,QUALIDADE DOS PRODUTOS,LIMPEZA / HIGIENE','','',0,NULL,NULL,'2023-09-01T02:51:50.881Z016526940002950.7393254877291036','20230901T025150',2,'mobile - iPhone','2023-08-31 23:51:39',NULL,'2023-08-31 23:51:50.908071','2023-08-31 23:51:50.908071',6,NULL,NULL,''),(149,'Hahaha','','',0,NULL,NULL,'2023-09-01T02:51:50.881Z016526940002950.7393254877291036','20230901T025150',2,'mobile - iPhone','2023-08-31 23:51:39',NULL,'2023-08-31 23:51:50.915598','2023-08-31 23:51:50.915598',7,NULL,NULL,''),(150,'','','',0,NULL,NULL,'2023-09-01T02:51:55.950Z016526940002950.24622678182889768','20230901T025155',4,'mobile - iPhone','2023-08-31 23:51:53',NULL,'2023-08-31 23:51:55.980903','2023-08-31 23:51:55.980903',1,NULL,NULL,''),(151,'GARAGEM,ATENDIMENTO AO CLIENTE,DEPÓSITO','Taynara','(61) 9 8239-5892',1,NULL,NULL,'2023-09-01T02:54:11.974Z016526940002950.3640379965001759','20230901T025411',1,'mobile - iPhone','2023-08-31 23:51:59','TIAGO','2023-08-31 23:54:11.999201','2023-09-28 22:41:23.287528',9,NULL,NULL,''),(152,'VARIEDADE,QUALIDADE DOS PRODUTOS,ATENDIMENTO','Taynara','(61) 9 8239-5892',1,NULL,NULL,'2023-09-01T02:54:11.974Z016526940002950.3640379965001759','20230901T025411',1,'mobile - iPhone','2023-08-31 23:51:59','TIAGO','2023-08-31 23:54:12.003734','2023-09-28 22:41:23.287528',10,NULL,NULL,''),(153,'Sim','Taynara','(61) 9 8239-5892',1,NULL,NULL,'2023-09-01T02:54:11.974Z016526940002950.3640379965001759','20230901T025411',1,'mobile - iPhone','2023-08-31 23:51:59','TIAGO','2023-08-31 23:54:12.007728','2023-09-28 22:41:23.287528',11,NULL,NULL,''),(154,'','','',0,NULL,NULL,'2023-09-01T02:56:45.323Z016526940002950.005625689779626297','20230901T025645',4,'mobile - iPhone','2023-08-31 23:56:42',NULL,'2023-08-31 23:56:45.347986','2023-08-31 23:56:45.347986',1,NULL,NULL,''),(155,'ATENDIMENTO AO CLIENTE,FRENTE DE CAIXA','','',0,NULL,NULL,'2023-09-01T02:57:12.637Z016526940002950.10642774154388135','20230901T025712',2,'mobile - iPhone','2023-08-31 23:56:46','TIAGO','2023-08-31 23:57:12.658614','2023-09-28 22:41:23.287528',5,NULL,NULL,''),(156,'VARIEDADE,QUALIDADE DOS PRODUTOS,ATENDIMENTO','','',0,NULL,NULL,'2023-09-01T02:57:12.637Z016526940002950.10642774154388135','20230901T025712',2,'mobile - iPhone','2023-08-31 23:56:46','TIAGO','2023-08-31 23:57:12.662286','2023-09-28 22:41:23.287528',6,NULL,NULL,''),(157,'VARIEDADE,QUALIDADE DOS PRODUTOS,ATENDIMENTO','','',0,NULL,NULL,'2023-09-01T02:57:12.637Z016526940002950.10642774154388135','20230901T025712',2,'mobile - iPhone','2023-08-31 23:56:46','TIAGO','2023-08-31 23:57:12.662286','2023-09-28 22:41:23.287528',6,NULL,NULL,''),(158,'Posso dar dicas','','',0,NULL,NULL,'2023-09-01T02:57:12.637Z016526940002950.10642774154388135','20230901T025712',2,'mobile - iPhone','2023-08-31 23:56:46','TIAGO','2023-08-31 23:57:12.669063','2023-09-28 22:41:23.287528',7,NULL,NULL,''),(159,'','','',0,NULL,NULL,'2023-09-01T02:57:32.544Z016526940002950.6294935230973316','20230901T025732',4,'mobile - iPhone','2023-08-31 23:57:30',NULL,'2023-08-31 23:57:32.570817','2023-08-31 23:57:32.570817',1,NULL,NULL,''),(160,'FRENTE DE CAIXA,GERÊNCIA,DEPÓSITO','','',0,NULL,NULL,'2023-09-01T02:58:42.931Z016526940002950.5712395407548906','20230901T025842',4,'mobile - iPhone','2023-08-31 23:57:55','TIAGO','2023-08-31 23:58:42.959755','2023-09-28 22:41:23.287528',5,NULL,NULL,''),(161,'VARIEDADE,ATENDIMENTO','','',0,NULL,NULL,'2023-09-01T02:58:42.931Z016526940002950.5712395407548906','20230901T025842',4,'mobile - iPhone','2023-08-31 23:57:55','TIAGO','2023-08-31 23:58:42.963534','2023-09-28 22:41:23.287528',6,NULL,NULL,''),(162,'Teste teste teste','','',0,NULL,NULL,'2023-09-01T02:58:42.931Z016526940002950.5712395407548906','20230901T025842',4,'mobile - iPhone','2023-08-31 23:57:55','TIAGO','2023-08-31 23:58:42.971016','2023-09-28 22:41:23.287528',7,NULL,NULL,''),(163,'GARAGEM,FRENTE DE CAIXA,ATENDIMENTO AO CLIENTE','','',0,NULL,NULL,'2023-09-01T02:59:10.624Z016526940002950.3256586982738289','20230901T025910',4,'mobile - iPhone','2023-08-31 23:58:46','TIAGO','2023-08-31 23:59:10.644864','2023-09-28 22:41:23.287528',5,NULL,NULL,''),(164,'VARIEDADE,PROMOÇÕES,ATENDIMENTO','','',0,NULL,NULL,'2023-09-01T02:59:10.624Z016526940002950.3256586982738289','20230901T025910',4,'mobile - iPhone','2023-08-31 23:58:46','TIAGO','2023-08-31 23:59:10.648842','2023-09-28 22:41:23.287528',6,NULL,NULL,''),(165,'Sim','','',0,NULL,NULL,'2023-09-01T02:59:10.624Z016526940002950.3256586982738289','20230901T025910',4,'mobile - iPhone','2023-08-31 23:58:46','TIAGO','2023-08-31 23:59:10.652585','2023-09-28 22:41:23.287528',7,NULL,NULL,''),(166,'ATENDIMENTO AO CLIENTE,FRENTE DE CAIXA,GERÊNCIA','Gabriel','(61) 9 8239-5892',1,NULL,NULL,'2023-09-01T03:01:21.587Z016526940002950.5058515137014065','20230901T030121',0,'mobile - iPhone','2023-09-01 00:00:56',NULL,'2023-09-01 00:01:21.612337','2023-09-01 00:01:21.612337',9,NULL,NULL,''),(167,'VARIEDADE,PROMOÇÕES,PREÇOS','Gabriel','(61) 9 8239-5892',1,NULL,NULL,'2023-09-01T03:01:21.587Z016526940002950.5058515137014065','20230901T030121',0,'mobile - iPhone','2023-09-01 00:00:56',NULL,'2023-09-01 00:01:21.616391','2023-09-01 00:01:21.616391',10,NULL,NULL,''),(168,'Teste teste ','Gabriel','(61) 9 8239-5892',1,NULL,NULL,'2023-09-01T03:01:21.587Z016526940002950.5058515137014065','20230901T030121',0,'mobile - iPhone','2023-09-01 00:00:56',NULL,'2023-09-01 00:01:21.620079','2023-09-01 00:01:21.620079',11,NULL,NULL,''),(169,'FRENTE DE CAIXA,ATENDIMENTO AO CLIENTE,GARAGEM','Gabriel','(61) 9 8239-5892',1,NULL,NULL,'2023-09-01T03:01:52.834Z016526940002950.8477704949777571','20230901T030152',1,'mobile - iPhone','2023-09-01 00:01:23',NULL,'2023-09-01 00:01:52.851391','2023-09-01 00:01:52.851391',9,NULL,NULL,''),(170,'VARIEDADE,QUALIDADE DOS PRODUTOS,PROMOÇÕES','Gabriel','(61) 9 8239-5892',1,NULL,NULL,'2023-09-01T03:01:52.834Z016526940002950.8477704949777571','20230901T030152',1,'mobile - iPhone','2023-09-01 00:01:23',NULL,'2023-09-01 00:01:52.852321','2023-09-01 00:01:52.852321',10,NULL,NULL,''),(171,'Imagina só','Gabriel','(61) 9 8239-5892',1,NULL,NULL,'2023-09-01T03:01:52.834Z016526940002950.8477704949777571','20230901T030152',1,'mobile - iPhone','2023-09-01 00:01:23',NULL,'2023-09-01 00:01:52.853075','2023-09-01 00:01:52.853075',11,NULL,NULL,''),(172,'GARAGEM,GERÊNCIA,DEPÓSITO,ATENDIMENTO AO CLIENTE','','',0,NULL,NULL,'2023-09-01T03:02:40.847Z016526940002950.5599387654105852','20230901T030240',4,'mobile - iPhone','2023-09-01 00:02:12','TIAGO','2023-09-01 00:02:40.863884','2023-09-28 22:41:23.287528',5,NULL,NULL,''),(173,'VARIEDADE,PROMOÇÕES,ATENDIMENTO','','',0,NULL,NULL,'2023-09-01T03:02:40.847Z016526940002950.5599387654105852','20230901T030240',4,'mobile - iPhone','2023-09-01 00:02:12','TIAGO','2023-09-01 00:02:40.866266','2023-09-28 22:41:23.287528',6,NULL,NULL,''),(174,'Teste teste','','',0,NULL,NULL,'2023-09-01T03:02:40.847Z016526940002950.5599387654105852','20230901T030240',4,'mobile - iPhone','2023-09-01 00:02:12','TIAGO','2023-09-01 00:02:40.871593','2023-09-28 22:41:23.287528',7,NULL,NULL,''),(175,'DEPÓSITO,ATENDIMENTO AO CLIENTE','Taynara','(61) 9 9201-0200',1,NULL,NULL,'2023-09-01T13:56:11.357Z016526940002950.8374715576094859','20230901T135611',0,'mobile - iPhone','2023-09-01 10:55:33','JOÃO','2023-09-01 10:56:11.375218','2023-09-28 22:44:58.532018',9,NULL,NULL,''),(176,'ATENDIMENTO','Taynara','(61) 9 9201-0200',1,NULL,NULL,'2023-09-01T13:56:11.357Z016526940002950.8374715576094859','20230901T135611',0,'mobile - iPhone','2023-09-01 10:55:33','JOÃO','2023-09-01 10:56:11.376351','2023-09-28 22:44:58.532018',10,NULL,NULL,''),(177,'Kkk','Taynara','(61) 9 9201-0200',1,NULL,NULL,'2023-09-01T13:56:11.357Z016526940002950.8374715576094859','20230901T135611',0,'mobile - iPhone','2023-09-01 10:55:33','JOÃO','2023-09-01 10:56:11.377134','2023-09-28 22:44:58.532018',11,NULL,NULL,''),(178,'ATENDIMENTO AO CLIENTE','Taynara','(61) 9 9201-0200',1,NULL,NULL,'2023-09-01T13:56:45.714Z016526940002950.6554376275580424','20230901T135645',1,'mobile - iPhone','2023-09-01 10:56:18','MARIA','2023-09-01 10:56:45.731664','2023-09-28 22:45:08.744103',9,NULL,NULL,''),(179,'ATENDIMENTO','Taynara','(61) 9 9201-0200',1,NULL,NULL,'2023-09-01T13:56:45.714Z016526940002950.6554376275580424','20230901T135645',1,'mobile - iPhone','2023-09-01 10:56:18','MARIA','2023-09-01 10:56:45.732599','2023-09-28 22:45:08.744103',10,NULL,NULL,''),(180,'Kkk','Taynara','(61) 9 9201-0200',1,NULL,NULL,'2023-09-01T13:56:45.714Z016526940002950.6554376275580424','20230901T135645',1,'mobile - iPhone','2023-09-01 10:56:18','MARIA','2023-09-01 10:56:45.733296','2023-09-28 22:45:08.744103',11,NULL,NULL,''),(181,'','','',0,NULL,NULL,'2023-09-01T13:56:54.801Z016526940002950.01046920728388745','20230901T135654',2,'mobile - iPhone','2023-09-01 10:56:53',NULL,'2023-09-01 10:56:54.818572','2023-09-01 10:56:54.818572',1,NULL,NULL,''),(182,'FRENTE DE CAIXA','','',0,NULL,NULL,'2023-09-01T13:57:16.909Z016526940002950.5685015936526714','20230901T135716',3,'mobile - iPhone','2023-09-01 10:56:59','JOAQUINA','2023-09-01 10:57:16.926443','2023-09-01 10:57:16.926443',5,NULL,NULL,''),(183,'ATENDIMENTO','','',0,NULL,NULL,'2023-09-01T13:57:16.909Z016526940002950.5685015936526714','20230901T135716',3,'mobile - iPhone','2023-09-01 10:56:59','JOAQUINA','2023-09-01 10:57:16.927685','2023-09-01 10:57:16.927685',6,NULL,NULL,''),(184,'Kkk','','',0,NULL,NULL,'2023-09-01T13:57:16.909Z016526940002950.5685015936526714','20230901T135716',3,'mobile - iPhone','2023-09-01 10:56:59','JOAQUINA','2023-09-01 10:57:16.929288','2023-09-01 10:57:16.929288',7,NULL,NULL,''),(185,'GERÊNCIA','','',0,NULL,NULL,'2023-09-01T13:57:37.741Z016526940002950.615669251644332','20230901T135737',4,'mobile - iPhone','2023-09-01 10:57:23',NULL,'2023-09-01 10:57:37.758535','2023-09-01 10:57:37.758535',5,NULL,NULL,''),(186,'VARIEDADE','','',0,NULL,NULL,'2023-09-01T13:57:37.741Z016526940002950.615669251644332','20230901T135737',4,'mobile - iPhone','2023-09-01 10:57:23',NULL,'2023-09-01 10:57:37.759506','2023-09-01 10:57:37.759506',6,NULL,NULL,''),(187,'Kkk','','',0,NULL,NULL,'2023-09-01T13:57:37.741Z016526940002950.615669251644332','20230901T135737',4,'mobile - iPhone','2023-09-01 10:57:23',NULL,'2023-09-01 10:57:37.761039','2023-09-01 10:57:37.761039',7,NULL,NULL,''),(188,'DEPÓSITO,ATENDIMENTO AO CLIENTE,HORTIFRUTI','Taynara','(61) 9 9201-0200',1,NULL,NULL,'2023-09-01T13:58:20.848Z016526940002950.6037018186707949','20230901T135820',0,'mobile - iPhone','2023-09-01 10:57:53',NULL,'2023-09-01 10:58:20.863423','2023-09-01 10:58:20.863423',9,NULL,NULL,''),(189,'LIMPEZA / HIGIENE','Taynara','(61) 9 9201-0200',1,NULL,NULL,'2023-09-01T13:58:20.848Z016526940002950.6037018186707949','20230901T135820',0,'mobile - iPhone','2023-09-01 10:57:53',NULL,'2023-09-01 10:58:20.864529','2023-09-01 10:58:20.864529',10,NULL,NULL,''),(190,'Kkk','Taynara','(61) 9 9201-0200',1,NULL,NULL,'2023-09-01T13:58:20.848Z016526940002950.6037018186707949','20230901T135820',0,'mobile - iPhone','2023-09-01 10:57:53',NULL,'2023-09-01 10:58:20.865317','2023-09-01 10:58:20.865317',11,NULL,NULL,''),(191,'ATENDIMENTO AO CLIENTE','Taynara','(00) 0 0000-0000',1,NULL,NULL,'2023-09-01T13:58:49.784Z016526940002950.8214974934339131','20230901T135849',1,'mobile - iPhone','2023-09-01 10:58:27',NULL,'2023-09-01 10:58:49.798337','2023-09-01 10:58:49.798337',9,NULL,NULL,''),(192,'VARIEDADE,CLIMA','Taynara','(00) 0 0000-0000',1,NULL,NULL,'2023-09-01T13:58:49.784Z016526940002950.8214974934339131','20230901T135849',1,'mobile - iPhone','2023-09-01 10:58:27',NULL,'2023-09-01 10:58:49.799319','2023-09-01 10:58:49.799319',10,NULL,NULL,''),(193,'Kkk','Taynara','(00) 0 0000-0000',1,NULL,NULL,'2023-09-01T13:58:49.784Z016526940002950.8214974934339131','20230901T135849',1,'mobile - iPhone','2023-09-01 10:58:27',NULL,'2023-09-01 10:58:49.800242','2023-09-01 10:58:49.800242',11,NULL,NULL,''),(194,'','','',0,NULL,NULL,'2023-09-01T13:58:57.986Z016526940002950.6444774641226844','20230901T135857',2,'mobile - iPhone','2023-09-01 10:58:56',NULL,'2023-09-01 10:58:58.004339','2023-09-01 10:58:58.004339',1,NULL,NULL,''),(195,'','','',0,NULL,NULL,'2023-09-01T13:59:03.842Z016526940002950.6034436114169215','20230901T135903',3,'mobile - iPhone','2023-09-01 10:59:02',NULL,'2023-09-01 10:59:03.860404','2023-09-01 10:59:03.860404',1,NULL,NULL,''),(196,'','','',0,NULL,NULL,'2023-09-01T13:59:09.481Z016526940002950.21574281144160312','20230901T135909',4,'mobile - iPhone','2023-09-01 10:59:08',NULL,'2023-09-01 10:59:09.500359','2023-09-01 10:59:09.500359',1,NULL,NULL,''),(197,'GARAGEM,HORTIFRUTI,AÇOUGUE','Taynara','(00) 0 0000-0000',1,NULL,NULL,'2023-09-01T13:59:39.385Z016526940002950.7401703944884991','20230901T135939',0,'mobile - iPhone','2023-09-01 10:59:12','JOSÉ','2023-09-01 10:59:39.406733','2023-09-28 22:42:56.917113',9,NULL,NULL,''),(198,'ATENDIMENTO','Taynara','(00) 0 0000-0000',1,NULL,NULL,'2023-09-01T13:59:39.385Z016526940002950.7401703944884991','20230901T135939',0,'mobile - iPhone','2023-09-01 10:59:12','JOSÉ','2023-09-01 10:59:39.407744','2023-09-28 22:42:56.917113',10,NULL,NULL,''),(199,'Kkk','Taynara','(00) 0 0000-0000',1,NULL,NULL,'2023-09-01T13:59:39.385Z016526940002950.7401703944884991','20230901T135939',0,'mobile - iPhone','2023-09-01 10:59:12','JOSÉ','2023-09-01 10:59:39.408544','2023-09-28 22:42:56.917113',11,NULL,NULL,''),(200,'','','',0,NULL,NULL,'2023-09-01T13:59:46.893Z016526940002950.1695244027042686','20230901T135946',4,'mobile - iPhone','2023-09-01 10:59:45',NULL,'2023-09-01 10:59:46.917673','2023-09-01 10:59:46.917673',1,NULL,NULL,''),(201,'DEPÓSITO,ATENDIMENTO AO CLIENTE','Taynara','(00) 0 0000-0000',1,NULL,NULL,'2023-09-01T14:00:12.219Z016526940002950.11757139724671395','20230901T140012',0,'mobile - iPhone','2023-09-01 10:59:50',NULL,'2023-09-01 11:00:12.233486','2023-09-01 11:00:12.233486',9,NULL,NULL,''),(202,'QUALIDADE DOS PRODUTOS','Taynara','(00) 0 0000-0000',1,NULL,NULL,'2023-09-01T14:00:12.219Z016526940002950.11757139724671395','20230901T140012',0,'mobile - iPhone','2023-09-01 10:59:50',NULL,'2023-09-01 11:00:12.234476','2023-09-01 11:00:12.234476',10,NULL,NULL,''),(203,'Kkkk','Taynara','(00) 0 0000-0000',1,NULL,NULL,'2023-09-01T14:00:12.219Z016526940002950.11757139724671395','20230901T140012',0,'mobile - iPhone','2023-09-01 10:59:50',NULL,'2023-09-01 11:00:12.235258','2023-09-01 11:00:12.235258',11,NULL,NULL,''),(204,'FRENTE DE CAIXA','Taynara','(00) 0 0000-0000',1,NULL,NULL,'2023-09-01T14:00:42.311Z016526940002950.47209679104006663','20230901T140042',1,'mobile - iPhone','2023-09-01 11:00:20',NULL,'2023-09-01 11:00:42.328298','2023-09-01 11:00:42.328298',9,NULL,NULL,''),(205,'VARIEDADE','Taynara','(00) 0 0000-0000',1,NULL,NULL,'2023-09-01T14:00:42.311Z016526940002950.47209679104006663','20230901T140042',1,'mobile - iPhone','2023-09-01 11:00:20',NULL,'2023-09-01 11:00:42.329325','2023-09-01 11:00:42.329325',10,NULL,NULL,''),(206,'Kkk','Taynara','(00) 0 0000-0000',1,NULL,NULL,'2023-09-01T14:00:42.311Z016526940002950.47209679104006663','20230901T140042',1,'mobile - iPhone','2023-09-01 11:00:20',NULL,'2023-09-01 11:00:42.330305','2023-09-01 11:00:42.330305',11,NULL,NULL,''),(207,'','','',0,NULL,NULL,'2023-09-01T14:00:51.825Z016526940002950.3456249176278784','20230901T140051',2,'mobile - iPhone','2023-09-01 11:00:50',NULL,'2023-09-01 11:00:51.843311','2023-09-01 11:00:51.843311',1,NULL,NULL,''),(208,'','','',0,NULL,NULL,'2023-09-01T14:00:57.159Z016526940002950.5882794291589223','20230901T140057',3,'mobile - iPhone','2023-09-01 11:00:56',NULL,'2023-09-01 11:00:57.179491','2023-09-01 11:00:57.179491',1,NULL,NULL,''),(209,'','','',0,NULL,NULL,'2023-09-01T14:01:03.720Z016526940002950.8070054102572385','20230901T140103',4,'mobile - iPhone','2023-09-01 11:01:00',NULL,'2023-09-01 11:01:03.751170','2023-09-01 11:01:03.751170',1,NULL,NULL,''),(210,'AÇOUGUE,PADARIA','Taynara','(00) 0 0000-0000',1,NULL,NULL,'2023-09-01T14:01:29.347Z016526940002950.696231636251721','20230901T140129',0,'mobile - iPhone','2023-09-01 11:01:10',NULL,'2023-09-01 11:01:29.365844','2023-09-01 11:01:29.365844',9,NULL,NULL,''),(211,'PREÇOS','Taynara','(00) 0 0000-0000',1,NULL,NULL,'2023-09-01T14:01:29.347Z016526940002950.696231636251721','20230901T140129',0,'mobile - iPhone','2023-09-01 11:01:10',NULL,'2023-09-01 11:01:29.370023','2023-09-01 11:01:29.370023',10,NULL,NULL,''),(212,'Kkkk','Taynara','(00) 0 0000-0000',1,NULL,NULL,'2023-09-01T14:01:29.347Z016526940002950.696231636251721','20230901T140129',0,'mobile - iPhone','2023-09-01 11:01:10',NULL,'2023-09-01 11:01:29.373361','2023-09-01 11:01:29.373361',11,NULL,NULL,''),(213,'','','',0,NULL,NULL,'2023-09-01T14:01:41.208Z016526940002950.40781731639418617','20230901T140141',3,'mobile - iPhone','2023-09-01 11:01:40',NULL,'2023-09-01 11:01:41.224426','2023-09-01 11:01:41.224426',1,NULL,NULL,''),(214,'','','',0,NULL,NULL,'2023-09-01T14:01:45.747Z016526940002950.7383812586674071','20230901T140145',4,'mobile - iPhone','2023-09-01 11:01:44',NULL,'2023-09-01 11:01:45.765919','2023-09-01 11:01:45.765919',1,NULL,NULL,''),(215,'HORTIFRUTI','Taynara','(00) 0 0000-0000',1,NULL,NULL,'2023-09-01T14:02:08.246Z016526940002950.7842978034153943','20230901T140208',0,'mobile - iPhone','2023-09-01 11:01:48',NULL,'2023-09-01 11:02:08.265688','2023-09-01 11:02:08.265688',9,NULL,NULL,''),(216,'VARIEDADE','Taynara','(00) 0 0000-0000',1,NULL,NULL,'2023-09-01T14:02:08.246Z016526940002950.7842978034153943','20230901T140208',0,'mobile - iPhone','2023-09-01 11:01:48',NULL,'2023-09-01 11:02:08.266619','2023-09-01 11:02:08.266619',10,NULL,NULL,''),(217,'Kkkk','Taynara','(00) 0 0000-0000',1,NULL,NULL,'2023-09-01T14:02:08.246Z016526940002950.7842978034153943','20230901T140208',0,'mobile - iPhone','2023-09-01 11:01:48',NULL,'2023-09-01 11:02:08.267454','2023-09-01 11:02:08.267454',11,NULL,NULL,''),(218,'ATENDIMENTO AO CLIENTE,HORTIFRUTI','Taynara','(00) 0 0000-0000',1,NULL,NULL,'2023-09-01T14:02:31.898Z016526940002950.4843008722821601','20230901T140231',1,'mobile - iPhone','2023-09-01 11:02:10',NULL,'2023-09-01 11:02:31.917226','2023-09-01 11:02:31.917226',9,NULL,NULL,''),(219,'LIMPEZA / HIGIENE,CLIMA,VARIEDADE','Taynara','(00) 0 0000-0000',1,NULL,NULL,'2023-09-01T14:02:31.898Z016526940002950.4843008722821601','20230901T140231',1,'mobile - iPhone','2023-09-01 11:02:10',NULL,'2023-09-01 11:02:31.918164','2023-09-01 11:02:31.918164',10,NULL,NULL,''),(220,'Kkkk','Taynara','(00) 0 0000-0000',1,NULL,NULL,'2023-09-01T14:02:31.898Z016526940002950.4843008722821601','20230901T140231',1,'mobile - iPhone','2023-09-01 11:02:10',NULL,'2023-09-01 11:02:31.918946','2023-09-01 11:02:31.918946',11,NULL,NULL,''),(221,'HORTIFRUTI,ATENDIMENTO AO CLIENTE,GERÊNCIA','','',0,NULL,NULL,'2023-09-01T14:03:06.624Z016526940002950.7763526108243053','20230901T140306',2,'mobile - iPhone','2023-09-01 11:02:41','JUNIOR','2023-09-01 11:03:06.647266','2023-09-01 11:03:06.647266',5,NULL,NULL,''),(222,'VARIEDADE,CLIMA,PREÇOS,PROMOÇÕES,ATENDIMENTO','','',0,NULL,NULL,'2023-09-01T14:03:06.624Z016526940002950.7763526108243053','20230901T140306',2,'mobile - iPhone','2023-09-01 11:02:41','JUNIOR','2023-09-01 11:03:06.648227','2023-09-01 11:03:06.648227',6,NULL,NULL,''),(223,'Kkkk','','',0,NULL,NULL,'2023-09-01T14:03:06.624Z016526940002950.7763526108243053','20230901T140306',2,'mobile - iPhone','2023-09-01 11:02:41','JUNIOR','2023-09-01 11:03:06.649830','2023-09-01 11:03:06.649830',7,NULL,NULL,''),(224,'','','',0,NULL,NULL,'2023-09-01T14:03:12.059Z016526940002950.24921900921172413','20230901T140312',3,'mobile - iPhone','2023-09-01 11:03:10',NULL,'2023-09-01 11:03:12.084618','2023-09-01 11:03:12.084618',1,NULL,NULL,''),(225,'','','',0,NULL,NULL,'2023-09-01T14:03:17.264Z016526940002950.7438784508239857','20230901T140317',4,'mobile - iPhone','2023-09-01 11:03:15',NULL,'2023-09-01 11:03:17.285118','2023-09-01 11:03:17.285118',1,NULL,NULL,''),(226,'GARAGEM,FRENTE DE CAIXA,ATENDIMENTO AO CLIENTE','Taynara','(00) 0 0000-00000',1,NULL,NULL,'2023-09-01T14:03:39.807Z016526940002950.9123372482439671','20230901T140339',0,'mobile - iPhone','2023-09-01 11:03:20',NULL,'2023-09-01 11:03:39.822773','2023-09-01 11:03:39.822773',9,NULL,NULL,''),(227,'LIMPEZA / HIGIENE,VARIEDADE,QUALIDADE DOS PRODUTOS','Taynara','(00) 0 0000-00000',1,NULL,NULL,'2023-09-01T14:03:39.807Z016526940002950.9123372482439671','20230901T140339',0,'mobile - iPhone','2023-09-01 11:03:20',NULL,'2023-09-01 11:03:39.823698','2023-09-01 11:03:39.823698',10,NULL,NULL,''),(228,'Kkkk','Taynara','(00) 0 0000-00000',1,NULL,NULL,'2023-09-01T14:03:39.807Z016526940002950.9123372482439671','20230901T140339',0,'mobile - iPhone','2023-09-01 11:03:20',NULL,'2023-09-01 11:03:39.824450','2023-09-01 11:03:39.824450',11,NULL,NULL,''),(229,'','','',0,NULL,NULL,'2023-09-01T14:03:45.491Z016526940002950.5610475887662336','20230901T140345',2,'mobile - iPhone','2023-09-01 11:03:44',NULL,'2023-09-01 11:03:45.506535','2023-09-01 11:03:45.506535',1,NULL,NULL,''),(230,'','','',0,NULL,NULL,'2023-09-01T14:03:54.814Z016526940002950.7304618298101001','20230901T140354',4,'mobile - iPhone','2023-09-01 11:03:53',NULL,'2023-09-01 11:03:54.830049','2023-09-01 11:03:54.830049',1,NULL,NULL,''),(231,'FRENTE DE CAIXA','Taynara','(00) 0 0000-0000',1,NULL,NULL,'2023-09-01T14:04:23.031Z016526940002950.42675533055143977','20230901T140423',0,'mobile - iPhone','2023-09-01 11:03:58','JULIANA','2023-09-01 11:04:23.048509','2023-09-01 11:04:23.048509',9,NULL,NULL,''),(232,'ATENDIMENTO','Taynara','(00) 0 0000-0000',1,NULL,NULL,'2023-09-01T14:04:23.031Z016526940002950.42675533055143977','20230901T140423',0,'mobile - iPhone','2023-09-01 11:03:58','JULIANA','2023-09-01 11:04:23.049510','2023-09-01 11:04:23.049510',10,NULL,NULL,''),(233,'Kkkk','Taynara','(00) 0 0000-0000',1,NULL,NULL,'2023-09-01T14:04:23.031Z016526940002950.42675533055143977','20230901T140423',0,'mobile - iPhone','2023-09-01 11:03:58','JULIANA','2023-09-01 11:04:23.050304','2023-09-01 11:04:23.050304',11,NULL,NULL,''),(234,'','','',0,NULL,NULL,'2023-09-01T14:04:28.940Z016526940002950.05021998279886697','20230901T140428',3,'mobile - iPhone','2023-09-01 11:04:27',NULL,'2023-09-01 11:04:28.960930','2023-09-01 11:04:28.960930',1,NULL,NULL,''),(235,'','','',0,NULL,NULL,'2023-09-01T14:04:34.179Z016526940002950.272156281197685','20230901T140434',4,'mobile - iPhone','2023-09-01 11:04:33',NULL,'2023-09-01 11:04:34.195055','2023-09-01 11:04:34.195055',1,NULL,NULL,''),(236,'','','',0,NULL,NULL,'2023-09-01T14:04:37.890Z016526940002950.1386408292919291','20230901T140437',2,'mobile - iPhone','2023-09-01 11:04:36',NULL,'2023-09-01 11:04:37.905535','2023-09-01 11:04:37.905535',1,NULL,NULL,''),(237,'','','',0,NULL,NULL,'2023-09-01T14:04:45.045Z016526940002950.9202523202438668','20230901T140445',3,'mobile - iPhone','2023-09-01 11:04:43',NULL,'2023-09-01 11:04:45.063705','2023-09-01 11:04:45.063705',1,NULL,NULL,''),(238,'','','',0,NULL,NULL,'2023-09-01T14:04:50.308Z016526940002950.04943385204571582','20230901T140450',4,'mobile - iPhone','2023-09-01 11:04:49',NULL,'2023-09-01 11:04:50.327571','2023-09-01 11:04:50.327571',1,NULL,NULL,''),(239,'','','',0,NULL,NULL,'2023-09-01T14:04:55.956Z016526940002950.24019611869432','20230901T140455',3,'mobile - iPhone','2023-09-01 11:04:54',NULL,'2023-09-01 11:04:55.974026','2023-09-01 11:04:55.974026',1,NULL,NULL,''),(240,'','','',0,NULL,NULL,'2023-09-01T14:05:06.157Z016526940002950.1627078174847928','20230901T140506',3,'mobile - iPhone','2023-09-01 11:05:05',NULL,'2023-09-01 11:05:06.177039','2023-09-01 11:05:06.177039',1,NULL,NULL,''),(241,'','','',0,NULL,NULL,'2023-09-01T14:05:10.817Z016526940002950.366892352008234','20230901T140510',4,'mobile - iPhone','2023-09-01 11:05:09',NULL,'2023-09-01 11:05:10.830519','2023-09-01 11:05:10.830519',1,NULL,NULL,''),(242,'','','',0,NULL,NULL,'2023-09-01T14:05:16.131Z016526940002950.8595202154993097','20230901T140516',3,'mobile - iPhone','2023-09-01 11:05:15',NULL,'2023-09-01 11:05:16.148094','2023-09-01 11:05:16.148094',1,NULL,NULL,''),(243,'','','',0,NULL,NULL,'2023-09-01T14:05:21.649Z016526940002950.2141657020705029','20230901T140521',4,'mobile - iPhone','2023-09-01 11:05:20',NULL,'2023-09-01 11:05:21.668767','2023-09-01 11:05:21.668767',1,NULL,NULL,''),(244,'','','',0,NULL,NULL,'2023-09-01T14:05:26.944Z016526940002950.947408548542462','20230901T140526',2,'mobile - iPhone','2023-09-01 11:05:26',NULL,'2023-09-01 11:05:26.964535','2023-09-01 11:05:26.964535',1,NULL,NULL,''),(245,'','','',0,NULL,NULL,'2023-09-01T14:05:33.019Z016526940002950.5545900606583306','20230901T140533',2,'mobile - iPhone','2023-09-01 11:05:32',NULL,'2023-09-01 11:05:33.037818','2023-09-01 11:05:33.037818',1,NULL,NULL,''),(246,'','','',0,NULL,NULL,'2023-09-01T14:05:38.369Z016526940002950.6441727866426499','20230901T140538',3,'mobile - iPhone','2023-09-01 11:05:37',NULL,'2023-09-01 11:05:38.390219','2023-09-01 11:05:38.390219',1,NULL,NULL,''),(247,'','','',0,NULL,NULL,'2023-09-01T14:05:42.579Z016526940002950.7394618475961426','20230901T140542',4,'mobile - iPhone','2023-09-01 11:05:41',NULL,'2023-09-01 11:05:42.597246','2023-09-01 11:05:42.597246',1,NULL,NULL,''),(248,'','','',0,NULL,NULL,'2023-09-01T14:05:48.773Z016526940002950.1309757758596959','20230901T140548',2,'mobile - iPhone','2023-09-01 11:05:46',NULL,'2023-09-01 11:05:48.795026','2023-09-01 11:05:48.795026',1,NULL,NULL,''),(249,'','','',0,NULL,NULL,'2023-09-01T14:05:54.924Z016526940002950.42753248735538973','20230901T140554',3,'mobile - iPhone','2023-09-01 11:05:53',NULL,'2023-09-01 11:05:54.945340','2023-09-01 11:05:54.945340',1,NULL,NULL,''),(250,'','','',0,NULL,NULL,'2023-09-01T14:06:09.381Z016526940002950.1777284424878619','20230901T140609',4,'mobile - iPhone','2023-09-01 11:06:07',NULL,'2023-09-01 11:06:09.399931','2023-09-01 11:06:09.399931',1,NULL,NULL,''),(251,'','','',0,NULL,NULL,'2023-09-01T14:06:14.056Z016526940002950.2300268538459762','20230901T140614',3,'mobile - iPhone','2023-09-01 11:06:12',NULL,'2023-09-01 11:06:14.071798','2023-09-01 11:06:14.071798',1,NULL,NULL,''),(252,'DEPÓSITO,ATENDIMENTO AO CLIENTE,HORTIFRUTI','Taynara','(00) 0 0000-0000',1,NULL,NULL,'2023-09-01T14:07:08.922Z016526940002950.933367750433307','20230901T140708',1,'mobile - iPhone','2023-09-01 11:06:17','MARIA','2023-09-01 11:07:08.944197','2023-09-28 22:45:44.889895',9,NULL,NULL,''),(253,'ATENDIMENTO,PROMOÇÕES,VARIEDADE,LIMPEZA / HIGIENE','Taynara','(00) 0 0000-0000',1,NULL,NULL,'2023-09-01T14:07:08.922Z016526940002950.933367750433307','20230901T140708',1,'mobile - iPhone','2023-09-01 11:06:17','MARIA','2023-09-01 11:07:08.945134','2023-09-28 22:45:44.889895',10,NULL,NULL,''),(254,'Kk','Taynara','(00) 0 0000-0000',1,NULL,NULL,'2023-09-01T14:07:08.922Z016526940002950.933367750433307','20230901T140708',1,'mobile - iPhone','2023-09-01 11:06:17','MARIA','2023-09-01 11:07:08.946087','2023-09-28 22:45:44.889895',11,NULL,NULL,''),(255,'PADARIA','Taynara','(00) 0 0000-0000',1,NULL,NULL,'2023-09-01T14:07:31.747Z016526940002950.13271624969026952','20230901T140731',1,'mobile - iPhone','2023-09-01 11:07:13',NULL,'2023-09-01 11:07:31.764275','2023-09-01 11:07:31.764275',9,NULL,NULL,''),(256,'VARIEDADE','Taynara','(00) 0 0000-0000',1,NULL,NULL,'2023-09-01T14:07:31.747Z016526940002950.13271624969026952','20230901T140731',1,'mobile - iPhone','2023-09-01 11:07:13',NULL,'2023-09-01 11:07:31.765177','2023-09-01 11:07:31.765177',10,NULL,NULL,''),(257,'Kkkk','Taynara','(00) 0 0000-0000',1,NULL,NULL,'2023-09-01T14:07:31.747Z016526940002950.13271624969026952','20230901T140731',1,'mobile - iPhone','2023-09-01 11:07:13',NULL,'2023-09-01 11:07:31.766028','2023-09-01 11:07:31.766028',11,NULL,NULL,''),(258,'','','',0,NULL,NULL,'2023-09-01T14:07:36.825Z016526940002950.1407204549269866','20230901T140736',2,'mobile - iPhone','2023-09-01 11:07:35',NULL,'2023-09-01 11:07:36.843340','2023-09-01 11:07:36.843340',1,NULL,NULL,''),(259,'','','',0,NULL,NULL,'2023-09-01T14:07:43.434Z016526940002950.01359372883888521','20230901T140743',3,'mobile - iPhone','2023-09-01 11:07:41',NULL,'2023-09-01 11:07:43.456897','2023-09-01 11:07:43.456897',1,NULL,NULL,''),(260,'','','',0,NULL,NULL,'2023-09-01T14:07:48.078Z016526940002950.5801431152331854','20230901T140748',4,'mobile - iPhone','2023-09-01 11:07:46',NULL,'2023-09-01 11:07:48.094007','2023-09-01 11:07:48.094007',1,NULL,NULL,''),(261,'FRENTE DE CAIXA','Taynara','(00) 0 0000-0000',1,NULL,NULL,'2023-09-01T14:23:17.385Z016526940002950.8754017307335277','20230901T142317',0,'mobile - iPhone','2023-09-01 11:22:52',NULL,'2023-09-01 11:23:17.405509','2023-09-01 11:23:17.405509',9,NULL,NULL,''),(262,'LIMPEZA / HIGIENE','Taynara','(00) 0 0000-0000',1,NULL,NULL,'2023-09-01T14:23:17.385Z016526940002950.8754017307335277','20230901T142317',0,'mobile - iPhone','2023-09-01 11:22:52',NULL,'2023-09-01 11:23:17.406595','2023-09-01 11:23:17.406595',10,NULL,NULL,''),(263,'Kkkk','Taynara','(00) 0 0000-0000',1,NULL,NULL,'2023-09-01T14:23:17.385Z016526940002950.8754017307335277','20230901T142317',0,'mobile - iPhone','2023-09-01 11:22:52',NULL,'2023-09-01 11:23:17.407411','2023-09-01 11:23:17.407411',11,NULL,NULL,''),(264,'DEPÓSITO','Taynara','(00) 0 0000-0000',1,NULL,NULL,'2023-09-01T14:23:41.516Z016526940002950.577104273204642','20230901T142341',1,'mobile - iPhone','2023-09-01 11:23:21',NULL,'2023-09-01 11:23:41.530961','2023-09-01 11:23:41.530961',9,NULL,NULL,''),(265,'LIMPEZA / HIGIENE','Taynara','(00) 0 0000-0000',1,NULL,NULL,'2023-09-01T14:23:41.516Z016526940002950.577104273204642','20230901T142341',1,'mobile - iPhone','2023-09-01 11:23:21',NULL,'2023-09-01 11:23:41.531880','2023-09-01 11:23:41.531880',10,NULL,NULL,''),(266,'Kkkk','Taynara','(00) 0 0000-0000',1,NULL,NULL,'2023-09-01T14:23:41.516Z016526940002950.577104273204642','20230901T142341',1,'mobile - iPhone','2023-09-01 11:23:21',NULL,'2023-09-01 11:23:41.532601','2023-09-01 11:23:41.532601',11,NULL,NULL,''),(267,'','','',0,NULL,NULL,'2023-09-01T14:23:47.714Z016526940002950.807890612485022','20230901T142347',2,'mobile - iPhone','2023-09-01 11:23:46',NULL,'2023-09-01 11:23:47.735230','2023-09-01 11:23:47.735230',1,NULL,NULL,''),(268,'','','',0,NULL,NULL,'2023-09-01T14:23:55.157Z016526940002950.2757419316555213','20230901T142355',3,'mobile - iPhone','2023-09-01 11:23:54',NULL,'2023-09-01 11:23:55.176284','2023-09-01 11:23:55.176284',1,NULL,NULL,''),(269,'','','',0,NULL,NULL,'2023-09-01T14:24:00.743Z016526940002950.1370149797266852','20230901T142400',4,'mobile - iPhone','2023-09-01 11:23:59',NULL,'2023-09-01 11:24:00.759729','2023-09-01 11:24:00.759729',1,NULL,NULL,''),(270,'GARAGEM,HORTIFRUTI','Taynara','(00) 0 0000-0000',1,NULL,NULL,'2023-09-01T14:24:23.981Z016526940002950.22340728080521144','20230901T142423',0,'mobile - iPhone','2023-09-01 11:24:02',NULL,'2023-09-01 11:24:23.994615','2023-09-01 11:24:23.994615',9,NULL,NULL,''),(271,'CLIMA,VARIEDADE','Taynara','(00) 0 0000-0000',1,NULL,NULL,'2023-09-01T14:24:23.981Z016526940002950.22340728080521144','20230901T142423',0,'mobile - iPhone','2023-09-01 11:24:02',NULL,'2023-09-01 11:24:23.995553','2023-09-01 11:24:23.995553',10,NULL,NULL,''),(272,'Kkkk','Taynara','(00) 0 0000-0000',1,NULL,NULL,'2023-09-01T14:24:23.981Z016526940002950.22340728080521144','20230901T142423',0,'mobile - iPhone','2023-09-01 11:24:02',NULL,'2023-09-01 11:24:23.996287','2023-09-01 11:24:23.996287',11,NULL,NULL,''),(273,'ATENDIMENTO AO CLIENTE','Taynara','(00) 0 0000-00000',1,NULL,NULL,'2023-09-01T14:24:47.386Z016526940002950.595235002947392','20230901T142447',1,'mobile - iPhone','2023-09-01 11:24:27','GABRIEL','2023-09-01 11:24:47.404305','2023-09-01 11:24:47.404305',9,NULL,NULL,''),(274,'ATENDIMENTO','Taynara','(00) 0 0000-00000',1,NULL,NULL,'2023-09-01T14:24:47.386Z016526940002950.595235002947392','20230901T142447',1,'mobile - iPhone','2023-09-01 11:24:27','GABRIEL','2023-09-01 11:24:47.405226','2023-09-01 11:24:47.405226',10,NULL,NULL,''),(275,'Kkkk','Taynara','(00) 0 0000-00000',1,NULL,NULL,'2023-09-01T14:24:47.386Z016526940002950.595235002947392','20230901T142447',1,'mobile - iPhone','2023-09-01 11:24:27','GABRIEL','2023-09-01 11:24:47.406018','2023-09-01 11:24:47.406018',11,NULL,NULL,''),(276,'DEPÓSITO,ATENDIMENTO AO CLIENTE','','',0,NULL,NULL,'2023-09-01T14:25:06.102Z016526940002950.6459731563148783','20230901T142506',2,'mobile - iPhone','2023-09-01 11:24:50','GABRIEL','2023-09-01 11:25:06.116127','2023-09-01 11:25:06.116127',5,NULL,NULL,''),(277,'PROMOÇÕES,PREÇOS,ATENDIMENTO','','',0,NULL,NULL,'2023-09-01T14:25:06.102Z016526940002950.6459731563148783','20230901T142506',2,'mobile - iPhone','2023-09-01 11:24:50','GABRIEL','2023-09-01 11:25:06.117038','2023-09-01 11:25:06.117038',6,NULL,NULL,''),(278,'Kkkk','','',0,NULL,NULL,'2023-09-01T14:25:06.102Z016526940002950.6459731563148783','20230901T142506',2,'mobile - iPhone','2023-09-01 11:24:50','GABRIEL','2023-09-01 11:25:06.118460','2023-09-01 11:25:06.118460',7,NULL,NULL,''),(279,'ATENDIMENTO AO CLIENTE','','',0,NULL,NULL,'2023-09-01T14:25:26.144Z016526940002950.653167326235811','20230901T142526',2,'mobile - iPhone','2023-09-01 11:25:10','MIGUEL','2023-09-01 11:25:26.159360','2023-09-01 11:25:26.159360',5,NULL,NULL,''),(280,'ATENDIMENTO','','',0,NULL,NULL,'2023-09-01T14:25:26.144Z016526940002950.653167326235811','20230901T142526',2,'mobile - iPhone','2023-09-01 11:25:10','MIGUEL','2023-09-01 11:25:26.171347','2023-09-01 11:25:26.171347',6,NULL,NULL,''),(281,'Kkk','','',0,NULL,NULL,'2023-09-01T14:25:26.144Z016526940002950.653167326235811','20230901T142526',2,'mobile - iPhone','2023-09-01 11:25:10','MIGUEL','2023-09-01 11:25:26.172999','2023-09-01 11:25:26.172999',7,NULL,NULL,''),(282,'','','',0,NULL,NULL,'2023-09-01T14:25:32.047Z016526940002950.2602031445805707','20230901T142532',2,'mobile - iPhone','2023-09-01 11:25:30',NULL,'2023-09-01 11:25:32.067309','2023-09-01 11:25:32.067309',1,NULL,NULL,''),(283,'HORTIFRUTI,FRENTE DE CAIXA','','',0,NULL,NULL,'2023-09-01T14:25:55.059Z016526940002950.8348894476183816','20230901T142555',3,'mobile - iPhone','2023-09-01 11:25:35','PEDRO','2023-09-01 11:25:55.076680','2023-09-28 22:46:40.927887',5,NULL,NULL,''),(284,'ATENDIMENTO,LIMPEZA / HIGIENE,PREÇOS','','',0,NULL,NULL,'2023-09-01T14:25:55.059Z016526940002950.8348894476183816','20230901T142555',3,'mobile - iPhone','2023-09-01 11:25:35','PEDRO','2023-09-01 11:25:55.077641','2023-09-28 22:46:40.927887',6,NULL,NULL,''),(285,'Kkkk','','',0,NULL,NULL,'2023-09-01T14:25:55.059Z016526940002950.8348894476183816','20230901T142555',3,'mobile - iPhone','2023-09-01 11:25:35','PEDRO','2023-09-01 11:25:55.079118','2023-09-28 22:46:40.927887',7,NULL,NULL,''),(286,'GERÊNCIA,ATENDIMENTO AO CLIENTE','','',0,NULL,NULL,'2023-09-01T14:26:25.260Z016526940002950.47070927487785263','20230901T142625',4,'mobile - iPhone','2023-09-01 11:25:59','JUAREZ','2023-09-01 11:26:25.277301','2023-09-01 11:26:25.277301',5,NULL,NULL,''),(287,'ATENDIMENTO,PROMOÇÕES','','',0,NULL,NULL,'2023-09-01T14:26:25.260Z016526940002950.47070927487785263','20230901T142625',4,'mobile - iPhone','2023-09-01 11:25:59','JUAREZ','2023-09-01 11:26:25.278203','2023-09-01 11:26:25.278203',6,NULL,NULL,''),(288,'Kkk','','',0,NULL,NULL,'2023-09-01T14:26:25.260Z016526940002950.47070927487785263','20230901T142625',4,'mobile - iPhone','2023-09-01 11:25:59','JUAREZ','2023-09-01 11:26:25.279852','2023-09-01 11:26:25.279852',7,NULL,NULL,''),(289,'ATENDIMENTO AO CLIENTE,GERÊNCIA,FRENTE DE CAIXA','','',0,NULL,NULL,'2023-09-01T14:27:00.692Z016526940002950.14040406545640338','20230901T142700',4,'mobile - iPhone','2023-09-01 11:26:30',NULL,'2023-09-01 11:27:00.707271','2023-09-01 11:27:00.707271',5,NULL,NULL,''),(290,'LIMPEZA / HIGIENE,VARIEDADE,PROMOÇÕES','','',0,NULL,NULL,'2023-09-01T14:27:00.692Z016526940002950.14040406545640338','20230901T142700',4,'mobile - iPhone','2023-09-01 11:26:30',NULL,'2023-09-01 11:27:00.708186','2023-09-01 11:27:00.708186',6,NULL,NULL,''),(291,'Kkkk','','',0,NULL,NULL,'2023-09-01T14:27:00.692Z016526940002950.14040406545640338','20230901T142700',4,'mobile - iPhone','2023-09-01 11:26:30',NULL,'2023-09-01 11:27:00.709809','2023-09-01 11:27:00.709809',7,NULL,NULL,''),(292,'','','',0,NULL,NULL,'2023-09-01T14:27:07.812Z016526940002950.1374469683403421','20230901T142707',2,'mobile - iPhone','2023-09-01 11:27:06',NULL,'2023-09-01 11:27:07.831096','2023-09-01 11:27:07.831096',1,NULL,NULL,''),(293,'','','',0,NULL,NULL,'2023-09-01T14:27:12.604Z016526940002950.027356099418336832','20230901T142712',3,'mobile - iPhone','2023-09-01 11:27:11',NULL,'2023-09-01 11:27:12.617464','2023-09-01 11:27:12.617464',1,NULL,NULL,''),(294,'','','',0,NULL,NULL,'2023-09-01T14:27:17.213Z016526940002950.17739259181961797','20230901T142717',4,'mobile - iPhone','2023-09-01 11:27:16',NULL,'2023-09-01 11:27:17.232899','2023-09-01 11:27:17.232899',1,NULL,NULL,''),(295,'','','',0,NULL,NULL,'2023-09-01T14:27:22.961Z016526940002950.6777591567127158','20230901T142722',2,'mobile - iPhone','2023-09-01 11:27:21',NULL,'2023-09-01 11:27:22.981062','2023-09-01 11:27:22.981062',1,NULL,NULL,''),(296,'','','',0,NULL,NULL,'2023-09-01T14:27:27.737Z016526940002950.3750161781755298','20230901T142727',3,'mobile - iPhone','2023-09-01 11:27:26',NULL,'2023-09-01 11:27:27.751463','2023-09-01 11:27:27.751463',1,NULL,NULL,''),(297,'','','',0,NULL,NULL,'2023-09-01T14:27:32.727Z016526940002950.9050495067084456','20230901T142732',4,'mobile - iPhone','2023-09-01 11:27:31',NULL,'2023-09-01 11:27:32.748132','2023-09-01 11:27:32.748132',1,NULL,NULL,''),(298,'','','',0,NULL,NULL,'2023-09-01T14:27:40.829Z016526940002950.7112136267562742','20230901T142740',2,'mobile - iPhone','2023-09-01 11:27:39',NULL,'2023-09-01 11:27:40.850375','2023-09-01 11:27:40.850375',1,NULL,NULL,''),(299,'','','',0,NULL,NULL,'2023-09-01T14:27:47.089Z016526940002950.47516600616580806','20230901T142747',4,'mobile - iPhone','2023-09-01 11:27:45',NULL,'2023-09-01 11:27:47.110513','2023-09-01 11:27:47.110513',1,NULL,NULL,''),(300,'','','',0,NULL,NULL,'2023-09-01T14:27:51.967Z016526940002950.3802558973028143','20230901T142751',2,'mobile - iPhone','2023-09-01 11:27:50',NULL,'2023-09-01 11:27:51.981716','2023-09-01 11:27:51.981716',1,NULL,NULL,''),(301,'','','',0,NULL,NULL,'2023-09-01T14:27:56.670Z016526940002950.9476646920701113','20230901T142756',3,'mobile - iPhone','2023-09-01 11:27:55',NULL,'2023-09-01 11:27:56.685479','2023-09-01 11:27:56.685479',1,NULL,NULL,''),(302,'','','',0,NULL,NULL,'2023-09-01T14:28:01.355Z016526940002950.7578694814707777','20230901T142801',4,'mobile - iPhone','2023-09-01 11:28:00',NULL,'2023-09-01 11:28:01.370306','2023-09-01 11:28:01.370306',1,NULL,NULL,''),(303,'','','',0,NULL,NULL,'2023-09-01T14:28:05.056Z016526940002950.7086644658837092','20230901T142805',2,'mobile - iPhone','2023-09-01 11:28:04',NULL,'2023-09-01 11:28:05.071380','2023-09-01 11:28:05.071380',1,NULL,NULL,''),(304,'','','',0,NULL,NULL,'2023-09-01T14:28:13.562Z016526940002950.43220306336211','20230901T142813',3,'mobile - iPhone','2023-09-01 11:28:07',NULL,'2023-09-01 11:28:13.579494','2023-09-01 11:28:13.579494',1,NULL,NULL,''),(305,'','','',0,NULL,NULL,'2023-09-01T14:28:20.354Z016526940002950.2050758959711454','20230901T142820',4,'mobile - iPhone','2023-09-01 11:28:19',NULL,'2023-09-01 11:28:20.375597','2023-09-01 11:28:20.375597',1,NULL,NULL,''),(306,'','','',0,NULL,NULL,'2023-09-01T14:28:24.411Z016526940002950.2589238631352464','20230901T142824',3,'mobile - iPhone','2023-09-01 11:28:23',NULL,'2023-09-01 11:28:24.428941','2023-09-01 11:28:24.428941',1,NULL,NULL,''),(307,'','','',0,NULL,NULL,'2023-09-01T14:28:33.524Z016526940002950.9608039656444435','20230901T142833',3,'mobile - iPhone','2023-09-01 11:28:32',NULL,'2023-09-01 11:28:33.551820','2023-09-01 11:28:33.551820',1,NULL,NULL,''),(308,'','','',0,NULL,NULL,'2023-09-01T14:28:38.782Z016526940002950.21234916703665996','20230901T142838',4,'mobile - iPhone','2023-09-01 11:28:37',NULL,'2023-09-01 11:28:38.813200','2023-09-01 11:28:38.813200',1,NULL,NULL,''),(309,'','','',0,NULL,NULL,'2023-09-01T14:28:44.116Z016526940002950.2061971438827288','20230901T142844',3,'mobile - iPhone','2023-09-01 11:28:43',NULL,'2023-09-01 11:28:44.135100','2023-09-01 11:28:44.135100',1,NULL,NULL,''),(310,'','','',0,NULL,NULL,'2023-09-01T14:28:48.255Z016526940002950.9899189594214916','20230901T142848',4,'mobile - iPhone','2023-09-01 11:28:47',NULL,'2023-09-01 11:28:48.269831','2023-09-01 11:28:48.269831',1,NULL,NULL,''),(311,'','','',0,NULL,NULL,'2023-09-01T14:28:56.792Z016526940002950.059467698228442','20230901T142856',2,'mobile - iPhone','2023-09-01 11:28:54',NULL,'2023-09-01 11:28:56.815703','2023-09-01 11:28:56.815703',1,NULL,NULL,''),(312,'','','',0,NULL,NULL,'2023-09-01T14:29:22.976Z016526940002950.7453609023894602','20230901T142922',4,'mobile - iPhone','2023-09-01 11:29:21',NULL,'2023-09-01 11:29:22.994659','2023-09-01 11:29:22.994659',1,NULL,NULL,''),(313,'','','',0,NULL,NULL,'2023-09-01T14:29:27.172Z016526940002950.4478525196031453','20230901T142927',2,'mobile - iPhone','2023-09-01 11:29:26',NULL,'2023-09-01 11:29:27.183940','2023-09-01 11:29:27.183940',1,NULL,NULL,''),(314,'','','',0,NULL,NULL,'2023-09-01T14:29:34.831Z016526940002950.9669004058084607','20230901T142934',3,'mobile - iPhone','2023-09-01 11:29:32',NULL,'2023-09-01 11:29:34.848395','2023-09-01 11:29:34.848395',1,NULL,NULL,''),(315,'','','',0,NULL,NULL,'2023-09-01T14:29:39.253Z016526940002950.48424940138096606','20230901T142939',4,'mobile - iPhone','2023-09-01 11:29:38',NULL,'2023-09-01 11:29:39.267888','2023-09-01 11:29:39.267888',1,NULL,NULL,''),(316,'','','',0,NULL,NULL,'2023-09-01T14:29:44.163Z016526940002950.7965154351222317','20230901T142944',3,'mobile - iPhone','2023-09-01 11:29:43',NULL,'2023-09-01 11:29:44.182182','2023-09-01 11:29:44.182182',1,NULL,NULL,''),(317,'','','',0,NULL,NULL,'2023-09-01T14:29:48.987Z016526940002950.8004043158139074','20230901T142948',4,'mobile - iPhone','2023-09-01 11:29:47',NULL,'2023-09-01 11:29:49.000610','2023-09-01 11:29:49.000610',1,NULL,NULL,''),(318,'ATENDIMENTO AO CLIENTE,DEPÓSITO,GERÊNCIA','Gabriel','(61) 9 8239-5892',1,NULL,NULL,'2023-09-01T16:20:43.812Z016526940002950.23701377990008698','20230901T162043',1,'mobile - iPhone','2023-09-01 13:20:20','MARIA','2023-09-01 13:20:43.838462','2023-09-28 22:41:53.996424',9,NULL,NULL,''),(319,'PROMOÇÕES,ATENDIMENTO,LIMPEZA / HIGIENE','Gabriel','(61) 9 8239-5892',1,NULL,NULL,'2023-09-01T16:20:43.812Z016526940002950.23701377990008698','20230901T162043',1,'mobile - iPhone','2023-09-01 13:20:20','MARIA','2023-09-01 13:20:43.843492','2023-09-28 22:41:53.996424',10,NULL,NULL,''),(320,'Ahahah','Gabriel','(61) 9 8239-5892',1,NULL,NULL,'2023-09-01T16:20:43.812Z016526940002950.23701377990008698','20230901T162043',1,'mobile - iPhone','2023-09-01 13:20:20','MARIA','2023-09-01 13:20:43.847803','2023-09-28 22:41:53.996424',11,NULL,NULL,''),(321,'','','',0,NULL,NULL,'2023-09-01T16:20:51.779Z016526940002950.6381396143751776','20230901T162051',4,'mobile - iPhone','2023-09-01 13:20:50',NULL,'2023-09-01 13:20:51.804137','2023-09-01 13:20:51.804137',1,NULL,NULL,''),(322,'GARAGEM,FRENTE DE CAIXA,ATENDIMENTO AO CLIENTE','','',0,NULL,NULL,'2023-09-01T16:21:06.441Z016526940002950.5094180342390134','20230901T162106',4,'mobile - iPhone','2023-09-01 13:20:55',NULL,'2023-09-01 13:21:06.464773','2023-09-01 13:21:06.464773',5,NULL,NULL,''),(323,'VARIEDADE,PROMOÇÕES,PREÇOS','','',0,NULL,NULL,'2023-09-01T16:21:06.441Z016526940002950.5094180342390134','20230901T162106',4,'mobile - iPhone','2023-09-01 13:20:55',NULL,'2023-09-01 13:21:06.466512','2023-09-01 13:21:06.466512',6,NULL,NULL,''),(324,'Isso aí ','','',0,NULL,NULL,'2023-09-01T16:21:06.441Z016526940002950.5094180342390134','20230901T162106',4,'mobile - iPhone','2023-09-01 13:20:55',NULL,'2023-09-01 13:21:06.469576','2023-09-01 13:21:06.469576',7,NULL,NULL,''),(325,'FRENTE DE CAIXA,ATENDIMENTO AO CLIENTE','','',0,NULL,NULL,'2023-09-01T16:21:25.846Z016526940002950.38615862161655456','20230901T162125',3,'mobile - iPhone','2023-09-01 13:21:09','TIAGO','2023-09-01 13:21:25.906459','2023-09-28 22:41:23.287528',5,NULL,NULL,''),(326,'PROMOÇÕES,ATENDIMENTO','','',0,NULL,NULL,'2023-09-01T16:21:25.846Z016526940002950.38615862161655456','20230901T162125',3,'mobile - iPhone','2023-09-01 13:21:09','TIAGO','2023-09-01 13:21:25.910248','2023-09-28 22:41:23.287528',6,NULL,NULL,''),(327,'Teste teete','','',0,NULL,NULL,'2023-09-01T16:21:25.846Z016526940002950.38615862161655456','20230901T162125',3,'mobile - iPhone','2023-09-01 13:21:09','TIAGO','2023-09-01 13:21:25.917892','2023-09-28 22:41:23.287528',7,NULL,NULL,''),(328,'GERÊNCIA,ATENDIMENTO AO CLIENTE,FRENTE DE CAIXA','','',0,NULL,NULL,'2023-09-01T16:23:49.348Z016526940002950.9414746403909847','20230901T162349',3,'mobile - iPhone','2023-09-01 13:23:25','TIAGO','2023-09-01 13:23:49.370532','2023-09-28 22:41:23.287528',5,NULL,NULL,''),(329,'VARIEDADE,ATENDIMENTO','','',0,NULL,NULL,'2023-09-01T16:23:49.348Z016526940002950.9414746403909847','20230901T162349',3,'mobile - iPhone','2023-09-01 13:23:25','TIAGO','2023-09-01 13:23:49.374274','2023-09-28 22:41:23.287528',6,NULL,NULL,''),(330,'É sobre isso','','',0,NULL,NULL,'2023-09-01T16:23:49.348Z016526940002950.9414746403909847','20230901T162349',3,'mobile - iPhone','2023-09-01 13:23:25','TIAGO','2023-09-01 13:23:49.381143','2023-09-28 22:41:23.287528',7,NULL,NULL,''),(331,'FRENTE DE CAIXA,HORTIFRUTI','Gabriel','(61) 9 9999-9999',1,NULL,NULL,'2023-09-01T16:24:15.473Z016526940002950.20705132856414454','20230901T162415',0,'mobile - iPhone','2023-09-01 13:23:52',NULL,'2023-09-01 13:24:15.496704','2023-09-01 13:24:15.496704',9,NULL,NULL,''),(332,'LIMPEZA / HIGIENE,VARIEDADE','Gabriel','(61) 9 9999-9999',1,NULL,NULL,'2023-09-01T16:24:15.473Z016526940002950.20705132856414454','20230901T162415',0,'mobile - iPhone','2023-09-01 13:23:52',NULL,'2023-09-01 13:24:15.500499','2023-09-01 13:24:15.500499',10,NULL,NULL,''),(333,'Teste ','Gabriel','(61) 9 9999-9999',1,NULL,NULL,'2023-09-01T16:24:15.473Z016526940002950.20705132856414454','20230901T162415',0,'mobile - iPhone','2023-09-01 13:23:52',NULL,'2023-09-01 13:24:15.504882','2023-09-01 13:24:15.504882',11,NULL,NULL,''),(334,'ATENDIMENTO AO CLIENTE,GERÊNCIA','','',0,NULL,NULL,'2023-09-01T16:24:32.157Z016526940002950.4375021330738236','20230901T162432',4,'mobile - iPhone','2023-09-01 13:24:19',NULL,'2023-09-01 13:24:32.183677','2023-09-01 13:24:32.183677',5,NULL,NULL,''),(335,'LIMPEZA / HIGIENE,VARIEDADE','','',0,NULL,NULL,'2023-09-01T16:24:32.157Z016526940002950.4375021330738236','20230901T162432',4,'mobile - iPhone','2023-09-01 13:24:19',NULL,'2023-09-01 13:24:32.187418','2023-09-01 13:24:32.187418',6,NULL,NULL,''),(336,'Foi tudo muito bom','','',0,NULL,NULL,'2023-09-01T16:24:32.157Z016526940002950.4375021330738236','20230901T162432',4,'mobile - iPhone','2023-09-01 13:24:19',NULL,'2023-09-01 13:24:32.194208','2023-09-01 13:24:32.194208',7,NULL,NULL,''),(337,'FRENTE DE CAIXA,GARAGEM','','',0,NULL,NULL,'2023-09-01T16:25:00.718Z016526940002950.24073843495221003','20230901T162500',4,'mobile - iPhone','2023-09-01 13:24:46',NULL,'2023-09-01 13:25:00.744587','2023-09-01 13:25:00.744587',5,NULL,NULL,''),(338,'VARIEDADE,QUALIDADE DOS PRODUTOS','','',0,NULL,NULL,'2023-09-01T16:25:00.718Z016526940002950.24073843495221003','20230901T162500',4,'mobile - iPhone','2023-09-01 13:24:46',NULL,'2023-09-01 13:25:00.747933','2023-09-01 13:25:00.747933',6,NULL,NULL,''),(339,'Ótimo maravilhoso','','',0,NULL,NULL,'2023-09-01T16:25:00.718Z016526940002950.24073843495221003','20230901T162500',4,'mobile - iPhone','2023-09-01 13:24:46',NULL,'2023-09-01 13:25:00.754849','2023-09-01 13:25:00.754849',7,NULL,NULL,''),(340,'FRENTE DE CAIXA,ATENDIMENTO AO CLIENTE,GARAGEM','Gabriel','(61) 9 8239-5892',1,NULL,NULL,'2023-09-01T16:27:40.320Z016526940002950.9308842264496671','20230901T162740',0,'mobile - iPhone','2023-09-01 13:27:15',NULL,'2023-09-01 13:27:40.348402','2023-09-01 13:27:40.348402',9,NULL,NULL,''),(341,'VARIEDADE,QUALIDADE DOS PRODUTOS','Gabriel','(61) 9 8239-5892',1,NULL,NULL,'2023-09-01T16:27:40.320Z016526940002950.9308842264496671','20230901T162740',0,'mobile - iPhone','2023-09-01 13:27:15',NULL,'2023-09-01 13:27:40.352039','2023-09-01 13:27:40.352039',10,NULL,NULL,''),(342,'Horrível tudo','Gabriel','(61) 9 8239-5892',1,NULL,NULL,'2023-09-01T16:27:40.320Z016526940002950.9308842264496671','20230901T162740',0,'mobile - iPhone','2023-09-01 13:27:15',NULL,'2023-09-01 13:27:40.355379','2023-09-01 13:27:40.355379',11,NULL,NULL,''),(343,'','','',0,NULL,NULL,'2023-09-01T16:28:07.118Z016526940002950.803104741467849','20230901T162807',3,'mobile - iPhone','2023-09-01 13:28:05',NULL,'2023-09-01 13:28:07.143821','2023-09-01 13:28:07.143821',1,NULL,NULL,''),(344,'GARAGEM,GERÊNCIA,DEPÓSITO','','',0,NULL,NULL,'2023-09-01T16:28:24.247Z016526940002950.6648872277385961','20230901T162824',3,'mobile - iPhone','2023-09-01 13:28:09',NULL,'2023-09-01 13:28:24.268743','2023-09-01 13:28:24.268743',5,NULL,NULL,''),(345,'VARIEDADE,QUALIDADE DOS PRODUTOS','','',0,NULL,NULL,'2023-09-01T16:28:24.247Z016526940002950.6648872277385961','20230901T162824',3,'mobile - iPhone','2023-09-01 13:28:09',NULL,'2023-09-01 13:28:24.272623','2023-09-01 13:28:24.272623',6,NULL,NULL,''),(346,'Maravilha','','',0,NULL,NULL,'2023-09-01T16:28:24.247Z016526940002950.6648872277385961','20230901T162824',3,'mobile - iPhone','2023-09-01 13:28:09',NULL,'2023-09-01 13:28:24.277039','2023-09-01 13:28:24.277039',7,NULL,NULL,''),(347,'GARAGEM,GERÊNCIA,ATENDIMENTO AO CLIENTE','','',0,NULL,NULL,'2023-09-01T16:36:11.726Z016526940002950.7304581835225248','20230901T163611',4,'mobile - iPhone','2023-09-01 13:35:56','TIAGO','2023-09-01 13:36:11.752435','2023-09-28 22:41:23.287528',5,NULL,NULL,''),(348,'PROMOÇÕES,VARIEDADE,ATENDIMENTO','','',0,NULL,NULL,'2023-09-01T16:36:11.726Z016526940002950.7304581835225248','20230901T163611',4,'mobile - iPhone','2023-09-01 13:35:56','TIAGO','2023-09-01 13:36:11.756210','2023-09-28 22:41:23.287528',6,NULL,NULL,''),(349,'É isso ','','',0,NULL,NULL,'2023-09-01T16:36:11.726Z016526940002950.7304581835225248','20230901T163611',4,'mobile - iPhone','2023-09-01 13:35:56','TIAGO','2023-09-01 13:36:11.763703','2023-09-28 22:41:23.287528',7,NULL,NULL,''),(350,'FRENTE DE CAIXA,GERÊNCIA,GARAGEM','Gabriel','(61) 9 8239-5892',1,NULL,NULL,'2023-09-01T16:36:56.537Z016526940002950.8265891709821686','20230901T163656',1,'mobile - iPhone','2023-09-01 13:36:34',NULL,'2023-09-01 13:36:56.560179','2023-09-01 13:36:56.560179',9,NULL,NULL,''),(351,'VARIEDADE,QUALIDADE DOS PRODUTOS','Gabriel','(61) 9 8239-5892',1,NULL,NULL,'2023-09-01T16:36:56.537Z016526940002950.8265891709821686','20230901T163656',1,'mobile - iPhone','2023-09-01 13:36:34',NULL,'2023-09-01 13:36:56.563266','2023-09-01 13:36:56.563266',10,NULL,NULL,''),(352,'NORMAL','Gabriel','(61) 9 8239-5892',1,NULL,NULL,'2023-09-01T16:36:56.537Z016526940002950.8265891709821686','20230901T163656',1,'mobile - iPhone','2023-09-01 13:36:34',NULL,'2023-09-01 13:36:56.564180','2023-09-01 13:36:56.564180',11,NULL,NULL,''),(353,'FRENTE DE CAIXA,GERÊNCIA,GARAGEM','Gabriel','(61) 9 8239-4883',1,NULL,NULL,'2023-09-01T16:37:23.040Z016526940002950.6112698221687591','20230901T163723',1,'mobile - iPhone','2023-09-01 13:36:58','MARIA','2023-09-01 13:37:23.058456','2023-09-28 22:41:53.996424',9,NULL,NULL,''),(354,'VARIEDADE,PROMOÇÕES,ATENDIMENTO','Gabriel','(61) 9 8239-4883',1,NULL,NULL,'2023-09-01T16:37:23.040Z016526940002950.6112698221687591','20230901T163723',1,'mobile - iPhone','2023-09-01 13:36:58','MARIA','2023-09-01 13:37:23.074038','2023-09-28 22:41:53.996424',10,NULL,NULL,''),(355,'Teste ','Gabriel','(61) 9 8239-4883',1,NULL,NULL,'2023-09-01T16:37:23.040Z016526940002950.6112698221687591','20230901T163723',1,'mobile - iPhone','2023-09-01 13:36:58','MARIA','2023-09-01 13:37:23.077476','2023-09-28 22:41:53.996424',11,NULL,NULL,''),(356,'DEPÓSITO','','',0,NULL,NULL,'2023-09-05T01:18:25.314Z016526940002950.31086419565438117','20230905T011825',4,'PC-Windows','2023-09-04 22:18:03','GABRIEL','2023-09-04 22:18:25.322123','2023-09-04 22:18:25.322123',5,NULL,NULL,''),(357,'PROMOÇÕES,ATENDIMENTO','','',0,NULL,NULL,'2023-09-05T01:18:25.314Z016526940002950.31086419565438117','20230905T011825',4,'PC-Windows','2023-09-04 22:18:03','GABRIEL','2023-09-04 22:18:25.323180','2023-09-04 22:18:25.323180',6,NULL,NULL,''),(358,'TUDO MUITO BOM','','',0,NULL,NULL,'2023-09-05T01:18:25.314Z016526940002950.31086419565438117','20230905T011825',4,'PC-Windows','2023-09-04 22:18:03','GABRIEL','2023-09-04 22:18:25.324452','2023-09-04 22:18:25.324452',7,NULL,NULL,''),(359,'GARAGEM,GERÊNCIA','GABRIEL','(61) 9 8239-5892',1,NULL,NULL,'2023-09-05T01:36:34.640Z016526940002950.7217781962202436','20230905T013634',0,'PC-Windows','2023-09-04 22:36:17',NULL,'2023-09-04 22:36:34.661909','2023-09-04 22:36:34.661909',9,NULL,NULL,''),(360,'QUALIDADE DOS PRODUTOS,CLIMA','GABRIEL','(61) 9 8239-5892',1,NULL,NULL,'2023-09-05T01:36:34.640Z016526940002950.7217781962202436','20230905T013634',0,'PC-Windows','2023-09-04 22:36:17',NULL,'2023-09-04 22:36:34.664915','2023-09-04 22:36:34.664915',10,NULL,NULL,''),(361,'asdasd','GABRIEL','(61) 9 8239-5892',1,NULL,NULL,'2023-09-05T01:36:34.640Z016526940002950.7217781962202436','20230905T013634',0,'PC-Windows','2023-09-04 22:36:17',NULL,'2023-09-04 22:36:34.666198','2023-09-04 22:36:34.666198',11,NULL,NULL,''),(362,'ATENDIMENTO AO CLIENTE,FRENTE DE CAIXA','','',0,NULL,NULL,'2023-09-05T14:25:47.255Z016526940002950.09243485883844116','20230905T142547',4,'PC-Windows','2023-09-05 11:25:37',NULL,'2023-09-05 11:25:47.262935','2023-09-05 11:25:47.262935',5,NULL,NULL,''),(363,'VARIEDADE,CLIMA','','',0,NULL,NULL,'2023-09-05T14:25:47.255Z016526940002950.09243485883844116','20230905T142547',4,'PC-Windows','2023-09-05 11:25:37',NULL,'2023-09-05 11:25:47.264160','2023-09-05 11:25:47.264160',6,NULL,NULL,''),(364,'asdadas','','',0,NULL,NULL,'2023-09-05T14:25:47.255Z016526940002950.09243485883844116','20230905T142547',4,'PC-Windows','2023-09-05 11:25:37',NULL,'2023-09-05 11:25:47.265836','2023-09-05 11:25:47.265836',7,NULL,NULL,''),(365,'ATENDIMENTO AO CLIENTE,DEPÓSITO','LUIZ MAYRINK','(61) 9 9999-9999',1,NULL,NULL,'2023-09-05T23:34:11.648Z016526940002950.047931707725525685','20230905T233411',0,'PC-Windows','2023-09-05 20:33:38','GABRIEL','2023-09-05 20:34:11.659068','2023-09-05 20:34:11.659068',9,NULL,NULL,''),(366,'PROMOÇÕES,ATENDIMENTO','LUIZ MAYRINK','(61) 9 9999-9999',1,NULL,NULL,'2023-09-05T23:34:11.648Z016526940002950.047931707725525685','20230905T233411',0,'PC-Windows','2023-09-05 20:33:38','GABRIEL','2023-09-05 20:34:11.661466','2023-09-05 20:34:11.661466',10,NULL,NULL,''),(367,'FOI FODA','LUIZ MAYRINK','(61) 9 9999-9999',1,NULL,NULL,'2023-09-05T23:34:11.648Z016526940002950.047931707725525685','20230905T233411',0,'PC-Windows','2023-09-05 20:33:38','GABRIEL','2023-09-05 20:34:11.662704','2023-09-05 20:34:11.662704',11,NULL,NULL,''),(368,'GERÊNCIA,HORTIFRUTI','','',0,NULL,NULL,'2023-09-05T23:44:03.550Z016526940002950.8586075646154994','20230905T234403',0,'PC-Windows','2023-09-05 20:42:51',NULL,'2023-09-05 20:44:03.554148','2023-09-05 20:44:03.554148',9,NULL,NULL,''),(369,'QUALIDADE DOS PRODUTOS,PROMOÇÕES','','',0,NULL,NULL,'2023-09-05T23:44:03.550Z016526940002950.8586075646154994','20230905T234403',0,'PC-Windows','2023-09-05 20:42:51',NULL,'2023-09-05 20:44:03.555242','2023-09-05 20:44:03.555242',10,NULL,NULL,''),(370,'sdfsdfds','','',0,NULL,NULL,'2023-09-05T23:44:03.550Z016526940002950.8586075646154994','20230905T234403',0,'PC-Windows','2023-09-05 20:42:51',NULL,'2023-09-05 20:44:03.556027','2023-09-05 20:44:03.556027',11,NULL,NULL,''),(371,'GERÊNCIA,HORTIFRUTI','','',0,NULL,NULL,'2023-09-05T23:47:21.914Z016526940002950.023724543625377237','20230905T234721',4,'PC-Windows','2023-09-05 20:47:02',NULL,'2023-09-05 20:47:21.919315','2023-09-05 20:47:21.919315',5,NULL,NULL,''),(372,'QUALIDADE DOS PRODUTOS,PROMOÇÕES,LIMPEZA / HIGIENE','','',0,NULL,NULL,'2023-09-05T23:47:21.914Z016526940002950.023724543625377237','20230905T234721',4,'PC-Windows','2023-09-05 20:47:02',NULL,'2023-09-05 20:47:21.920274','2023-09-05 20:47:21.920274',6,NULL,NULL,''),(373,'vai metele na copa não','','',0,NULL,NULL,'2023-09-05T23:47:21.914Z016526940002950.023724543625377237','20230905T234721',4,'PC-Windows','2023-09-05 20:47:02',NULL,'2023-09-05 20:47:21.921936','2023-09-05 20:47:21.921936',7,NULL,NULL,''),(374,'','','',0,NULL,NULL,'2023-09-05T23:53:05.256Z016526940002950.4404021872517223','20230905T235305',3,'PC-Windows','2023-09-05 20:53:04',NULL,'2023-09-05 20:53:05.260105','2023-09-05 20:53:05.260105',1,NULL,NULL,''),(375,'','','',0,NULL,NULL,'2023-09-06T00:01:57.645Z016526940002950.05651784843067453','20230906T000157',4,'PC-Windows','2023-09-05 21:01:56',NULL,'2023-09-05 21:01:57.653246','2023-09-05 21:01:57.653246',1,NULL,NULL,''),(376,'','','',0,NULL,NULL,'2023-09-06T00:04:04.401Z016526940002950.0008444430501228783','20230906T000404',4,'PC-Windows','2023-09-05 21:04:03',NULL,'2023-09-05 21:04:04.404911','2023-09-05 21:04:04.404911',1,NULL,NULL,''),(377,'ATENDIMENTO AO CLIENTE,DEPÓSITO','','',0,NULL,NULL,'2023-09-06T00:04:17.012Z016526940002950.3695123795475719','20230906T000417',2,'PC-Windows','2023-09-05 21:04:06',NULL,'2023-09-05 21:04:17.015443','2023-09-05 21:04:17.015443',5,NULL,NULL,''),(378,'CLIMA,LIMPEZA / HIGIENE','','',0,NULL,NULL,'2023-09-06T00:04:17.012Z016526940002950.3695123795475719','20230906T000417',2,'PC-Windows','2023-09-05 21:04:06',NULL,'2023-09-05 21:04:17.016367','2023-09-05 21:04:17.016367',6,NULL,NULL,''),(379,'sadasdsadsada','','',0,NULL,NULL,'2023-09-06T00:04:17.012Z016526940002950.3695123795475719','20230906T000417',2,'PC-Windows','2023-09-05 21:04:06',NULL,'2023-09-05 21:04:17.017538','2023-09-05 21:04:17.017538',7,NULL,NULL,''),(380,'ATENDIMENTO AO CLIENTE,HORTIFRUTI','','',0,NULL,NULL,'2023-09-06T00:04:42.706Z016526940002950.9035254657005476','20230906T000442',3,'PC-Windows','2023-09-05 21:04:22',NULL,'2023-09-05 21:04:42.710427','2023-09-05 21:04:42.710427',5,NULL,NULL,''),(381,'CLIMA,QUALIDADE DOS PRODUTOS,PREÇOS,PROMOÇÕES','','',0,NULL,NULL,'2023-09-06T00:04:42.706Z016526940002950.9035254657005476','20230906T000442',3,'PC-Windows','2023-09-05 21:04:22',NULL,'2023-09-05 21:04:42.711200','2023-09-05 21:04:42.711200',6,NULL,NULL,''),(382,'sdasdaws','','',0,NULL,NULL,'2023-09-06T00:04:42.706Z016526940002950.9035254657005476','20230906T000442',3,'PC-Windows','2023-09-05 21:04:22',NULL,'2023-09-05 21:04:42.712428','2023-09-05 21:04:42.712428',7,NULL,NULL,''),(383,'ATENDIMENTO AO CLIENTE,GERÊNCIA','','',0,NULL,NULL,'2023-09-06T00:04:58.277Z016526940002950.9045920304407868','20230906T000458',3,'PC-Windows','2023-09-05 21:04:47',NULL,'2023-09-05 21:04:58.283621','2023-09-05 21:04:58.283621',5,NULL,NULL,''),(384,'QUALIDADE DOS PRODUTOS,VARIEDADE','','',0,NULL,NULL,'2023-09-06T00:04:58.277Z016526940002950.9045920304407868','20230906T000458',3,'PC-Windows','2023-09-05 21:04:47',NULL,'2023-09-05 21:04:58.284543','2023-09-05 21:04:58.284543',6,NULL,NULL,''),(385,'fasfasefae','','',0,NULL,NULL,'2023-09-06T00:04:58.277Z016526940002950.9045920304407868','20230906T000458',3,'PC-Windows','2023-09-05 21:04:47',NULL,'2023-09-05 21:04:58.286194','2023-09-05 21:04:58.286194',7,NULL,NULL,''),(386,'ATENDIMENTO AO CLIENTE,GERÊNCIA','','',0,NULL,NULL,'2023-09-06T00:09:53.671Z016526940002950.9335674009345567','20230906T000953',3,'PC-Windows','2023-09-05 21:09:43',NULL,'2023-09-05 21:09:53.679025','2023-09-05 21:09:53.679025',5,NULL,NULL,''),(387,'LIMPEZA / HIGIENE,PROMOÇÕES','','',0,NULL,NULL,'2023-09-06T00:09:53.671Z016526940002950.9335674009345567','20230906T000953',3,'PC-Windows','2023-09-05 21:09:43',NULL,'2023-09-05 21:09:53.680211','2023-09-05 21:09:53.680211',6,NULL,NULL,''),(388,'sdfsdfsfds','','',0,NULL,NULL,'2023-09-06T00:09:53.671Z016526940002950.9335674009345567','20230906T000953',3,'PC-Windows','2023-09-05 21:09:43',NULL,'2023-09-05 21:09:53.681477','2023-09-05 21:09:53.681477',7,NULL,NULL,''),(389,'','','',0,NULL,NULL,'2023-09-06T00:14:21.241Z016526940002950.7645667753788876','20230906T001421',4,'PC-Windows','2023-09-05 21:14:20',NULL,'2023-09-05 21:14:21.245022','2023-09-05 21:14:21.245022',1,NULL,NULL,''),(390,'','','',0,NULL,NULL,'2023-09-06T00:14:59.865Z016526940002950.6474196715885945','20230906T001459',3,'PC-Windows','2023-09-05 21:14:56',NULL,'2023-09-05 21:14:59.868742','2023-09-05 21:14:59.868742',1,NULL,NULL,''),(391,'HORTIFRUTI,ATENDIMENTO AO CLIENTE','','',0,NULL,NULL,'2023-09-06T01:29:15.582Z016526940002950.004242485327794476','20230906T012915',3,'PC-Windows','2023-09-05 22:29:05',NULL,'2023-09-05 22:29:15.606202','2023-09-05 22:29:15.606202',5,NULL,NULL,''),(392,'VARIEDADE,QUALIDADE DOS PRODUTOS','','',0,NULL,NULL,'2023-09-06T01:29:15.582Z016526940002950.004242485327794476','20230906T012915',3,'PC-Windows','2023-09-05 22:29:05',NULL,'2023-09-05 22:29:15.607189','2023-09-05 22:29:15.607189',6,NULL,NULL,''),(393,'sadas','','',0,NULL,NULL,'2023-09-06T01:29:15.582Z016526940002950.004242485327794476','20230906T012915',3,'PC-Windows','2023-09-05 22:29:05',NULL,'2023-09-05 22:29:15.607952','2023-09-05 22:29:15.607952',7,NULL,NULL,''),(394,'ATENDIMENTO AO CLIENTE,GARAGEM','','',0,NULL,NULL,'2023-09-06T01:46:58.696Z016526940002950.5574084777240531','20230906T014658',3,'PC-Windows','2023-09-05 22:46:46',NULL,'2023-09-05 22:46:58.701459','2023-09-05 22:46:58.701459',5,NULL,NULL,''),(395,'VARIEDADE,QUALIDADE DOS PRODUTOS','','',0,NULL,NULL,'2023-09-06T01:46:58.696Z016526940002950.5574084777240531','20230906T014658',3,'PC-Windows','2023-09-05 22:46:46',NULL,'2023-09-05 22:46:58.702224','2023-09-05 22:46:58.702224',6,NULL,NULL,''),(396,'asd','','',0,NULL,NULL,'2023-09-06T01:46:58.696Z016526940002950.5574084777240531','20230906T014658',3,'PC-Windows','2023-09-05 22:46:46',NULL,'2023-09-05 22:46:58.702972','2023-09-05 22:46:58.702972',7,NULL,NULL,''),(397,'ATENDIMENTO AO CLIENTE,FRENTE DE CAIXA','','',0,NULL,NULL,'2023-09-06T22:50:28.110Z016526940002950.6029641034870425','20230906T225028',4,'PC-Windows','2023-09-06 19:50:19',NULL,'2023-09-06 19:50:28.125623','2023-09-06 19:50:28.125623',5,NULL,NULL,''),(398,'VARIEDADE,QUALIDADE DOS PRODUTOS','','',0,NULL,NULL,'2023-09-06T22:50:28.110Z016526940002950.6029641034870425','20230906T225028',4,'PC-Windows','2023-09-06 19:50:19',NULL,'2023-09-06 19:50:28.126810','2023-09-06 19:50:28.126810',6,NULL,NULL,''),(399,'asdsa','','',0,NULL,NULL,'2023-09-06T22:50:28.110Z016526940002950.6029641034870425','20230906T225028',4,'PC-Windows','2023-09-06 19:50:19',NULL,'2023-09-06 19:50:28.127874','2023-09-06 19:50:28.127874',7,NULL,NULL,''),(400,'','','',0,NULL,NULL,'2023-09-06T22:51:56.613Z016526940002950.8027758992331768','20230906T225156',4,'PC-Windows','2023-09-06 19:51:55',NULL,'2023-09-06 19:51:56.619494','2023-09-06 19:51:56.619494',1,NULL,NULL,''),(401,'PADARIA,ATENDIMENTO AO CLIENTE','','',0,NULL,NULL,'2023-09-06T22:53:05.386Z016526940002950.13234639208523258','20230906T225305',3,'PC-Windows','2023-09-06 19:52:56',NULL,'2023-09-06 19:53:05.394543','2023-09-06 19:53:05.394543',5,NULL,NULL,''),(402,'LIMPEZA / HIGIENE,QUALIDADE DOS PRODUTOS','','',0,NULL,NULL,'2023-09-06T22:53:05.386Z016526940002950.13234639208523258','20230906T225305',3,'PC-Windows','2023-09-06 19:52:56',NULL,'2023-09-06 19:53:05.395252','2023-09-06 19:53:05.395252',6,NULL,NULL,''),(403,'TESTE','','',0,NULL,NULL,'2023-09-06T22:53:05.386Z016526940002950.13234639208523258','20230906T225305',3,'PC-Windows','2023-09-06 19:52:56',NULL,'2023-09-06 19:53:05.396050','2023-09-06 19:53:05.396050',7,NULL,NULL,''),(404,'','','',0,NULL,NULL,'2023-09-06T23:00:32.432Z016526940002950.09524795106838524','20230906T230032',4,'PC-Windows','2023-09-06 20:00:31',NULL,'2023-09-06 20:00:32.435520','2023-09-06 20:00:32.435520',1,NULL,NULL,''),(405,'ATENDIMENTO AO CLIENTE,GERÊNCIA,GARAGEM','dasdas','(61) 9 8239-58992',1,NULL,NULL,'2023-09-06T23:01:07.556Z016526940002950.2478567544240442','20230906T230107',2,'PC-Windows','2023-09-06 20:00:44',NULL,'2023-09-06 20:01:07.563209','2023-09-06 20:01:07.563209',9,NULL,NULL,''),(406,'asdsa','dasdas','(61) 9 8239-58992',1,NULL,NULL,'2023-09-06T23:01:07.556Z016526940002950.2478567544240442','20230906T230107',2,'PC-Windows','2023-09-06 20:00:44',NULL,'2023-09-06 20:01:07.564489','2023-09-06 20:01:07.564489',11,NULL,NULL,''),(407,'VARIEDADE,QUALIDADE DOS PRODUTOS','dasdas','(61) 9 8239-58992',1,NULL,NULL,'2023-09-06T23:01:07.556Z016526940002950.2478567544240442','20230906T230107',2,'PC-Windows','2023-09-06 20:00:44',NULL,'2023-09-06 20:01:07.565578','2023-09-06 20:01:07.565578',10,NULL,NULL,''),(408,'','','',0,NULL,NULL,'2023-09-06T23:01:29.481Z016526940002950.24550411495525992','20230906T230129',4,'PC-Windows','2023-09-06 20:01:28',NULL,'2023-09-06 20:01:29.485952','2023-09-06 20:01:29.485952',1,NULL,NULL,''),(409,'FRENTE DE CAIXA,GARAGEM,GERÊNCIA','asdada','(61) 9 1626-2626',1,NULL,NULL,'2023-09-06T23:01:53.044Z016526940002950.6074500484106127','20230906T230153',0,'PC-Windows','2023-09-06 20:01:39',NULL,'2023-09-06 20:01:53.049488','2023-09-06 20:01:53.049488',9,NULL,NULL,''),(410,'sdsa','asdada','(61) 9 1626-2626',1,NULL,NULL,'2023-09-06T23:01:53.044Z016526940002950.6074500484106127','20230906T230153',0,'PC-Windows','2023-09-06 20:01:39',NULL,'2023-09-06 20:01:53.050597','2023-09-06 20:01:53.050597',11,NULL,NULL,''),(411,'VARIEDADE,QUALIDADE DOS PRODUTOS,CLIMA','asdada','(61) 9 1626-2626',1,NULL,NULL,'2023-09-06T23:01:53.044Z016526940002950.6074500484106127','20230906T230153',0,'PC-Windows','2023-09-06 20:01:39',NULL,'2023-09-06 20:01:53.051270','2023-09-06 20:01:53.051270',10,NULL,NULL,''),(412,'ATENDIMENTO AO CLIENTE,FRENTE DE CAIXA,GARAGEM','','',0,NULL,NULL,'2023-09-06T23:02:12.765Z016526940002950.8641893246779508','20230906T230212',4,'PC-Windows','2023-09-06 20:02:03',NULL,'2023-09-06 20:02:12.773713','2023-09-06 20:02:12.773713',5,NULL,NULL,''),(413,'VARIEDADE,QUALIDADE DOS PRODUTOS','','',0,NULL,NULL,'2023-09-06T23:02:12.765Z016526940002950.8641893246779508','20230906T230212',4,'PC-Windows','2023-09-06 20:02:03',NULL,'2023-09-06 20:02:12.774416','2023-09-06 20:02:12.774416',6,NULL,NULL,''),(414,'asdasdas','','',0,NULL,NULL,'2023-09-06T23:02:12.765Z016526940002950.8641893246779508','20230906T230212',4,'PC-Windows','2023-09-06 20:02:03',NULL,'2023-09-06 20:02:12.775185','2023-09-06 20:02:12.775185',7,NULL,NULL,''),(415,'ATENDIMENTO AO CLIENTE,GARAGEM','','',0,NULL,NULL,'2023-09-06T23:03:01.204Z016526940002950.149625905438747','20230906T230301',3,'PC-Windows','2023-09-06 20:02:52',NULL,'2023-09-06 20:03:01.209773','2023-09-06 20:03:01.209773',5,NULL,NULL,''),(416,'LIMPEZA / HIGIENE,QUALIDADE DOS PRODUTOS,VARIEDADE','','',0,NULL,NULL,'2023-09-06T23:03:01.204Z016526940002950.149625905438747','20230906T230301',3,'PC-Windows','2023-09-06 20:02:52',NULL,'2023-09-06 20:03:01.210498','2023-09-06 20:03:01.210498',6,NULL,NULL,''),(417,'sdasds','','',0,NULL,NULL,'2023-09-06T23:03:01.204Z016526940002950.149625905438747','20230906T230301',3,'PC-Windows','2023-09-06 20:02:52',NULL,'2023-09-06 20:03:01.211199','2023-09-06 20:03:01.211199',7,NULL,NULL,''),(418,'ATENDIMENTO AO CLIENTE,FRENTE DE CAIXA','','',0,NULL,NULL,'2023-09-06T23:35:15.439Z016526940002950.45630147738566973','20230906T233515',4,'PC-Windows','2023-09-06 20:35:07',NULL,'2023-09-06 20:35:15.450177','2023-09-06 20:35:15.450177',5,NULL,NULL,''),(419,'VARIEDADE,QUALIDADE DOS PRODUTOS','','',0,NULL,NULL,'2023-09-06T23:35:15.439Z016526940002950.45630147738566973','20230906T233515',4,'PC-Windows','2023-09-06 20:35:07',NULL,'2023-09-06 20:35:15.450889','2023-09-06 20:35:15.450889',6,NULL,NULL,''),(420,'dasdsa','','',0,NULL,NULL,'2023-09-06T23:35:15.439Z016526940002950.45630147738566973','20230906T233515',4,'PC-Windows','2023-09-06 20:35:07',NULL,'2023-09-06 20:35:15.451485','2023-09-06 20:35:15.451485',7,NULL,NULL,''),(421,'ATENDIMENTO AO CLIENTE,GERÊNCIA','asdasda','(61) 9 8239-58595',1,NULL,NULL,'2023-09-07T19:26:44.051Z016526940002950.36515595939480505','20230907T192644',2,'PC-Windows','2023-09-07 16:26:29',NULL,'2023-09-07 16:26:44.057595','2023-09-07 16:26:44.057595',9,NULL,NULL,''),(422,'asdas','asdasda','(61) 9 8239-58595',1,NULL,NULL,'2023-09-07T19:26:44.051Z016526940002950.36515595939480505','20230907T192644',2,'PC-Windows','2023-09-07 16:26:29',NULL,'2023-09-07 16:26:44.059578','2023-09-07 16:26:44.059578',11,NULL,NULL,''),(423,'LIMPEZA / HIGIENE,VARIEDADE','asdasda','(61) 9 8239-58595',1,NULL,NULL,'2023-09-07T19:26:44.051Z016526940002950.36515595939480505','20230907T192644',2,'PC-Windows','2023-09-07 16:26:29',NULL,'2023-09-07 16:26:44.060347','2023-09-07 16:26:44.060347',10,NULL,NULL,''),(424,'ATENDIMENTO AO CLIENTE,DEPÓSITO','','',0,NULL,NULL,'2023-09-08T00:19:26.591Z016526940002950.09512702998773626','20230908T001926',3,'PC-Windows','2023-09-07 21:19:18',NULL,'2023-09-07 21:19:26.608993','2023-09-07 21:19:26.608993',5,NULL,NULL,''),(425,'LIMPEZA / HIGIENE,PROMOÇÕES','','',0,NULL,NULL,'2023-09-08T00:19:26.591Z016526940002950.09512702998773626','20230908T001926',3,'PC-Windows','2023-09-07 21:19:18',NULL,'2023-09-07 21:19:26.610135','2023-09-07 21:19:26.610135',6,NULL,NULL,''),(426,'adas','','',0,NULL,NULL,'2023-09-08T00:19:26.591Z016526940002950.09512702998773626','20230908T001926',3,'PC-Windows','2023-09-07 21:19:18',NULL,'2023-09-07 21:19:26.611132','2023-09-07 21:19:26.611132',7,NULL,NULL,''),(427,'','','',0,NULL,NULL,'2023-09-12T14:33:02.441Z016526940002950.4635735711873108','20230912T143302',4,'mobile - iPhone','2023-09-12 11:33:00',NULL,'2023-09-12 11:33:03.254639','2023-09-12 11:33:03.254639',1,NULL,NULL,''),(428,'','','',0,NULL,NULL,'2023-09-12T14:43:50.632Z016526940002950.026675364153576187','20230912T144350',4,'mobile - iPhone','2023-09-12 11:42:38',NULL,'2023-09-12 11:43:51.159011','2023-09-12 11:43:51.159011',5,NULL,NULL,''),(429,'ATENDIMENTO','','',0,NULL,NULL,'2023-09-12T14:43:50.632Z016526940002950.026675364153576187','20230912T144350',4,'mobile - iPhone','2023-09-12 11:42:38',NULL,'2023-09-12 11:43:51.162104','2023-09-12 11:43:51.162104',6,NULL,NULL,''),(430,'Cffghh','','',0,NULL,NULL,'2023-09-12T14:43:50.632Z016526940002950.026675364153576187','20230912T144350',4,'mobile - iPhone','2023-09-12 11:42:38',NULL,'2023-09-12 11:43:51.165054','2023-09-12 11:43:51.165054',7,NULL,NULL,''),(431,'','','',0,NULL,NULL,'2023-09-12T20:28:01.309Z016526940002950.9763295777332968','20230912T202801',2,'PC-Windows','2023-09-12 17:27:20',NULL,'2023-09-12 17:28:01.600626','2023-09-12 17:28:01.600626',1,NULL,NULL,''),(432,'','','',0,NULL,NULL,'2023-09-13T01:27:17.390Z016526940002950.21695063009401716','20230913T012717',4,'PC-Windows','2023-09-12 22:27:17',NULL,'2023-09-12 22:27:17.707390','2023-09-12 22:27:17.707390',1,NULL,NULL,''),(433,'','','',0,NULL,NULL,'2023-09-13T01:37:02.103Z016526940002950.0393253787237402','20230913T013702',4,'PC-Windows','2023-09-12 22:37:01',NULL,'2023-09-12 22:37:02.419978','2023-09-12 22:37:02.419978',1,NULL,NULL,''),(434,'','','',0,NULL,NULL,'2023-09-13T01:37:24.986Z016526940002950.2800786528735555','20230913T013724',4,'PC-Windows','2023-09-12 22:37:23',NULL,'2023-09-12 22:37:25.761313','2023-09-12 22:37:25.761313',1,NULL,NULL,''),(435,'','','',0,NULL,NULL,'2023-09-13T13:15:30.083Z016526940002950.4167115359545279','20230913T131530',4,'PC-Windows','2023-09-13 10:15:28',NULL,'2023-09-13 10:15:30.420996','2023-09-13 10:15:30.420996',1,NULL,NULL,''),(436,'','','',0,NULL,NULL,'2023-09-13T16:47:52.185Z016526940002950.2421161503770719','20230913T164752',4,'PC-Windows','2023-09-13 13:47:49',NULL,'2023-09-13 13:47:52.729269','2023-09-13 13:47:52.729269',1,NULL,NULL,''),(437,'','','',0,NULL,NULL,'2023-09-15T01:48:50.449Z016526940002950.04905780583661001','20230915T014850',4,'PC-Windows','2023-09-14 22:48:50',NULL,'2023-09-14 22:48:50.928172','2023-09-14 22:48:50.928172',1,NULL,NULL,''),(438,'','','',0,NULL,NULL,'2023-09-15T01:50:34.169Z016526940002950.44246612983501366','20230915T015034',4,'PC-Windows','2023-09-14 22:50:34',NULL,'2023-09-14 22:50:34.467845','2023-09-14 22:50:34.467845',1,NULL,NULL,''),(439,'','','',0,NULL,NULL,'2023-09-15T23:46:31.779Z016526940002950.9995997731970696','20230915T234631',4,'PC-Windows','2023-09-15 20:46:30',NULL,'2023-09-15 20:46:32.108279','2023-09-15 20:46:32.108279',1,NULL,NULL,''),(440,'ATENDIMENTO AO CLIENTE,GERÊNCIA','','',0,NULL,NULL,'2023-09-16T20:08:41.663Z016526940002950.6604689248209163','20230916T200841',4,'PC-Windows','2023-09-16 17:08:19',NULL,'2023-09-16 17:08:42.220574','2023-09-16 17:08:42.220574',5,NULL,NULL,''),(441,'11212','','',0,NULL,NULL,'2023-09-16T20:08:41.663Z016526940002950.6604689248209163','20230916T200841',4,'PC-Windows','2023-09-16 17:08:19',NULL,'2023-09-16 17:08:42.226278','2023-09-16 17:08:42.226278',7,NULL,NULL,''),(442,'ATENDIMENTO','','',0,NULL,NULL,'2023-09-16T20:08:41.663Z016526940002950.6604689248209163','20230916T200841',4,'PC-Windows','2023-09-16 17:08:19',NULL,'2023-09-16 17:08:42.229153','2023-09-16 17:08:42.229153',6,NULL,NULL,''),(443,'ATENDIMENTO AO CLIENTE,DEPÓSITO','','',0,NULL,NULL,'2023-09-16T20:11:32.436Z016526940002950.4264988694979146','20230916T201132',4,'PC-Windows','2023-09-16 17:11:20',NULL,'2023-09-16 17:11:32.724699','2023-09-16 17:11:32.724699',5,NULL,NULL,''),(444,'asdasd','','',0,NULL,NULL,'2023-09-16T20:11:32.436Z016526940002950.4264988694979146','20230916T201132',4,'PC-Windows','2023-09-16 17:11:20',NULL,'2023-09-16 17:11:32.727159','2023-09-16 17:11:32.727159',7,NULL,NULL,''),(445,'LIMPEZA / HIGIENE,ATENDIMENTO','','',0,NULL,NULL,'2023-09-16T20:11:32.436Z016526940002950.4264988694979146','20230916T201132',4,'PC-Windows','2023-09-16 17:11:20',NULL,'2023-09-16 17:11:32.729316','2023-09-16 17:11:32.729316',6,NULL,NULL,''),(446,'ATENDIMENTO AO CLIENTE,HORTIFRUTI','','',0,NULL,NULL,'2023-09-16T20:16:53.313Z016526940002950.06468984990595628','20230916T201653',4,'PC-Windows','2023-09-16 17:16:41',NULL,'2023-09-16 17:16:53.880117','2023-09-16 17:16:53.880117',5,NULL,NULL,''),(447,'asdsa','','',0,NULL,NULL,'2023-09-16T20:16:53.313Z016526940002950.06468984990595628','20230916T201653',4,'PC-Windows','2023-09-16 17:16:41',NULL,'2023-09-16 17:16:53.882189','2023-09-16 17:16:53.882189',7,NULL,NULL,''),(448,'PROMOÇÕES,ATENDIMENTO','','',0,NULL,NULL,'2023-09-16T20:16:53.313Z016526940002950.06468984990595628','20230916T201653',4,'PC-Windows','2023-09-16 17:16:41',NULL,'2023-09-16 17:16:53.883899','2023-09-16 17:16:53.883899',6,NULL,NULL,''),(449,'ATENDIMENTO AO CLIENTE,DEPÓSITO','','',0,NULL,NULL,'2023-09-16T20:25:06.054Z016526940002950.21300193218136765','20230916T202506',4,'PC-Windows','2023-09-16 17:24:52',NULL,'2023-09-16 17:25:06.953134','2023-09-16 17:25:06.953134',5,NULL,NULL,''),(450,'asdas','','',0,NULL,NULL,'2023-09-16T20:25:06.054Z016526940002950.21300193218136765','20230916T202506',4,'PC-Windows','2023-09-16 17:24:52',NULL,'2023-09-16 17:25:06.961761','2023-09-16 17:25:06.961761',7,NULL,NULL,''),(451,'PROMOÇÕES,LIMPEZA / HIGIENE','','',0,NULL,NULL,'2023-09-16T20:25:06.054Z016526940002950.21300193218136765','20230916T202506',4,'PC-Windows','2023-09-16 17:24:52',NULL,'2023-09-16 17:25:06.967092','2023-09-16 17:25:06.967092',6,NULL,NULL,''),(452,'GERÊNCIA,ATENDIMENTO AO CLIENTE','','',0,NULL,NULL,'2023-09-16T20:25:30.730Z016526940002950.5519619840673697','20230916T202530',4,'PC-Windows','2023-09-16 17:25:13',NULL,'2023-09-16 17:25:31.082344','2023-09-16 17:25:31.082344',5,NULL,NULL,''),(453,'asdas','','',0,NULL,NULL,'2023-09-16T20:25:30.730Z016526940002950.5519619840673697','20230916T202530',4,'PC-Windows','2023-09-16 17:25:13',NULL,'2023-09-16 17:25:31.277939','2023-09-16 17:25:31.277939',7,NULL,NULL,''),(454,'ATENDIMENTO,PREÇOS','','',0,NULL,NULL,'2023-09-16T20:25:30.730Z016526940002950.5519619840673697','20230916T202530',4,'PC-Windows','2023-09-16 17:25:13',NULL,'2023-09-16 17:25:31.301074','2023-09-16 17:25:31.301074',6,NULL,NULL,''),(455,'ATENDIMENTO AO CLIENTE,HORTIFRUTI','','',0,NULL,NULL,'2023-09-16T20:31:07.498Z016526940002950.5876980154819467','20230916T203107',4,'PC-Windows','2023-09-16 17:30:50',NULL,'2023-09-16 17:31:08.270564','2023-09-16 17:31:08.270564',5,NULL,NULL,''),(456,'asdas','','',0,NULL,NULL,'2023-09-16T20:31:07.498Z016526940002950.5876980154819467','20230916T203107',4,'PC-Windows','2023-09-16 17:30:50',NULL,'2023-09-16 17:31:08.276018','2023-09-16 17:31:08.276018',7,NULL,NULL,''),(457,'PROMOÇÕES,ATENDIMENTO','','',0,NULL,NULL,'2023-09-16T20:31:07.498Z016526940002950.5876980154819467','20230916T203107',4,'PC-Windows','2023-09-16 17:30:50',NULL,'2023-09-16 17:31:08.278273','2023-09-16 17:31:08.278273',6,NULL,NULL,''),(458,'ATENDIMENTO AO CLIENTE,DEPÓSITO','','',0,NULL,NULL,'2023-09-16T20:34:01.468Z016526940002950.5168936751899285','20230916T203401',4,'PC-Windows','2023-09-16 17:33:47',NULL,'2023-09-16 17:34:02.607304','2023-09-16 17:34:02.607304',5,NULL,NULL,''),(459,'asdasd','','',0,NULL,NULL,'2023-09-16T20:34:01.468Z016526940002950.5168936751899285','20230916T203401',4,'PC-Windows','2023-09-16 17:33:47',NULL,'2023-09-16 17:34:02.613452','2023-09-16 17:34:02.613452',7,NULL,NULL,''),(460,'PROMOÇÕES,ATENDIMENTO','','',0,NULL,NULL,'2023-09-16T20:34:01.468Z016526940002950.5168936751899285','20230916T203401',4,'PC-Windows','2023-09-16 17:33:47',NULL,'2023-09-16 17:34:02.622186','2023-09-16 17:34:02.622186',6,NULL,NULL,''),(461,'ATENDIMENTO AO CLIENTE,DEPÓSITO','','',0,NULL,NULL,'2023-09-16T20:37:21.596Z016526940002950.3865924291385572','20230916T203721',4,'PC-Windows','2023-09-16 17:37:06',NULL,'2023-09-16 17:37:22.180627','2023-09-16 17:37:22.180627',5,NULL,NULL,''),(462,'sdfsdfs','','',0,NULL,NULL,'2023-09-16T20:37:21.596Z016526940002950.3865924291385572','20230916T203721',4,'PC-Windows','2023-09-16 17:37:06',NULL,'2023-09-16 17:37:22.186316','2023-09-16 17:37:22.186316',7,NULL,NULL,''),(463,'LIMPEZA / HIGIENE,ATENDIMENTO','','',0,NULL,NULL,'2023-09-16T20:37:21.596Z016526940002950.3865924291385572','20230916T203721',4,'PC-Windows','2023-09-16 17:37:06',NULL,'2023-09-16 17:37:22.188905','2023-09-16 17:37:22.188905',6,NULL,NULL,''),(464,'ATENDIMENTO AO CLIENTE,DEPÓSITO','','',0,NULL,NULL,'2023-09-16T20:47:08.307Z016526940002950.5925397479302383','20230916T204708',4,'PC-Windows','2023-09-16 17:46:55',NULL,'2023-09-16 17:47:08.593406','2023-09-16 17:47:08.593406',5,NULL,NULL,''),(465,'asdasd','','',0,NULL,NULL,'2023-09-16T20:47:08.307Z016526940002950.5925397479302383','20230916T204708',4,'PC-Windows','2023-09-16 17:46:55',NULL,'2023-09-16 17:47:08.595871','2023-09-16 17:47:08.595871',7,NULL,NULL,''),(466,'PROMOÇÕES,PREÇOS','','',0,NULL,NULL,'2023-09-16T20:47:08.307Z016526940002950.5925397479302383','20230916T204708',4,'PC-Windows','2023-09-16 17:46:55',NULL,'2023-09-16 17:47:08.598321','2023-09-16 17:47:08.598321',6,NULL,NULL,''),(467,'DEPÓSITO,HORTIFRUTI','','',0,NULL,NULL,'2023-09-16T21:23:56.990Z016526940002950.5032339650187767','20230916T212356',4,'PC-Windows','2023-09-16 18:23:44',NULL,'2023-09-16 18:23:57.307345','2023-09-16 18:23:57.307345',5,NULL,NULL,''),(468,'asdasd','','',0,NULL,NULL,'2023-09-16T21:23:56.990Z016526940002950.5032339650187767','20230916T212356',4,'PC-Windows','2023-09-16 18:23:44',NULL,'2023-09-16 18:23:57.310597','2023-09-16 18:23:57.310597',7,NULL,NULL,''),(469,'PROMOÇÕES,ATENDIMENTO','','',0,NULL,NULL,'2023-09-16T21:23:56.990Z016526940002950.5032339650187767','20230916T212356',4,'PC-Windows','2023-09-16 18:23:44',NULL,'2023-09-16 18:23:57.313527','2023-09-16 18:23:57.313527',6,NULL,NULL,''),(470,'DEPÓSITO,HORTIFRUTI','','',0,NULL,NULL,'2023-09-16T21:24:53.008Z016526940002950.9132476265776552','20230916T212453',4,'PC-Windows','2023-09-16 18:24:41',NULL,'2023-09-16 18:24:53.321190','2023-09-16 18:24:53.321190',5,NULL,NULL,''),(471,'asdas','','',0,NULL,NULL,'2023-09-16T21:24:53.008Z016526940002950.9132476265776552','20230916T212453',4,'PC-Windows','2023-09-16 18:24:41',NULL,'2023-09-16 18:24:53.327897','2023-09-16 18:24:53.327897',7,NULL,NULL,''),(472,'PROMOÇÕES,ATENDIMENTO','','',0,NULL,NULL,'2023-09-16T21:24:53.008Z016526940002950.9132476265776552','20230916T212453',4,'PC-Windows','2023-09-16 18:24:41',NULL,'2023-09-16 18:24:53.335282','2023-09-16 18:24:53.335282',6,NULL,NULL,''),(473,'DEPÓSITO,HORTIFRUTI','','',0,NULL,NULL,'2023-09-16T21:29:19.400Z016526940002950.6475897124899004','20230916T212919',4,'PC-Windows','2023-09-16 18:28:49','MARIA','2023-09-16 18:29:20.049424','2023-09-28 22:45:53.458990',5,NULL,NULL,''),(474,'asdasd','','',0,NULL,NULL,'2023-09-16T21:29:19.400Z016526940002950.6475897124899004','20230916T212919',4,'PC-Windows','2023-09-16 18:28:49','MARIA','2023-09-16 18:29:20.051651','2023-09-28 22:45:53.458990',7,NULL,NULL,''),(475,'PROMOÇÕES,ATENDIMENTO','','',0,NULL,NULL,'2023-09-16T21:29:19.400Z016526940002950.6475897124899004','20230916T212919',4,'PC-Windows','2023-09-16 18:28:49','MARIA','2023-09-16 18:29:20.053780','2023-09-28 22:45:53.458990',6,NULL,NULL,''),(476,'DEPÓSITO,HORTIFRUTI','','',0,NULL,NULL,'2023-09-16T21:41:00.380Z016526940002950.0899169840781362','20230916T214100',4,'PC-Windows','2023-09-16 18:40:44','PEDRO','2023-09-16 18:41:00.974954','2023-09-28 22:46:24.433672',5,NULL,NULL,''),(477,'asdasdas','','',0,NULL,NULL,'2023-09-16T21:41:00.380Z016526940002950.0899169840781362','20230916T214100',4,'PC-Windows','2023-09-16 18:40:44','PEDRO','2023-09-16 18:41:00.979061','2023-09-28 22:46:24.433672',7,NULL,NULL,''),(478,'PROMOÇÕES,ATENDIMENTO','','',0,NULL,NULL,'2023-09-16T21:41:00.380Z016526940002950.0899169840781362','20230916T214100',4,'PC-Windows','2023-09-16 18:40:44','PEDRO','2023-09-16 18:41:00.981791','2023-09-28 22:46:24.433672',6,NULL,NULL,''),(479,'DEPÓSITO,HORTIFRUTI','','',0,NULL,NULL,'2023-09-16T21:41:51.873Z016526940002950.951255567608061','20230916T214151',4,'PC-Windows','2023-09-16 18:41:35',NULL,'2023-09-16 18:41:52.382565','2023-09-16 18:41:52.382565',5,NULL,NULL,''),(480,'asdasdsa','','',0,NULL,NULL,'2023-09-16T21:41:51.873Z016526940002950.951255567608061','20230916T214151',4,'PC-Windows','2023-09-16 18:41:35',NULL,'2023-09-16 18:41:52.385407','2023-09-16 18:41:52.385407',7,NULL,NULL,''),(481,'PROMOÇÕES','','',0,NULL,NULL,'2023-09-16T21:41:51.873Z016526940002950.951255567608061','20230916T214151',4,'PC-Windows','2023-09-16 18:41:35',NULL,'2023-09-16 18:41:52.388023','2023-09-16 18:41:52.388023',6,NULL,NULL,''),(482,'HORTIFRUTI,DEPÓSITO','Diego','(09) 8 0980-98098',1,NULL,NULL,'2023-09-17T15:57:30.799Z016526940002950.9800024806771603','20230917T155730',2,'undefined - Unknown','2023-09-17 12:57:07',NULL,'2023-09-17 15:57:31.270394','2023-09-17 15:57:31.270394',9,NULL,NULL,''),(483,'asdf','Diego','(09) 8 0980-98098',1,NULL,NULL,'2023-09-17T15:57:30.799Z016526940002950.9800024806771603','20230917T155730',2,'undefined - Unknown','2023-09-17 12:57:07',NULL,'2023-09-17 15:57:31.326661','2023-09-17 15:57:31.326661',11,NULL,NULL,''),(484,'PROMOÇÕES,PREÇOS','Diego','(09) 8 0980-98098',1,NULL,NULL,'2023-09-17T15:57:30.799Z016526940002950.9800024806771603','20230917T155730',2,'undefined - Unknown','2023-09-17 12:57:07',NULL,'2023-09-17 15:57:31.340058','2023-09-17 15:57:31.340058',10,NULL,NULL,''),(485,'ATENDIMENTO AO CLIENTE,GERÊNCIA','','',0,NULL,NULL,'2023-09-17T16:14:09.135Z016526940002950.28877266185863015','20230917T161409',3,'undefined - Unknown','2023-09-17 13:13:58',NULL,'2023-09-17 16:14:09.208851','2023-09-17 16:14:09.208851',5,NULL,NULL,''),(486,'asdf','','',0,NULL,NULL,'2023-09-17T16:14:09.135Z016526940002950.28877266185863015','20230917T161409',3,'undefined - Unknown','2023-09-17 13:13:58',NULL,'2023-09-17 16:14:09.210802','2023-09-17 16:14:09.210802',7,NULL,NULL,''),(487,'PROMOÇÕES,LIMPEZA / HIGIENE','','',0,NULL,NULL,'2023-09-17T16:14:09.135Z016526940002950.28877266185863015','20230917T161409',3,'undefined - Unknown','2023-09-17 13:13:58',NULL,'2023-09-17 16:14:09.213983','2023-09-17 16:14:09.213983',6,NULL,NULL,''),(488,'Teste ','','',0,NULL,NULL,'2023-09-19T01:41:18.471Z016526940002950.8120137009694803','20230919T014118',4,'mobile - iPhone','2023-09-18 22:40:53',NULL,'2023-09-19 01:41:19.094492','2023-09-19 01:41:19.094492',7,NULL,NULL,''),(489,'LIMPEZA / HIGIENE,VARIEDADE,CLIMA','','',0,NULL,NULL,'2023-09-19T01:41:18.471Z016526940002950.8120137009694803','20230919T014118',4,'mobile - iPhone','2023-09-18 22:40:53',NULL,'2023-09-19 01:41:19.102546','2023-09-19 01:41:19.102546',6,NULL,NULL,''),(490,'FRENTE DE CAIXA,ATENDIMENTO AO CLIENTE','','',0,NULL,NULL,'2023-09-19T01:41:18.471Z016526940002950.8120137009694803','20230919T014118',4,'mobile - iPhone','2023-09-18 22:40:53',NULL,'2023-09-19 01:41:19.126105','2023-09-19 01:41:19.126105',5,NULL,NULL,''),(491,'LIMPEZA / HIGIENE,PROMOÇÕES','','',0,NULL,NULL,'2023-09-19T01:46:29.849Z016526940002950.07245735712403967','20230919T014629',3,'PC-Windows','2023-09-18 22:46:05',NULL,'2023-09-19 01:46:30.382006','2023-09-19 01:46:30.382006',6,NULL,NULL,''),(492,'ATENDIMENTO AO CLIENTE,DEPÓSITO','','',0,NULL,NULL,'2023-09-19T01:46:29.849Z016526940002950.07245735712403967','20230919T014629',3,'PC-Windows','2023-09-18 22:46:05',NULL,'2023-09-19 01:46:30.386201','2023-09-19 01:46:30.386201',5,NULL,NULL,''),(493,'Testando pra ver se funciona','','',0,NULL,NULL,'2023-09-19T02:18:41.606Z016526940002950.11728528517105019','20230919T021841',3,'PC-Windows','2023-09-18 23:19:13',NULL,'2023-09-19 02:18:41.918544','2023-09-19 02:18:41.918544',7,NULL,NULL,''),(494,'VARIEDADE','','',0,NULL,NULL,'2023-09-19T02:18:41.606Z016526940002950.11728528517105019','20230919T021841',3,'PC-Windows','2023-09-18 23:19:13',NULL,'2023-09-19 02:18:42.061495','2023-09-19 02:18:42.061495',6,NULL,NULL,''),(495,'ATENDIMENTO AO CLIENTE','','',0,NULL,NULL,'2023-09-19T02:18:41.606Z016526940002950.11728528517105019','20230919T021841',3,'PC-Windows','2023-09-18 23:19:13',NULL,'2023-09-19 02:18:42.107773','2023-09-19 02:18:42.107773',5,NULL,NULL,''),(496,'Alguma coisa\r\n','','',0,NULL,NULL,'2023-09-19T02:19:26.101Z016526940002950.5455246314194133','20230919T021926',4,'PC-Windows','2023-09-18 23:20:02',NULL,'2023-09-19 02:19:26.390731','2023-09-19 02:19:26.390731',7,NULL,NULL,''),(497,'VARIEDADE','','',0,NULL,NULL,'2023-09-19T02:19:26.101Z016526940002950.5455246314194133','20230919T021926',4,'PC-Windows','2023-09-18 23:20:02',NULL,'2023-09-19 02:19:26.406318','2023-09-19 02:19:26.406318',6,NULL,NULL,''),(498,'','','',0,NULL,NULL,'2023-09-19T02:19:26.101Z016526940002950.5455246314194133','20230919T021926',4,'PC-Windows','2023-09-18 23:20:02',NULL,'2023-09-19 02:19:26.410908','2023-09-19 02:19:26.410908',1,NULL,NULL,''),(499,'','','',0,NULL,NULL,'2023-09-19T22:15:42.607Z016526940002950.6802692544444406','20230919T221542',4,'PC-Windows','2023-09-19 19:13:46',NULL,'2023-09-19 22:15:42.931203','2023-09-19 22:15:42.931203',1,NULL,NULL,''),(500,'DEPÓSITO,ATENDIMENTO AO CLIENTE','MARIA','(23) 3 4343-43434',1,NULL,NULL,'2023-09-19T22:33:08.440Z016526940002950.6318743045362749','20230919T223308',1,'undefined - Unknown','2023-09-19 19:32:53',NULL,'2023-09-19 22:33:08.726976','2023-10-24 22:03:39.766968',9,NULL,NULL,''),(501,'asdf','MARIA','(23) 3 4343-43434',1,NULL,NULL,'2023-09-19T22:33:08.440Z016526940002950.6318743045362749','20230919T223308',1,'undefined - Unknown','2023-09-19 19:32:53',NULL,'2023-09-19 22:33:08.741152','2023-10-24 22:03:40.487278',11,NULL,NULL,''),(502,'LIMPEZA / HIGIENE,PROMOÇÕES','MARIA','(23) 3 4343-43434',1,NULL,NULL,'2023-09-19T22:33:08.440Z016526940002950.6318743045362749','20230919T223308',1,'undefined - Unknown','2023-09-19 19:32:53',NULL,'2023-09-19 22:33:08.744853','2023-10-24 22:03:41.080062',10,NULL,NULL,''),(503,'ATENDIMENTO AO CLIENTE,DEPÓSITO','MARIA','(34) 3 4344-43334',1,NULL,NULL,'2023-09-19T22:38:49.298Z016526940002950.6309926748873493','20230919T223849',1,'undefined - Unknown','2023-09-19 19:38:34',NULL,'2023-09-19 22:38:49.361837','2023-10-24 22:03:41.776881',9,NULL,NULL,''),(504,'dfasdf','MARIA','(34) 3 4344-43334',1,NULL,NULL,'2023-09-19T22:38:49.298Z016526940002950.6309926748873493','20230919T223849',1,'undefined - Unknown','2023-09-19 19:38:34',NULL,'2023-09-19 22:38:49.364942','2023-10-24 22:03:42.567221',11,NULL,NULL,''),(505,'LIMPEZA / HIGIENE,PROMOÇÕES','MARIA','(34) 3 4344-43334',1,NULL,NULL,'2023-09-19T22:38:49.298Z016526940002950.6309926748873493','20230919T223849',1,'undefined - Unknown','2023-09-19 19:38:34',NULL,'2023-09-19 22:38:49.367570','2023-10-24 22:03:43.721075',10,NULL,NULL,''),(506,'','','',0,NULL,NULL,'2023-09-19T23:05:45.900Z016526940002950.9983837522517824','20230919T230545',4,'PC-Windows','2023-09-19 20:03:58',NULL,'2023-09-19 23:05:45.986476','2023-09-19 23:05:45.986476',1,NULL,NULL,''),(507,'','','',0,NULL,NULL,'2023-09-19T23:05:54.478Z016526940002950.03938706611105136','20230919T230554',4,'PC-Windows','2023-09-19 20:04:07',NULL,'2023-09-19 23:05:54.552172','2023-09-19 23:05:54.552172',1,NULL,NULL,''),(508,'','','',0,NULL,NULL,'2023-09-19T23:08:52.577Z016526940002950.00813857999270784','20230919T230852',4,'PC-Windows','2023-09-19 20:07:04',NULL,'2023-09-19 23:08:52.648924','2023-09-19 23:08:52.648924',1,NULL,NULL,''),(509,'','','',0,NULL,NULL,'2023-09-19T23:16:08.243Z016526940002950.9733403153832136','20230919T231608',4,'PC-Windows','2023-09-19 20:14:10',NULL,'2023-09-19 23:16:08.683154','2023-09-19 23:16:08.683154',1,NULL,NULL,''),(510,'ATENDIMENTO AO CLIENTE,GERÊNCIA','','',0,NULL,NULL,'2023-09-19T23:17:51.756Z016526940002950.4001262545198021','20230919T231751',0,'PC-Windows','2023-09-19 20:14:30','MARIA','2023-09-19 23:17:51.819601','2023-09-28 22:45:53.458990',9,NULL,NULL,''),(511,'diego não come carne','','',0,NULL,NULL,'2023-09-19T23:17:51.756Z016526940002950.4001262545198021','20230919T231751',0,'PC-Windows','2023-09-19 20:14:30','MARIA','2023-09-19 23:17:51.828193','2023-09-28 22:45:53.458990',11,NULL,NULL,''),(512,'PROMOÇÕES,ATENDIMENTO','','',0,NULL,NULL,'2023-09-19T23:17:51.756Z016526940002950.4001262545198021','20230919T231751',0,'PC-Windows','2023-09-19 20:14:30','MARIA','2023-09-19 23:17:51.840020','2023-09-28 22:45:53.458990',10,NULL,NULL,''),(513,'ATENDIMENTO AO CLIENTE,DEPÓSITO','MARIA','(67) 8 6686-98777',1,NULL,NULL,'2023-09-19T23:19:02.244Z016526940002950.06856807914058116','20230919T231902',0,'PC-Windows','2023-09-19 20:16:36',NULL,'2023-09-19 23:19:02.350071','2023-10-24 22:03:45.111281',9,NULL,NULL,''),(514,'hgiugugi','MARIA','(67) 8 6686-98777',1,NULL,NULL,'2023-09-19T23:19:02.244Z016526940002950.06856807914058116','20230919T231902',0,'PC-Windows','2023-09-19 20:16:36',NULL,'2023-09-19 23:19:02.354288','2023-10-24 22:03:45.727668',11,NULL,NULL,''),(515,'LIMPEZA / HIGIENE,PROMOÇÕES','MARIA','(67) 8 6686-98777',1,NULL,NULL,'2023-09-19T23:19:02.244Z016526940002950.06856807914058116','20230919T231902',0,'PC-Windows','2023-09-19 20:16:36',NULL,'2023-09-19 23:19:02.357277','2023-10-24 22:03:46.779742',10,NULL,NULL,''),(516,'asdf','','',0,NULL,NULL,'2023-09-25T18:19:19.902Z016526940002950.8450230729490915','20230925T181919',4,'PC-Windows','2023-09-25 15:19:02',NULL,'2023-09-25 15:19:20.046702','2023-09-25 15:19:20.046702',7,NULL,NULL,''),(517,'PROMOÇÕES,PREÇOS','','',0,NULL,NULL,'2023-09-25T18:19:19.902Z016526940002950.8450230729490915','20230925T181919',4,'PC-Windows','2023-09-25 15:19:02',NULL,'2023-09-25 15:19:20.054766','2023-09-25 15:19:20.054766',6,NULL,NULL,''),(518,'HORTIFRUTI,DEPÓSITO','','',0,NULL,NULL,'2023-09-25T18:19:19.902Z016526940002950.8450230729490915','20230925T181919',4,'PC-Windows','2023-09-25 15:19:02',NULL,'2023-09-25 15:19:20.060626','2023-09-25 15:19:20.060626',5,NULL,NULL,''),(519,'','','',0,NULL,NULL,'2023-09-26T23:39:42.871Z016526940002950.41039408329814275','20230926T233942',4,'PC-Windows','2023-09-26 20:39:41',NULL,'2023-09-26 20:39:43.451967','2023-09-26 20:39:43.451967',1,NULL,NULL,''),(520,'','','',0,NULL,NULL,'2023-09-29T00:58:03.951Z016526940002950.7943538494503832','20230929T005803',4,'mobile - iPhone','2023-09-28 21:58:01',NULL,'2023-09-28 21:58:04.486772','2023-09-28 21:58:04.486772',1,NULL,NULL,''),(521,'asdf','','',0,NULL,NULL,'2023-09-29T01:07:47.936Z016526940002950.5194217289300112','20230929T010747',4,'PC-Windows','2023-09-28 22:07:37',NULL,'2023-09-28 22:07:48.007603','2023-09-28 22:07:48.007603',7,NULL,NULL,''),(522,'LIMPEZA / HIGIENE,PROMOÇÕES','','',0,NULL,NULL,'2023-09-29T01:07:47.936Z016526940002950.5194217289300112','20230929T010747',4,'PC-Windows','2023-09-28 22:07:37',NULL,'2023-09-28 22:07:48.015361','2023-09-28 22:07:48.015361',6,NULL,NULL,''),(523,'ATENDIMENTO AO CLIENTE,DEPÓSITO','','',0,NULL,NULL,'2023-09-29T01:07:47.936Z016526940002950.5194217289300112','20230929T010747',4,'PC-Windows','2023-09-28 22:07:37',NULL,'2023-09-28 22:07:48.027332','2023-09-28 22:07:48.027332',5,NULL,NULL,''),(524,'asdf','','',0,NULL,NULL,'2023-09-29T01:51:50.475Z016526940002950.31634735774902945','20230929T015150',3,'PC-Windows','2023-09-28 22:51:39',NULL,'2023-09-28 22:51:50.931775','2023-09-28 22:51:50.931775',7,NULL,NULL,''),(525,'LIMPEZA / HIGIENE,PROMOÇÕES,PREÇOS','','',0,NULL,NULL,'2023-09-29T01:51:50.475Z016526940002950.31634735774902945','20230929T015150',3,'PC-Windows','2023-09-28 22:51:39',NULL,'2023-09-28 22:51:50.958914','2023-09-28 22:51:50.958914',6,NULL,NULL,''),(526,'ATENDIMENTO AO CLIENTE,DEPÓSITO','','',0,NULL,NULL,'2023-09-29T01:51:50.475Z016526940002950.31634735774902945','20230929T015150',3,'PC-Windows','2023-09-28 22:51:39',NULL,'2023-09-28 22:51:50.983680','2023-09-28 22:51:50.983680',5,NULL,NULL,''),(527,'','','',0,NULL,NULL,'2023-09-29T02:22:50.567Z016526940002950.4607021484819467','20230929T022250',4,'PC-Windows','2023-09-28 23:22:49',NULL,'2023-09-28 23:22:51.111175','2023-09-28 23:22:51.111175',1,NULL,NULL,''),(528,'','','',0,NULL,NULL,'2023-09-29T02:23:29.693Z016526940002950.848165172587068','20230929T022329',4,'PC-Windows','2023-09-28 23:23:28',NULL,'2023-09-28 23:23:30.232349','2023-09-28 23:23:30.232349',1,NULL,NULL,''),(529,'ATENDIMENTO AO CLIENTE,DEPÓSITO','MARIA','(33) 4 5234-53245',1,NULL,NULL,'2023-09-30T20:48:00.595Z016526940002950.025964572865165403','20230930T204800',2,'undefined - Unknown','2023-09-30 17:47:42',NULL,'2023-09-30 17:48:01.212028','2023-10-24 22:03:48.164871',9,NULL,NULL,''),(530,'LIMPEZA / HIGIENE,PROMOÇÕES','MARIA','(33) 4 5234-53245',1,NULL,NULL,'2023-09-30T20:48:00.595Z016526940002950.025964572865165403','20230930T204800',2,'undefined - Unknown','2023-09-30 17:47:42',NULL,'2023-09-30 17:48:01.218233','2023-10-24 22:03:49.575091',10,NULL,NULL,''),(531,'asdf','MARIA','(33) 4 5234-53245',1,NULL,NULL,'2023-09-30T20:48:00.595Z016526940002950.025964572865165403','20230930T204800',2,'undefined - Unknown','2023-09-30 17:47:42',NULL,'2023-09-30 17:48:01.224895','2023-10-24 22:03:51.414577',11,NULL,NULL,''),(532,'DEPÓSITO,ATENDIMENTO AO CLIENTE,GERÊNCIA','MARIA','(42) 3 4523-45234',1,NULL,NULL,'2023-10-01T00:20:45.634Z016526940002950.861616034104246','20231001T002045',0,'undefined - Unknown','2023-09-30 21:20:28',NULL,'2023-09-30 21:20:45.721213','2023-10-24 22:03:52.374374',9,NULL,NULL,''),(533,'PROMOÇÕES,LIMPEZA / HIGIENE,VARIEDADE','MARIA','(42) 3 4523-45234',1,NULL,NULL,'2023-10-01T00:20:45.634Z016526940002950.861616034104246','20231001T002045',0,'undefined - Unknown','2023-09-30 21:20:28',NULL,'2023-09-30 21:20:45.724812','2023-10-24 22:03:53.060012',10,NULL,NULL,''),(534,'asdf','MARIA','(42) 3 4523-45234',1,NULL,NULL,'2023-10-01T00:20:45.634Z016526940002950.861616034104246','20231001T002045',0,'undefined - Unknown','2023-09-30 21:20:28',NULL,'2023-09-30 21:20:45.729817','2023-10-24 22:03:54.912454',11,NULL,NULL,''),(535,'ATENDIMENTO AO CLIENTE,DEPÓSITO','JOAO','(23) 2 3232-32332',1,NULL,NULL,'2023-10-01T12:42:35.745Z016526940002950.42594288725529816','20231001T124235',1,'undefined - Unknown','2023-10-01 09:42:20',NULL,'2023-10-01 09:42:35.847764','2023-10-24 22:04:07.952260',9,NULL,NULL,''),(536,'LIMPEZA / HIGIENE,PROMOÇÕES','JOAO','(23) 2 3232-32332',1,NULL,NULL,'2023-10-01T12:42:35.745Z016526940002950.42594288725529816','20231001T124235',1,'undefined - Unknown','2023-10-01 09:42:20',NULL,'2023-10-01 09:42:35.854329','2023-10-24 22:04:08.686800',10,NULL,NULL,''),(537,'asdfasdf','JOAO','(23) 2 3232-32332',1,NULL,NULL,'2023-10-01T12:42:35.745Z016526940002950.42594288725529816','20231001T124235',1,'undefined - Unknown','2023-10-01 09:42:20',NULL,'2023-10-01 09:42:35.860048','2023-10-24 22:04:09.588483',11,NULL,NULL,''),(538,'DEPÓSITO,ATENDIMENTO AO CLIENTE','JOAO','(34) 5 2345-23452',1,NULL,NULL,'2023-10-01T12:48:38.650Z016526940002950.6282368116225059','20231001T124838',1,'undefined - Unknown','2023-10-01 09:48:16',NULL,'2023-10-01 09:48:39.062165','2023-10-24 22:04:10.193016',9,NULL,NULL,''),(539,'VARIEDADE,CLIMA,QUALIDADE DOS PRODUTOS','JOAO','(34) 5 2345-23452',1,NULL,NULL,'2023-10-01T12:48:38.650Z016526940002950.6282368116225059','20231001T124838',1,'undefined - Unknown','2023-10-01 09:48:16',NULL,'2023-10-01 09:48:39.065297','2023-10-24 22:04:10.843546',10,NULL,NULL,''),(540,'adsf','JOAO','(34) 5 2345-23452',1,NULL,NULL,'2023-10-01T12:48:38.650Z016526940002950.6282368116225059','20231001T124838',1,'undefined - Unknown','2023-10-01 09:48:16',NULL,'2023-10-01 09:48:39.070036','2023-10-24 22:04:12.496122',11,NULL,NULL,''),(541,'ATENDIMENTO AO CLIENTE','LUIZ FERNANDO','(61) 9 9858-3004',1,NULL,NULL,'2023-10-04T02:36:52.725Z016526940002950.7132342272525923','20231004T023652',1,'mobile - iPhone','2023-10-03 23:35:21',NULL,'2023-10-03 23:36:52.803629','2023-10-03 23:36:52.803629',9,NULL,NULL,''),(542,'QUALIDADE DOS PRODUTOS','LUIZ FERNANDO','(61) 9 9858-3004',1,NULL,NULL,'2023-10-04T02:36:52.725Z016526940002950.7132342272525923','20231004T023652',1,'mobile - iPhone','2023-10-03 23:35:21',NULL,'2023-10-03 23:36:52.816646','2023-10-03 23:36:52.816646',10,NULL,NULL,''),(543,'Melhorar variedade de produtos ','LUIZ FERNANDO','(61) 9 9858-3004',1,NULL,NULL,'2023-10-04T02:36:52.725Z016526940002950.7132342272525923','20231004T023652',1,'mobile - iPhone','2023-10-03 23:35:21',NULL,'2023-10-03 23:36:52.822396','2023-10-03 23:36:52.822396',11,NULL,NULL,''),(544,'ATENDIMENTO AO CLIENTE,DEPÓSITO','JOAO','(34) 3 3434-34343',1,NULL,NULL,'2023-10-07T14:02:38.892Z016526940002950.19690178287640392','20231007T140238',1,'undefined - Unknown','2023-10-07 11:02:05',NULL,'2023-10-07 11:02:38.988129','2023-10-24 22:04:13.537787',9,NULL,NULL,''),(545,'LIMPEZA / HIGIENE','JOAO','(34) 3 3434-34343',1,NULL,NULL,'2023-10-07T14:02:38.892Z016526940002950.19690178287640392','20231007T140238',1,'undefined - Unknown','2023-10-07 11:02:05',NULL,'2023-10-07 11:02:38.994408','2023-10-24 22:04:14.067826',10,NULL,NULL,''),(546,'asdf','JOAO','(34) 3 3434-34343',1,NULL,NULL,'2023-10-07T14:02:38.892Z016526940002950.19690178287640392','20231007T140238',1,'undefined - Unknown','2023-10-07 11:02:05',NULL,'2023-10-07 11:02:39.065529','2023-10-24 22:04:15.338969',11,NULL,NULL,''),(547,'DEPÓSITO,ATENDIMENTO AO CLIENTE','','',0,NULL,NULL,'2023-10-07T20:53:00.637Z016526940002950.8008383449712089','20231007T205300',3,'undefined - Unknown','2023-10-07 17:52:50',NULL,'2023-10-07 17:53:00.714104','2023-10-07 17:53:00.714104',5,NULL,NULL,''),(548,'PROMOÇÕES,PREÇOS','','',0,NULL,NULL,'2023-10-07T20:53:00.637Z016526940002950.8008383449712089','20231007T205300',3,'undefined - Unknown','2023-10-07 17:52:50',NULL,'2023-10-07 17:53:00.717333','2023-10-07 17:53:00.717333',6,NULL,NULL,''),(549,'asdf','','',0,NULL,NULL,'2023-10-07T20:53:00.637Z016526940002950.8008383449712089','20231007T205300',3,'undefined - Unknown','2023-10-07 17:52:50',NULL,'2023-10-07 17:53:00.724459','2023-10-07 17:53:00.724459',7,NULL,NULL,''),(550,'DEPÓSITO,ATENDIMENTO AO CLIENTE,GERÊNCIA','JOAO','(21) 2 3412-34213',1,NULL,NULL,'2023-10-07T22:27:47.133Z016526940002950.9356666971173453','20231007T222747',2,'undefined - Unknown','2023-10-07 19:27:31',NULL,'2023-10-07 19:27:47.214255','2023-10-24 22:04:17.189970',9,NULL,NULL,''),(551,'LIMPEZA / HIGIENE,PROMOÇÕES','JOAO','(21) 2 3412-34213',1,NULL,NULL,'2023-10-07T22:27:47.133Z016526940002950.9356666971173453','20231007T222747',2,'undefined - Unknown','2023-10-07 19:27:31',NULL,'2023-10-07 19:27:47.218095','2023-10-24 22:04:17.782518',10,NULL,NULL,''),(552,'qwer','JOAO','(21) 2 3412-34213',1,NULL,NULL,'2023-10-07T22:27:47.133Z016526940002950.9356666971173453','20231007T222747',2,'undefined - Unknown','2023-10-07 19:27:31',NULL,'2023-10-07 19:27:47.271492','2023-10-24 22:04:18.387353',11,NULL,NULL,''),(553,'DEPÓSITO,ATENDIMENTO AO CLIENTE,GERÊNCIA','JOAO','(33) 4 3434-34343',1,NULL,NULL,'2023-10-08T00:15:26.389Z016526940002950.5495387859075278','20231008T001526',1,'undefined - Unknown','2023-10-07 21:15:05',NULL,'2023-10-07 21:15:26.502440','2023-10-24 22:04:19.410701',9,NULL,NULL,''),(554,'LIMPEZA / HIGIENE,PROMOÇÕES,PREÇOS','JOAO','(33) 4 3434-34343',1,NULL,NULL,'2023-10-08T00:15:26.389Z016526940002950.5495387859075278','20231008T001526',1,'undefined - Unknown','2023-10-07 21:15:05',NULL,'2023-10-07 21:15:26.507352','2023-10-24 22:04:19.960176',10,NULL,NULL,''),(555,'asdf','JOAO','(33) 4 3434-34343',1,NULL,NULL,'2023-10-08T00:15:26.389Z016526940002950.5495387859075278','20231008T001526',1,'undefined - Unknown','2023-10-07 21:15:05',NULL,'2023-10-07 21:15:26.516829','2023-10-24 22:04:20.660408',11,NULL,NULL,''),(556,'DEPÓSITO,ATENDIMENTO AO CLIENTE,GERÊNCIA','MARCOS','(23) 4 5234-52345',1,NULL,NULL,'2023-10-08T00:54:03.839Z016526940002950.7338039235531373','20231008T005403',0,'undefined - Unknown','2023-10-07 21:53:44',NULL,'2023-10-07 21:54:04.155053','2023-10-24 22:04:24.109529',9,NULL,NULL,''),(557,'PROMOÇÕES,LIMPEZA / HIGIENE,VARIEDADE','MARCOS','(23) 4 5234-52345',1,NULL,NULL,'2023-10-08T00:54:03.839Z016526940002950.7338039235531373','20231008T005403',0,'undefined - Unknown','2023-10-07 21:53:44',NULL,'2023-10-07 21:54:04.158049','2023-10-24 22:04:24.750361',10,NULL,NULL,''),(558,'asdf','MARCOS','(23) 4 5234-52345',1,NULL,NULL,'2023-10-08T00:54:03.839Z016526940002950.7338039235531373','20231008T005403',0,'undefined - Unknown','2023-10-07 21:53:44',NULL,'2023-10-07 21:54:04.163061','2023-10-24 22:04:26.003760',11,NULL,NULL,''),(559,'ATENDIMENTO AO CLIENTE,GERÊNCIA','MARCOS','(23) 4 5234-52345',1,NULL,NULL,'2023-10-08T01:09:48.276Z016526940002950.23223472535367629','20231008T010948',1,'undefined - Unknown','2023-10-07 22:09:34',NULL,'2023-10-07 22:09:48.350033','2023-10-24 22:04:26.580150',9,NULL,NULL,''),(560,'LIMPEZA / HIGIENE,PROMOÇÕES','MARCOS','(23) 4 5234-52345',1,NULL,NULL,'2023-10-08T01:09:48.276Z016526940002950.23223472535367629','20231008T010948',1,'undefined - Unknown','2023-10-07 22:09:34',NULL,'2023-10-07 22:09:48.353649','2023-10-24 22:04:27.152773',10,NULL,NULL,''),(561,'asdf','MARCOS','(23) 4 5234-52345',1,NULL,NULL,'2023-10-08T01:09:48.276Z016526940002950.23223472535367629','20231008T010948',1,'undefined - Unknown','2023-10-07 22:09:34',NULL,'2023-10-07 22:09:48.360437','2023-10-24 22:04:27.753469',11,NULL,NULL,''),(562,'ATENDIMENTO AO CLIENTE,GERÊNCIA','MARCOS','(34) 5 3245-32453',1,NULL,NULL,'2023-10-08T01:55:16.972Z016526940002950.23481773844619247','20231008T015516',1,'undefined - Unknown','2023-10-07 22:55:03',NULL,'2023-10-07 22:55:17.101206','2023-10-24 22:04:28.325851',9,NULL,NULL,''),(563,'LIMPEZA / HIGIENE,VARIEDADE','MARCOS','(34) 5 3245-32453',1,NULL,NULL,'2023-10-08T01:55:16.972Z016526940002950.23481773844619247','20231008T015516',1,'undefined - Unknown','2023-10-07 22:55:03',NULL,'2023-10-07 22:55:17.103840','2023-10-24 22:04:28.951747',10,NULL,NULL,''),(564,'asdf','MARCOS','(34) 5 3245-32453',1,NULL,NULL,'2023-10-08T01:55:16.972Z016526940002950.23481773844619247','20231008T015516',1,'undefined - Unknown','2023-10-07 22:55:03',NULL,'2023-10-07 22:55:17.108336','2023-10-24 22:04:29.971635',11,NULL,NULL,''),(565,'ATENDIMENTO AO CLIENTE,GERÊNCIA','','',0,NULL,NULL,'2023-10-08T02:00:52.721Z016526940002950.4568777343797443','20231008T020052',3,'undefined - Unknown','2023-10-07 23:00:37',NULL,'2023-10-07 23:00:53.136704','2023-10-07 23:00:53.136704',5,NULL,NULL,''),(566,'LIMPEZA / HIGIENE,VARIEDADE','','',0,NULL,NULL,'2023-10-08T02:00:52.721Z016526940002950.4568777343797443','20231008T020052',3,'undefined - Unknown','2023-10-07 23:00:37',NULL,'2023-10-07 23:00:53.142015','2023-10-07 23:00:53.142015',6,NULL,NULL,''),(567,'asdf','','',0,NULL,NULL,'2023-10-08T02:00:52.721Z016526940002950.4568777343797443','20231008T020052',3,'undefined - Unknown','2023-10-07 23:00:37',NULL,'2023-10-07 23:00:53.147621','2023-10-07 23:00:53.147621',7,NULL,NULL,''),(568,'ATENDIMENTO AO CLIENTE,GERÊNCIA,FRENTE DE CAIXA','','',0,NULL,NULL,'2023-10-08T02:13:56.780Z016526940002950.13569467559292003','20231008T021356',3,'undefined - Unknown','2023-10-07 23:11:23',NULL,'2023-10-07 23:13:57.221928','2023-10-07 23:13:57.221000',5,NULL,NULL,''),(569,'PROMOÇÕES,LIMPEZA / HIGIENE,VARIEDADE','','',0,NULL,NULL,'2023-10-08T02:13:56.780Z016526940002950.13569467559292003','20231008T021356',3,'undefined - Unknown','2023-10-07 23:11:23',NULL,'2023-10-07 23:13:57.225043','2023-10-07 23:13:57.225000',6,NULL,NULL,''),(570,'asdf','','',0,NULL,NULL,'2023-10-08T02:13:56.780Z016526940002950.13569467559292003','20231008T021356',3,'undefined - Unknown','2023-10-07 23:11:23',NULL,'2023-10-07 23:13:57.230733','2023-10-07 23:13:57.230000',7,NULL,NULL,''),(571,'ATENDIMENTO AO CLIENTE,GERÊNCIA,FRENTE DE CAIXA','','',0,NULL,NULL,'2023-10-08T02:47:20.482Z016526940002950.45572067647548575','20231008T024720',3,'undefined - Unknown','2023-10-07 23:47:03',NULL,'2023-10-07 23:47:20.573551','2023-10-07 23:47:20.573000',5,NULL,NULL,''),(572,'LIMPEZA / HIGIENE,VARIEDADE,CLIMA','','',0,NULL,NULL,'2023-10-08T02:47:20.482Z016526940002950.45572067647548575','20231008T024720',3,'undefined - Unknown','2023-10-07 23:47:03',NULL,'2023-10-07 23:47:20.578557','2023-10-07 23:47:20.578000',6,NULL,NULL,''),(573,'asdf','','',0,NULL,NULL,'2023-10-08T02:47:20.482Z016526940002950.45572067647548575','20231008T024720',3,'undefined - Unknown','2023-10-07 23:47:03',NULL,'2023-10-07 23:47:20.584885','2023-10-07 23:47:20.584000',7,NULL,NULL,''),(574,'ATENDIMENTO AO CLIENTE,GERÊNCIA,FRENTE DE CAIXA','SEBESTIAO','(12) 3 4234-23423',1,NULL,NULL,'2023-10-08T02:50:27.328Z016526940002950.3279281788077688','20231008T025027',2,'undefined - Unknown','2023-10-07 23:50:09',NULL,'2023-10-07 23:50:27.839468','2023-10-24 22:04:38.781093',9,'',NULL,''),(575,'LIMPEZA / HIGIENE,VARIEDADE,CLIMA','SEBESTIAO','(12) 3 4234-23423',1,NULL,NULL,'2023-10-08T02:50:27.328Z016526940002950.3279281788077688','20231008T025027',2,'undefined - Unknown','2023-10-07 23:50:09',NULL,'2023-10-07 23:50:27.842222','2023-10-24 22:04:40.549856',10,'',NULL,''),(576,'asdf','SEBESTIAO','(12) 3 4234-23423',1,NULL,NULL,'2023-10-08T02:50:27.328Z016526940002950.3279281788077688','20231008T025027',2,'undefined - Unknown','2023-10-07 23:50:09',NULL,'2023-10-07 23:50:27.847766','2023-10-24 22:04:41.161077',11,'',NULL,''),(577,'','','',0,NULL,NULL,'2023-10-08T21:21:22.694Z016526940002950.5455878673542389','20231008T212122',4,'PC-Windows','2023-10-08 18:21:22',NULL,'2023-10-08 18:21:22.972894','2023-10-14 03:07:15.857446',1,'',NULL,''),(578,'asdf','SEBESTIAO','(34) 3 4433-43443',1,NULL,NULL,'2023-10-09T21:19:48.381Z016526940002950.070866309512021','20231009T211948',0,'PC-Windows','2023-10-09 18:19:19',NULL,'2023-10-09 18:19:48.763831','2023-10-24 22:04:41.766491',11,'',NULL,''),(579,'LIMPEZA / HIGIENE,VARIEDADE,CLIMA','SEBESTIAO','(34) 3 4433-43443',1,NULL,NULL,'2023-10-09T21:19:48.381Z016526940002950.070866309512021','20231009T211948',0,'PC-Windows','2023-10-09 18:19:19',NULL,'2023-10-09 18:19:48.756475','2023-10-24 22:04:42.358177',10,'',NULL,''),(580,'ATENDIMENTO AO CLIENTE,DEPÓSITO','SEBESTIAO','(34) 3 4433-43443',1,NULL,NULL,'2023-10-09T21:19:48.381Z016526940002950.070866309512021','20231009T211948',0,'PC-Windows','2023-10-09 18:19:19',NULL,'2023-10-09 18:19:48.695281','2023-10-24 22:04:42.978796',9,'',NULL,''),(581,'asdf','SEBESTIAO','(34) 3 4433-43443',1,NULL,NULL,'2023-10-09T21:19:48.381Z016526940002950.070866309512021','20231009T211948',0,'PC-Windows','2023-10-09 18:19:19',NULL,'2023-10-09 18:19:48.763831','2023-10-24 22:04:43.776272',11,'',NULL,''),(582,'','','',0,NULL,NULL,'2023-10-14T14:10:30.602Z016526940002950.36332721732260775','20231014T141030',4,'PC-Windows','2023-10-14 11:10:29',NULL,'2023-10-14 11:10:30.704618','2023-10-14 11:10:30.704618',1,'',NULL,''),(583,'','','',0,NULL,NULL,'2023-10-14T14:11:36.808Z016526940002950.05786668336278333','20231014T141136',4,'PC-Windows','2023-10-14 11:11:36',NULL,'2023-10-14 11:11:37.030746','2023-10-14 11:11:37.030746',1,'',NULL,''),(584,'','','',0,NULL,NULL,'2023-10-14T14:13:19.982Z016526940002950.9263562471702145','20231014T141319',4,'PC-Windows','2023-10-14 11:13:19',NULL,'2023-10-14 11:13:20.249092','2023-10-14 23:11:22.901656',1,'',NULL,''),(585,'ATENDIMENTO AO CLIENTE,GERÊNCIA','SEBESTIAO','(23) 4 5234-52345',1,NULL,NULL,'2023-10-14T14:26:23.954Z016526940002950.5418743936137476','20231014T142623',0,'undefined - Unknown','2023-10-14 11:26:04',NULL,'2023-10-14 11:26:24.494860','2023-10-24 22:04:47.226271',9,'',NULL,''),(586,'LIMPEZA / HIGIENE,VARIEDADE,CLIMA','SEBESTIAO','(23) 4 5234-52345',1,NULL,NULL,'2023-10-14T14:26:23.954Z016526940002950.5418743936137476','20231014T142623',0,'undefined - Unknown','2023-10-14 11:26:04',NULL,'2023-10-14 11:26:24.501732','2023-10-24 22:04:48.317745',10,'',NULL,''),(587,'asdf','SEBESTIAO','(23) 4 5234-52345',1,NULL,NULL,'2023-10-14T14:26:23.954Z016526940002950.5418743936137476','20231014T142623',0,'undefined - Unknown','2023-10-14 11:26:04',NULL,'2023-10-14 11:26:24.515957','2023-10-24 22:04:49.073656',11,'',NULL,''),(588,'ATENDIMENTO AO CLIENTE,GERÊNCIA','SEBESTIAO','(23) 4 2352-34532',1,NULL,NULL,'2023-10-15T01:11:11.356Z016526940002950.6894531399967114','20231015T011111',0,'undefined - Unknown','2023-10-14 22:07:11',NULL,'2023-10-14 22:11:12.680161','2023-10-24 22:04:49.798952',9,'',NULL,''),(589,'LIMPEZA / HIGIENE,VARIEDADE','SEBESTIAO','(23) 4 2352-34532',1,NULL,NULL,'2023-10-15T01:11:11.356Z016526940002950.6894531399967114','20231015T011111',0,'undefined - Unknown','2023-10-14 22:07:11',NULL,'2023-10-14 22:11:12.698038','2023-10-24 22:04:50.525175',10,'',NULL,''),(590,'asdf','SEBESTIAO','(23) 4 2352-34532',1,NULL,NULL,'2023-10-15T01:11:11.356Z016526940002950.6894531399967114','20231015T011111',0,'undefined - Unknown','2023-10-14 22:07:11',NULL,'2023-10-14 22:11:12.704722','2023-10-24 22:04:51.391531',11,'',NULL,''),(591,'','','',0,NULL,NULL,'2023-10-15T02:02:28.194Z016526940002950.6823940326061142','20231015T020228',4,'PC-Windows','2023-10-14 23:02:25',NULL,'2023-10-14 23:02:28.622822','2023-10-14 23:05:25.806401',1,'',NULL,''),(592,'','','',0,NULL,NULL,'2023-10-15T02:07:49.098Z016526940002950.612238037058165','20231015T020749',4,'PC-Windows','2023-10-14 23:07:48',NULL,'2023-10-14 23:07:49.323695','2023-10-14 23:12:36.213350',1,'',NULL,''),(593,'','','',0,NULL,NULL,'2023-10-15T02:13:39.511Z016526940002950.26686391983034685','20231015T021339',4,'PC-Windows','2023-10-14 23:13:38',NULL,'2023-10-14 23:13:39.792277','2023-10-14 23:16:50.409255',1,'',NULL,''),(594,'','','',0,NULL,NULL,'2023-10-15T02:17:53.496Z016526940002950.674128183365645','20231015T021753',4,'PC-Windows','2023-10-14 23:17:52',NULL,'2023-10-14 23:17:54.025123','2023-10-14 23:18:46.552406',1,'',NULL,''),(595,'','','',0,NULL,NULL,'2023-10-15T02:24:08.401Z016526940002950.14415650606018704','20231015T022408',4,'PC-Windows','2023-10-14 23:24:07',NULL,'2023-10-14 23:24:08.924055','2023-10-14 23:26:21.595414',1,'',NULL,''),(596,'','','',0,NULL,NULL,'2023-10-15T02:27:24.158Z016526940002950.9471044876836281','20231015T022724',4,'PC-Windows','2023-10-14 23:27:23',NULL,'2023-10-14 23:27:24.575703','2023-10-14 23:28:40.238293',1,'',NULL,''),(597,'FRENTE DE CAIXA,DEPÓSITO','','',0,NULL,NULL,'2023-10-15T02:31:08.469Z016526940002950.6670998040067468','20231015T023108',4,'PC-Windows','2023-10-14 23:30:50',NULL,'2023-10-14 23:31:09.466511','2023-10-14 23:34:34.308614',5,'',NULL,''),(598,'CLIMA,PREÇOS,VARIEDADE','','',0,NULL,NULL,'2023-10-15T02:31:08.469Z016526940002950.6670998040067468','20231015T023108',4,'PC-Windows','2023-10-14 23:30:50',NULL,'2023-10-14 23:31:09.471550','2023-10-14 23:34:35.940355',6,'',NULL,''),(599,'Por hoje é só.','','',0,NULL,NULL,'2023-10-15T02:31:08.469Z016526940002950.6670998040067468','20231015T023108',4,'PC-Windows','2023-10-14 23:30:50',NULL,'2023-10-14 23:31:09.477813','2023-10-14 23:34:40.504296',7,'',NULL,''),(600,'FRENTE DE CAIXA,DEPÓSITO','','',0,NULL,NULL,'2023-10-15T02:35:20.998Z016526940002950.6057189526577194','20231015T023520',4,'PC-Windows','2023-10-14 23:34:50','MARIA','2023-10-14 23:35:22.140610','2023-10-14 23:43:57.553574',5,'',NULL,''),(601,'PREÇOS,VARIEDADE,ATENDIMENTO','','',0,NULL,NULL,'2023-10-15T02:35:20.998Z016526940002950.6057189526577194','20231015T023520',4,'PC-Windows','2023-10-14 23:34:50','MARIA','2023-10-14 23:35:22.150642','2023-10-14 23:43:59.296360',6,'',NULL,''),(602,'Sim!','','',0,NULL,NULL,'2023-10-15T02:35:20.998Z016526940002950.6057189526577194','20231015T023520',4,'PC-Windows','2023-10-14 23:34:50','MARIA','2023-10-14 23:35:22.160709','2023-10-14 23:44:00.910310',40,'',NULL,''),(603,'foi ótimo tudo','','',0,NULL,NULL,'2023-10-15T02:35:20.998Z016526940002950.6057189526577194','20231015T023520',4,'PC-Windows','2023-10-14 23:34:50','MARIA','2023-10-14 23:35:22.166081','2023-10-14 23:44:02.649718',7,'',NULL,''),(604,'','','',0,NULL,NULL,'2023-10-15T02:44:14.984Z016526940002950.7546275067109807','20231015T024414',4,'PC-Windows','2023-10-14 23:44:14',NULL,'2023-10-14 23:44:15.262748','2023-10-14 23:48:55.904831',1,'',NULL,''),(605,'','','',0,0,'','2023-11-18T19:44:27.350Z016526940002950.9380428293345728','20231118T194427',4,'PC-Windows','2023-11-18 19:44:26','','2023-11-18 19:44:28.238083','2023-11-18 19:44:28.238083',1,'168.228.200.165',NULL,''),(606,'','','',0,0,'','2023-11-29T12:23:21.980Z016526940002950.7710978665117062','20231129T122321',4,'mobile - iPhone','2023-11-29 12:22:46','','2023-11-29 12:23:23.940821','2023-11-29 12:23:23.940821',5,'191.56.48.103',NULL,''),(607,'PREÇOS','','',0,0,'','2023-11-29T12:23:21.980Z016526940002950.7710978665117062','20231129T122321',4,'mobile - iPhone','2023-11-29 12:22:46','','2023-11-29 12:23:23.946020','2023-11-29 12:23:23.946020',6,'191.56.48.103',NULL,''),(608,'Sim!','','',0,0,'','2023-11-29T12:23:21.980Z016526940002950.7710978665117062','20231129T122321',4,'mobile - iPhone','2023-11-29 12:22:46','','2023-11-29 12:23:23.948969','2023-11-29 12:23:23.948969',40,'191.56.48.103',NULL,''),(609,'Nao','','',0,0,'','2023-11-29T12:23:21.980Z016526940002950.7710978665117062','20231129T122321',4,'mobile - iPhone','2023-11-29 12:22:46','','2023-11-29 12:23:23.951362','2023-11-29 12:23:23.951362',7,'191.56.48.103',NULL,''),(610,'HORTIFRUTI,GERÊNCIA','Lucas','(61) 9 9161-2917',0,0,'','2023-11-29T12:24:47.594Z016526940002950.7651155825756607','20231129T122447',1,'mobile - iPhone','2023-11-29 12:23:45','','2023-11-29 12:24:49.388088','2023-11-29 12:24:49.388088',9,'191.56.48.103',NULL,''),(611,'ATENDIMENTO','Lucas','(61) 9 9161-2917',0,0,'','2023-11-29T12:24:47.594Z016526940002950.7651155825756607','20231129T122447',1,'mobile - iPhone','2023-11-29 12:23:45','','2023-11-29 12:24:49.392220','2023-11-29 12:24:49.392220',10,'191.56.48.103',NULL,''),(612,'Nao','Lucas','(61) 9 9161-2917',0,0,'','2023-11-29T12:24:47.594Z016526940002950.7651155825756607','20231129T122447',1,'mobile - iPhone','2023-11-29 12:23:45','','2023-11-29 12:24:49.397865','2023-11-29 12:24:49.397865',11,'191.56.48.103',NULL,''),(613,'Nunca mais!','Lucas','(61) 9 9161-2917',0,0,'','2023-11-29T12:24:47.594Z016526940002950.7651155825756607','20231129T122447',1,'mobile - iPhone','2023-11-29 12:23:45','','2023-11-29 12:24:49.402358','2023-11-29 12:24:49.402358',41,'191.56.48.103',NULL,''),(614,'','','',0,0,'','2023-11-30T22:39:42.457Z016526940002950.3186493601593302','20231130T223942',4,'mobile - iPhone','2023-11-30 22:39:40','','2023-11-30 22:39:43.042716','2023-11-30 22:39:43.042716',1,'191.176.40.192',NULL,''),(615,'DEPÓSITO,FRENTE DE CAIXA','','',0,0,'','2023-12-07T19:04:27.834Z016526940002950.12005550316231317','20231207T190427',4,'PC-Windows','2023-12-07 18:58:06','','2023-12-07 19:04:29.259395','2023-12-07 19:04:29.259395',5,'191.176.45.118',NULL,''),(616,'PREÇOS,CLIMA','','',0,0,'','2023-12-07T19:04:27.834Z016526940002950.12005550316231317','20231207T190427',4,'PC-Windows','2023-12-07 18:58:06','','2023-12-07 19:04:29.264554','2023-12-07 19:04:29.264554',6,'191.176.45.118',NULL,''),(617,'Sim!','','',0,0,'','2023-12-07T19:04:27.834Z016526940002950.12005550316231317','20231207T190427',4,'PC-Windows','2023-12-07 18:58:06','','2023-12-07 19:04:29.267183','2023-12-07 19:04:29.267183',40,'191.176.45.118',NULL,''),(618,'teste','','',0,0,'','2023-12-07T19:04:27.834Z016526940002950.12005550316231317','20231207T190427',4,'PC-Windows','2023-12-07 18:58:06','','2023-12-07 19:04:29.270784','2023-12-07 19:04:29.270784',7,'191.176.45.118',NULL,''),(689,'ATENDIMENTO AO CLIENTE,DEPÓSITO','GABRIEL','(61) 9 8239-5892',0,0,'','2023-12-14T21:31:14.939Z016526940002950.7432402044306488','20231214T213114',0,'PC-Windows','2023-12-14 21:30:50','','2023-12-14 21:31:16.052305','2023-12-14 21:31:16.052305',9,'191.176.45.118',NULL,''),(690,'PROMOÇÕES,LIMPEZA / HIGIENE','GABRIEL','(61) 9 8239-5892',0,0,'','2023-12-14T21:31:14.939Z016526940002950.7432402044306488','20231214T213114',0,'PC-Windows','2023-12-14 21:30:50','','2023-12-14 21:31:16.058470','2023-12-14 21:31:16.058470',10,'191.176.45.118',NULL,''),(691,'teste','GABRIEL','(61) 9 8239-5892',0,0,'','2023-12-14T21:31:14.939Z016526940002950.7432402044306488','20231214T213114',0,'PC-Windows','2023-12-14 21:30:50','','2023-12-14 21:31:16.063017','2023-12-14 21:31:16.063017',11,'191.176.45.118',NULL,''),(692,'Se melhorar sim.','GABRIEL','(61) 9 8239-5892',0,0,'','2023-12-14T21:31:14.939Z016526940002950.7432402044306488','20231214T213114',0,'PC-Windows','2023-12-14 21:30:50','','2023-12-14 21:31:16.069622','2023-12-14 21:31:16.069622',41,'191.176.45.118',NULL,''),(693,'','','',0,0,'','2023-12-16T09:55:52.658Z016526940002950.9993386851867798','20231216T095552',4,'PC-Windows','2023-12-16 09:55:49','','2023-12-16 09:55:53.541409','2023-12-16 09:55:53.541409',1,'186.216.209.58',NULL,''),(694,'FRENTE DE CAIXA,DEPÓSITO','JOSE','(61) 9 9999-9999',1,0,'','2023-12-16T09:56:34.554Z016526940002950.8640176487679295','20231216T095634',1,'PC-Windows','2023-12-16 09:56:07','','2023-12-16 09:56:35.822818','2023-12-16 09:56:35.822818',9,'186.216.209.58',NULL,''),(695,'VARIEDADE,PROMOÇÕES','JOSE','(61) 9 9999-9999',1,0,'','2023-12-16T09:56:34.554Z016526940002950.8640176487679295','20231216T095634',1,'PC-Windows','2023-12-16 09:56:07','','2023-12-16 09:56:35.827713','2023-12-16 09:56:35.827713',10,'186.216.209.58',NULL,''),(696,'asdsa','JOSE','(61) 9 9999-9999',1,0,'','2023-12-16T09:56:34.554Z016526940002950.8640176487679295','20231216T095634',1,'PC-Windows','2023-12-16 09:56:07','','2023-12-16 09:56:35.831508','2023-12-16 09:56:35.831508',11,'186.216.209.58',NULL,''),(697,'Se melhorar sim.','JOSE','(61) 9 9999-9999',1,0,'','2023-12-16T09:56:34.554Z016526940002950.8640176487679295','20231216T095634',1,'PC-Windows','2023-12-16 09:56:07','','2023-12-16 09:56:35.835851','2023-12-16 09:56:35.835851',41,'186.216.209.58',NULL,''),(698,'','','',0,0,'','2023-12-20T11:47:01.160Z016526940002950.49983819201644053','20231220T114701',4,'mobile - iPhone','2023-12-20 11:46:53','','2023-12-20 11:47:02.118938','2023-12-20 11:47:02.118938',1,'200.0.34.22',NULL,''),(699,'GERÊNCIA,ATENDIMENTO AO CLIENTE,HORTIFRUTI,PADARIA','','',0,0,'','2023-12-20T11:47:35.362Z016526940002950.6266923574706632','20231220T114735',4,'mobile - iPhone','2023-12-20 11:47:10','YURI','2023-12-20 11:47:36.023500','2023-12-20 11:47:36.023500',5,'200.0.34.22',NULL,''),(700,'LIMPEZA / HIGIENE,ATENDIMENTO','','',0,0,'','2023-12-20T11:47:35.362Z016526940002950.6266923574706632','20231220T114735',4,'mobile - iPhone','2023-12-20 11:47:10','YURI','2023-12-20 11:47:36.026997','2023-12-20 11:47:36.026997',6,'200.0.34.22',NULL,''),(701,'Sim!','','',0,0,'','2023-12-20T11:47:35.362Z016526940002950.6266923574706632','20231220T114735',4,'mobile - iPhone','2023-12-20 11:47:10','YURI','2023-12-20 11:47:36.030315','2023-12-20 11:47:36.030315',40,'200.0.34.22',NULL,''),(702,'Ok','','',0,0,'','2023-12-20T11:47:35.362Z016526940002950.6266923574706632','20231220T114735',4,'mobile - iPhone','2023-12-20 11:47:10','YURI','2023-12-20 11:47:36.034081','2023-12-20 11:47:36.034081',7,'200.0.34.22',NULL,''),(703,'PADARIA,FRENTE DE CAIXA','','',0,0,'','2023-12-28T16:15:44.851Z016526940002950.14676520920912994','20231228T161544',3,'mobile - iPhone','2023-12-28 16:14:39','JOSE','2023-12-28 16:15:46.752675','2023-12-28 16:15:46.752675',5,'189.93.248.159',NULL,''),(704,'PREÇOS,VARIEDADE,ATENDIMENTO','','',0,0,'','2023-12-28T16:15:44.851Z016526940002950.14676520920912994','20231228T161544',3,'mobile - iPhone','2023-12-28 16:14:39','JOSE','2023-12-28 16:15:46.757889','2023-12-28 16:15:46.757889',6,'189.93.248.159',NULL,''),(705,'Sim!','','',0,0,'','2023-12-28T16:15:44.851Z016526940002950.14676520920912994','20231228T161544',3,'mobile - iPhone','2023-12-28 16:14:39','JOSE','2023-12-28 16:15:46.763568','2023-12-28 16:15:46.763568',40,'189.93.248.159',NULL,''),(706,'Fffdg','','',0,0,'','2023-12-28T16:15:44.851Z016526940002950.14676520920912994','20231228T161544',3,'mobile - iPhone','2023-12-28 16:14:39','JOSE','2023-12-28 16:15:46.768754','2023-12-28 16:15:46.768754',7,'189.93.248.159',NULL,''),(707,'HORTIFRUTI,PADARIA,ATENDIMENTO AO CLIENTE,GERÊNCIA,DEPÓSITO,GARAGEM,FRENTE DE CAIXA','','',0,0,'','2023-12-28T16:52:13.906Z016526940002950.22073586614125063','20231228T165213',4,'mobile - K','2023-12-28 16:51:11','GABIZZZZ','2023-12-28 16:52:15.558816','2023-12-28 16:52:15.558816',5,'177.128.84.147',NULL,''),(708,'CLIMA,LIMPEZA / HIGIENE,PREÇOS,VARIEDADE,ATENDIMENTO,PROMOÇÕES','','',0,0,'','2023-12-28T16:52:13.906Z016526940002950.22073586614125063','20231228T165213',4,'mobile - K','2023-12-28 16:51:11','GABIZZZZ','2023-12-28 16:52:15.564164','2023-12-28 16:52:15.564164',6,'177.128.84.147',NULL,''),(709,'Sim!','','',0,0,'','2023-12-28T16:52:13.906Z016526940002950.22073586614125063','20231228T165213',4,'mobile - K','2023-12-28 16:51:11','GABIZZZZ','2023-12-28 16:52:15.568991','2023-12-28 16:52:15.568991',40,'177.128.84.147',NULL,''),(710,'Foda o sistema D+','','',0,0,'','2023-12-28T16:52:13.906Z016526940002950.22073586614125063','20231228T165213',4,'mobile - K','2023-12-28 16:51:11','GABIZZZZ','2023-12-28 16:52:15.573377','2023-12-28 16:52:15.573377',7,'177.128.84.147',NULL,''),(711,'GARAGEM','Jp','(31) 9 8888-8888',1,0,'','2023-12-28T16:58:29.027Z016526940002950.8218739318942039','20231228T165829',0,'mobile - K','2023-12-28 16:57:06','','2023-12-28 16:58:30.159097','2024-03-13 11:01:38.997157',9,'177.128.84.147',NULL,''),(712,'ATENDIMENTO','Jp','(31) 9 8888-8888',1,0,'','2023-12-28T16:58:29.027Z016526940002950.8218739318942039','20231228T165829',0,'mobile - K','2023-12-28 16:57:06','','2023-12-28 16:58:30.162999','2024-03-13 11:01:39.049784',10,'177.128.84.147',NULL,''),(713,'Se melhorar sim.','Jp','(31) 9 8888-8888',1,0,'','2023-12-28T16:58:29.027Z016526940002950.8218739318942039','20231228T165829',0,'mobile - K','2023-12-28 16:57:06','','2023-12-28 16:58:30.165758','2024-03-13 11:01:39.158051',41,'177.128.84.147',NULL,''),(714,'Sinalização ','Jp','(31) 9 8888-8888',1,0,'','2023-12-28T16:58:29.027Z016526940002950.8218739318942039','20231228T165829',0,'mobile - K','2023-12-28 16:57:06','','2023-12-28 16:58:30.168143','2024-03-13 11:01:39.222889',11,'177.128.84.147',NULL,''),(715,'ATENDIMENTO AO CLIENTE','','',0,0,'','2023-12-30T16:40:45.183Z016526940002950.40383605382367227','20231230T164045',4,'mobile - K','2023-12-30 16:38:54','GABRIEL','2023-12-30 16:40:46.494893','2023-12-30 16:40:46.494893',5,'170.239.98.0',NULL,''),(716,'ATENDIMENTO','','',0,0,'','2023-12-30T16:40:45.183Z016526940002950.40383605382367227','20231230T164045',4,'mobile - K','2023-12-30 16:38:54','GABRIEL','2023-12-30 16:40:46.500488','2023-12-30 16:40:46.500488',6,'170.239.98.0',NULL,''),(717,'Sim!','','',0,0,'','2023-12-30T16:40:45.183Z016526940002950.40383605382367227','20231230T164045',4,'mobile - K','2023-12-30 16:38:54','GABRIEL','2023-12-30 16:40:46.507363','2023-12-30 16:40:46.507363',40,'170.239.98.0',NULL,''),(718,'Exemplo ','','',0,0,'','2023-12-30T16:40:45.183Z016526940002950.40383605382367227','20231230T164045',4,'mobile - K','2023-12-30 16:38:54','GABRIEL','2023-12-30 16:40:46.509670','2023-12-30 16:40:46.509670',7,'170.239.98.0',NULL,''),(719,'DEPÓSITO,ATENDIMENTO AO CLIENTE','Tiago','(99) 9 9999-9999',1,0,'','2024-01-03T18:51:26.280Z016526940002950.4241666161397195','20240103T185126',0,'mobile - iPhone','2024-01-03 18:49:45','TIAGO','2024-01-03 18:51:27.267327','2024-01-03 18:51:27.267327',9,'186.216.209.58',NULL,''),(720,'ATENDIMENTO','Tiago','(99) 9 9999-9999',1,0,'','2024-01-03T18:51:26.280Z016526940002950.4241666161397195','20240103T185126',0,'mobile - iPhone','2024-01-03 18:49:45','TIAGO','2024-01-03 18:51:27.272590','2024-01-03 18:51:27.272590',10,'186.216.209.58',NULL,''),(721,'Se melhorar sim.','Tiago','(99) 9 9999-9999',1,0,'','2024-01-03T18:51:26.280Z016526940002950.4241666161397195','20240103T185126',0,'mobile - iPhone','2024-01-03 18:49:45','TIAGO','2024-01-03 18:51:27.279571','2024-01-03 18:51:27.279571',41,'186.216.209.58',NULL,''),(722,'Jajajahaha','Tiago','(99) 9 9999-9999',1,0,'','2024-01-03T18:51:26.280Z016526940002950.4241666161397195','20240103T185126',0,'mobile - iPhone','2024-01-03 18:49:45','TIAGO','2024-01-03 18:51:27.283242','2024-01-03 18:51:27.283242',11,'186.216.209.58',NULL,''),(723,'','','',0,0,'','2024-01-04T15:53:45.939Z016526940002950.9259860040366265','20240104T155345',4,'PC-Windows','2024-01-04 15:53:44','','2024-01-04 15:53:46.222085','2024-01-04 15:53:46.222085',1,'186.216.209.58',NULL,''),(724,'DEPÓSITO','Victor','(31) 9 8821-7212',1,0,'','2024-01-04T15:58:56.183Z016526940002950.9772538062681584','20240104T155856',1,'mobile - K','2024-01-04 15:57:41','','2024-01-04 15:58:57.490742','2024-01-04 15:58:57.490742',9,'170.239.98.54',NULL,''),(725,'LIMPEZA / HIGIENE','Victor','(31) 9 8821-7212',1,0,'','2024-01-04T15:58:56.183Z016526940002950.9772538062681584','20240104T155856',1,'mobile - K','2024-01-04 15:57:41','','2024-01-04 15:58:57.495866','2024-01-04 15:58:57.495866',10,'170.239.98.54',NULL,''),(726,'Nunca mais!','Victor','(31) 9 8821-7212',1,0,'','2024-01-04T15:58:56.183Z016526940002950.9772538062681584','20240104T155856',1,'mobile - K','2024-01-04 15:57:41','','2024-01-04 15:58:57.498354','2024-01-04 15:58:57.498354',41,'170.239.98.54',NULL,''),(727,'O ambiente em que se encontrava o meu produto estava sujo. Não gostei.','Victor','(31) 9 8821-7212',1,0,'','2024-01-04T15:58:56.183Z016526940002950.9772538062681584','20240104T155856',1,'mobile - K','2024-01-04 15:57:41','','2024-01-04 15:58:57.503404','2024-01-04 15:58:57.503404',11,'170.239.98.54',NULL,''),(728,'PADARIA','','',0,0,'','2024-01-11T15:12:52.089Z016526940002950.4341786757720716','20240111T151252',3,'mobile - iPhone','2024-01-11 15:11:45','','2024-01-11 15:12:54.491265','2024-01-11 15:12:54.491265',5,'191.58.136.108',NULL,''),(729,'LIMPEZA / HIGIENE','','',0,0,'','2024-01-11T15:12:52.089Z016526940002950.4341786757720716','20240111T151252',3,'mobile - iPhone','2024-01-11 15:11:45','','2024-01-11 15:12:54.501569','2024-01-11 15:12:54.501569',6,'191.58.136.108',NULL,''),(730,'Sim!','','',0,0,'','2024-01-11T15:12:52.089Z016526940002950.4341786757720716','20240111T151252',3,'mobile - iPhone','2024-01-11 15:11:45','','2024-01-11 15:12:54.511151','2024-01-11 15:12:54.511151',40,'191.58.136.108',NULL,''),(731,'Muito bom o pão ','','',0,0,'','2024-01-11T15:12:52.089Z016526940002950.4341786757720716','20240111T151252',3,'mobile - iPhone','2024-01-11 15:11:45','','2024-01-11 15:12:54.516364','2024-01-11 15:12:54.516364',7,'191.58.136.108',NULL,''),(732,'LANCHONETE,PÃES,SALGADOS','','',0,0,'','2024-01-16T11:20:17.187Z299792620001210.9953228883517028','20240116T112017',3,'mobile - iPhone','2024-01-16 11:18:18','','2024-01-16 11:20:19.481757','2024-01-16 11:20:19.481757',49,'177.51.62.221',11,''),(733,'ATENDIMENTO','','',0,0,'','2024-01-16T11:20:17.187Z299792620001210.9953228883517028','20240116T112017',3,'mobile - iPhone','2024-01-16 11:18:18','','2024-01-16 11:20:19.484966','2024-01-16 11:20:19.484966',50,'177.51.62.221',11,''),(734,'Nem sempre!','','',0,0,'','2024-01-16T11:20:17.187Z299792620001210.9953228883517028','20240116T112017',3,'mobile - iPhone','2024-01-16 11:18:18','','2024-01-16 11:20:19.487127','2024-01-16 11:20:19.487127',51,'177.51.62.221',11,''),(735,'','','',0,0,'','2024-01-16T11:20:17.187Z299792620001210.9953228883517028','20240116T112017',3,'mobile - iPhone','2024-01-16 11:18:18','','2024-01-16 11:20:19.491487','2024-01-16 11:20:19.491487',52,'177.51.62.221',11,''),(736,'ENCOMENDAS,BUFFET CAFÉ COLONIAL,BOLOS','','',0,0,'','2024-01-16T13:13:47.536Z299792620001210.19206755672873088','20240116T131347',4,'mobile - K','2024-01-16 13:12:48','TODOS','2024-01-16 13:13:49.128197','2024-01-16 13:13:49.128197',49,'177.97.31.175',13,''),(737,'ATENDIMENTO,QUALIDADE DOS PRODUTOS','','',0,0,'','2024-01-16T13:13:47.536Z299792620001210.19206755672873088','20240116T131347',4,'mobile - K','2024-01-16 13:12:48','TODOS','2024-01-16 13:13:49.130825','2024-01-16 13:13:49.130825',50,'177.97.31.175',13,''),(738,'Nem sempre!','','',0,0,'','2024-01-16T13:13:47.536Z299792620001210.19206755672873088','20240116T131347',4,'mobile - K','2024-01-16 13:12:48','TODOS','2024-01-16 13:13:49.133034','2024-01-16 13:13:49.133034',51,'177.97.31.175',13,''),(739,'','','',0,0,'','2024-01-16T13:13:47.536Z299792620001210.19206755672873088','20240116T131347',4,'mobile - K','2024-01-16 13:12:48','TODOS','2024-01-16 13:13:49.139465','2024-01-16 13:13:49.139465',52,'177.97.31.175',13,''),(740,'','','',0,0,'','2024-01-17T08:08:00.838Z299792620001210.3349234326031483','20240117T080800',4,'mobile - K','2024-01-17 08:07:52','','2024-01-17 08:08:01.500488','2024-01-17 08:08:01.500488',53,'189.40.76.103',8,''),(741,'LANCHONETE,PÃES,BOLOS,SALGADOS,CONVENIÊNCIA,PIZZARIA / HAMBURGUERIA','','',0,0,'','2024-01-18T10:38:44.034Z299792620001210.0206855187056052','20240118T103844',4,'mobile - K','2024-01-18 10:34:33','SIM ARIADNA E OUTRAS','2024-01-18 10:38:45.703645','2024-01-18 10:38:45.703645',49,'187.43.172.166',8,''),(742,'ATENDIMENTO,QUALIDADE DOS PRODUTOS,LIMPEZA / HIGIENE,VARIEDADE DE PRODUTOS,TEMPO DE ESPERA,PROMOÇÕES','','',0,0,'','2024-01-18T10:38:44.034Z299792620001210.0206855187056052','20240118T103844',4,'mobile - K','2024-01-18 10:34:33','SIM ARIADNA E OUTRAS','2024-01-18 10:38:45.710527','2024-01-18 10:38:45.710527',50,'187.43.172.166',8,''),(743,'Sim, sempre!','','',0,0,'','2024-01-18T10:38:44.034Z299792620001210.0206855187056052','20240118T103844',4,'mobile - K','2024-01-18 10:34:33','SIM ARIADNA E OUTRAS','2024-01-18 10:38:45.714201','2024-01-18 10:38:45.714201',51,'187.43.172.166',8,''),(744,'Todos são excelentes ','','',0,0,'','2024-01-18T10:38:44.034Z299792620001210.0206855187056052','20240118T103844',4,'mobile - K','2024-01-18 10:34:33','SIM ARIADNA E OUTRAS','2024-01-18 10:38:45.717201','2024-01-18 10:38:45.717201',52,'187.43.172.166',8,''),(745,'LANCHONETE','','',0,0,'','2024-01-18T14:03:20.159Z299792620001210.8501082681354035','20240118T140320',4,'mobile - iPhone','2024-01-18 14:02:07','','2024-01-18 14:03:23.595636','2024-01-18 14:03:23.595636',49,'177.174.211.139',8,''),(746,'ATENDIMENTO','','',0,0,'','2024-01-18T14:03:20.159Z299792620001210.8501082681354035','20240118T140320',4,'mobile - iPhone','2024-01-18 14:02:07','','2024-01-18 14:03:23.598243','2024-01-18 14:03:23.598243',50,'177.174.211.139',8,''),(747,'Nem sempre!','','',0,0,'','2024-01-18T14:03:20.159Z299792620001210.8501082681354035','20240118T140320',4,'mobile - iPhone','2024-01-18 14:02:07','','2024-01-18 14:03:23.600383','2024-01-18 14:03:23.600383',51,'177.174.211.139',8,''),(748,'','','',0,0,'','2024-01-18T14:03:20.159Z299792620001210.8501082681354035','20240118T140320',4,'mobile - iPhone','2024-01-18 14:02:07','','2024-01-18 14:03:23.602442','2024-01-18 14:03:23.602442',52,'177.174.211.139',8,''),(749,'','','',0,0,'','2024-01-18T14:15:35.189Z299792620001210.9831551021311833','20240118T141535',4,'mobile - K','2024-01-18 14:14:00','KANANDA','2024-01-18 14:15:37.186337','2024-01-18 14:15:37.186337',49,'177.25.238.165',8,''),(750,'ATENDIMENTO','','',0,0,'','2024-01-18T14:15:35.189Z299792620001210.9831551021311833','20240118T141535',4,'mobile - K','2024-01-18 14:14:00','KANANDA','2024-01-18 14:15:37.189137','2024-01-18 14:15:37.189137',50,'177.25.238.165',8,''),(751,'Sim, sempre!','','',0,0,'','2024-01-18T14:15:35.189Z299792620001210.9831551021311833','20240118T141535',4,'mobile - K','2024-01-18 14:14:00','KANANDA','2024-01-18 14:15:37.191538','2024-01-18 14:15:37.191538',51,'177.25.238.165',8,''),(752,'','','',0,0,'','2024-01-18T14:15:35.189Z299792620001210.9831551021311833','20240118T141535',4,'mobile - K','2024-01-18 14:14:00','KANANDA','2024-01-18 14:15:37.193683','2024-01-18 14:15:37.193683',52,'177.25.238.165',8,''),(753,'PÃES,BOLOS,CONVENIÊNCIA,SALGADOS','','',0,0,'','2024-01-19T10:07:31.752Z299792620001210.4224136220028254','20240119T100731',4,'mobile - K','2024-01-19 10:02:38','','2024-01-19 10:07:34.035742','2024-01-19 10:07:34.035742',49,'200.173.229.67',9,''),(754,'LIMPEZA / HIGIENE,PREÇOS','','',0,0,'','2024-01-19T10:07:31.752Z299792620001210.4224136220028254','20240119T100731',4,'mobile - K','2024-01-19 10:02:38','','2024-01-19 10:07:34.039567','2024-01-19 10:07:34.039567',50,'200.173.229.67',9,''),(755,'Sim, sempre!','','',0,0,'','2024-01-19T10:07:31.752Z299792620001210.4224136220028254','20240119T100731',4,'mobile - K','2024-01-19 10:02:38','','2024-01-19 10:07:34.043681','2024-01-19 10:07:34.043681',51,'200.173.229.67',9,''),(756,'Atendimento au avisar onde fica o  o local de  fazer o pedido uma pergunta na lanchonete vi uma atendente  bem bruta uma cliente e reclamando do salário ','','',0,0,'','2024-01-19T10:07:31.752Z299792620001210.4224136220028254','20240119T100731',4,'mobile - K','2024-01-19 10:02:38','','2024-01-19 10:07:34.045998','2024-01-19 10:07:34.045998',52,'200.173.229.67',9,''),(757,'LANCHONETE','','',0,0,'','2024-01-19T21:16:55.658Z299792620001210.23873461485676784','20240119T211655',3,'mobile - iPhone','2024-01-19 21:16:09','KEULY','2024-01-19 21:16:57.010809','2024-01-19 21:16:57.010809',49,'191.30.145.113',8,''),(758,'ATENDIMENTO','','',0,0,'','2024-01-19T21:16:55.658Z299792620001210.23873461485676784','20240119T211655',3,'mobile - iPhone','2024-01-19 21:16:09','KEULY','2024-01-19 21:16:57.019774','2024-01-19 21:16:57.019774',50,'191.30.145.113',8,''),(759,'Nem sempre!','','',0,0,'','2024-01-19T21:16:55.658Z299792620001210.23873461485676784','20240119T211655',3,'mobile - iPhone','2024-01-19 21:16:09','KEULY','2024-01-19 21:16:57.022877','2024-01-19 21:16:57.022877',51,'191.30.145.113',8,''),(760,'Não ','','',0,0,'','2024-01-19T21:16:55.658Z299792620001210.23873461485676784','20240119T211655',3,'mobile - iPhone','2024-01-19 21:16:09','KEULY','2024-01-19 21:16:57.028785','2024-01-19 21:16:57.028785',52,'191.30.145.113',8,''),(761,'LANCHONETE','','',0,0,'','2024-01-22T07:57:20.797Z299792620001210.569489698355476','20240122T075720',4,'mobile - SM-A217M','2024-01-22 07:54:37','','2024-01-22 07:57:23.251557','2024-01-22 07:57:23.251557',49,'191.58.131.67',8,''),(762,'','','',0,0,'','2024-01-22T07:57:20.797Z299792620001210.569489698355476','20240122T075720',4,'mobile - SM-A217M','2024-01-22 07:54:37','','2024-01-22 07:57:23.257059','2024-01-22 07:57:23.257059',50,'191.58.131.67',8,''),(763,'Sim, sempre!','','',0,0,'','2024-01-22T07:57:20.797Z299792620001210.569489698355476','20240122T075720',4,'mobile - SM-A217M','2024-01-22 07:54:37','','2024-01-22 07:57:23.259525','2024-01-22 07:57:23.259525',51,'191.58.131.67',8,''),(764,'','','',0,0,'','2024-01-22T07:57:20.797Z299792620001210.569489698355476','20240122T075720',4,'mobile - SM-A217M','2024-01-22 07:54:37','','2024-01-22 07:57:23.264086','2024-01-22 07:57:23.264086',52,'191.58.131.67',8,''),(765,'PÃES,LANCHONETE,SALGADOS,ENCOMENDAS,PIZZARIA / HAMBURGUERIA,BUFFET CAFÉ COLONIAL,BUFFET PRATROS PRONTOS / SELF SERVICE,BOLOS,CONVENIÊNCIA','','',0,0,'','2024-01-22T22:05:27.462Z299792620001210.5473275728107726','20240122T220527',4,'mobile - iPhone','2024-01-22 22:01:29','','2024-01-22 22:05:29.016161','2024-01-22 22:05:29.016161',49,'177.174.208.42',10,''),(766,'PROMOÇÕES','','',0,0,'','2024-01-22T22:05:27.462Z299792620001210.5473275728107726','20240122T220527',4,'mobile - iPhone','2024-01-22 22:01:29','','2024-01-22 22:05:29.020719','2024-01-22 22:05:29.020719',50,'177.174.208.42',10,''),(767,'Sim, sempre!','','',0,0,'','2024-01-22T22:05:27.462Z299792620001210.5473275728107726','20240122T220527',4,'mobile - iPhone','2024-01-22 22:01:29','','2024-01-22 22:05:29.023508','2024-01-22 22:05:29.023508',51,'177.174.208.42',10,''),(768,'Nao Tudo essa padaria e bom','','',0,0,'','2024-01-22T22:05:27.462Z299792620001210.5473275728107726','20240122T220527',4,'mobile - iPhone','2024-01-22 22:01:29','','2024-01-22 22:05:29.026571','2024-01-22 22:05:29.026571',52,'177.174.208.42',10,''),(769,'LANCHONETE,CONVENIÊNCIA,SALGADOS,PÃES,BOLOS,ENCOMENDAS,PIZZARIA / HAMBURGUERIA,BUFFET PRATROS PRONTOS / SELF SERVICE,BUFFET CAFÉ COLONIAL','','',0,0,'','2024-01-22T22:06:01.550Z299792620001210.6490490986597832','20240122T220601',4,'mobile - iPhone','2024-01-22 22:05:40','','2024-01-22 22:06:02.864044','2024-01-22 22:06:02.864044',49,'177.174.208.42',10,''),(770,'QUALIDADE DOS PRODUTOS','','',0,0,'','2024-01-22T22:06:01.550Z299792620001210.6490490986597832','20240122T220601',4,'mobile - iPhone','2024-01-22 22:05:40','','2024-01-22 22:06:02.867478','2024-01-22 22:06:02.867478',50,'177.174.208.42',10,''),(771,'Sim, sempre!','','',0,0,'','2024-01-22T22:06:01.550Z299792620001210.6490490986597832','20240122T220601',4,'mobile - iPhone','2024-01-22 22:05:40','','2024-01-22 22:06:02.870505','2024-01-22 22:06:02.870505',51,'177.174.208.42',10,''),(772,'','','',0,0,'','2024-01-22T22:06:01.550Z299792620001210.6490490986597832','20240122T220601',4,'mobile - iPhone','2024-01-22 22:05:40','','2024-01-22 22:06:02.873352','2024-01-22 22:06:02.873352',52,'177.174.208.42',10,''),(773,'PÃES','','',0,0,'','2024-01-24T12:18:46.390Z299792620001210.3113495421268957','20240124T121846',4,'mobile - SM-A135M','2024-01-24 12:17:29','ANA CRISTINA','2024-01-24 12:18:50.027400','2024-01-24 12:18:50.027400',49,'201.40.33.39',10,''),(774,'ATENDIMENTO','','',0,0,'','2024-01-24T12:18:46.390Z299792620001210.3113495421268957','20240124T121846',4,'mobile - SM-A135M','2024-01-24 12:17:29','ANA CRISTINA','2024-01-24 12:18:50.031217','2024-01-24 12:18:50.031217',50,'201.40.33.39',10,''),(775,'Sim, sempre!','','',0,0,'','2024-01-24T12:18:46.390Z299792620001210.3113495421268957','20240124T121846',4,'mobile - SM-A135M','2024-01-24 12:17:29','ANA CRISTINA','2024-01-24 12:18:50.033511','2024-01-24 12:18:50.033511',51,'201.40.33.39',10,''),(776,'','','',0,0,'','2024-01-24T12:18:46.390Z299792620001210.3113495421268957','20240124T121846',4,'mobile - SM-A135M','2024-01-24 12:17:29','ANA CRISTINA','2024-01-24 12:18:50.035493','2024-01-24 12:18:50.035493',52,'201.40.33.39',10,''),(777,'LANCHONETE','','',0,0,'','2024-01-25T20:03:45.587Z299792620001210.28137812847747035','20240125T200345',4,'mobile - K','2024-01-25 20:04:01','','2024-01-25 20:03:46.659224','2024-01-25 20:03:46.659224',49,'201.40.33.39',10,''),(778,'QUALIDADE DOS PRODUTOS','','',0,0,'','2024-01-25T20:03:45.587Z299792620001210.28137812847747035','20240125T200345',4,'mobile - K','2024-01-25 20:04:01','','2024-01-25 20:03:46.662289','2024-01-25 20:03:46.662289',50,'201.40.33.39',10,''),(779,'Sim, sempre!','','',0,0,'','2024-01-25T20:03:45.587Z299792620001210.28137812847747035','20240125T200345',4,'mobile - K','2024-01-25 20:04:01','','2024-01-25 20:03:46.664459','2024-01-25 20:03:46.664459',51,'201.40.33.39',10,''),(780,'','','',0,0,'','2024-01-25T20:03:45.587Z299792620001210.28137812847747035','20240125T200345',4,'mobile - K','2024-01-25 20:04:01','','2024-01-25 20:03:46.667421','2024-01-25 20:03:46.667421',52,'201.40.33.39',10,''),(781,'CONVENIÊNCIA','','',0,0,'','2024-01-30T12:26:25.257Z299792620001210.6990221065826551','20240130T122625',4,'mobile - iPhone','2024-01-30 12:25:30','RAISSA','2024-01-30 12:28:30.624591','2024-01-30 12:28:30.624591',49,'177.174.220.95',14,''),(782,'ATENDIMENTO','','',0,0,'','2024-01-30T12:26:25.257Z299792620001210.6990221065826551','20240130T122625',4,'mobile - iPhone','2024-01-30 12:25:30','RAISSA','2024-01-30 12:28:30.632119','2024-01-30 12:28:30.632119',50,'177.174.220.95',14,''),(783,'Sim, sempre!','','',0,0,'','2024-01-30T12:26:25.257Z299792620001210.6990221065826551','20240130T122625',4,'mobile - iPhone','2024-01-30 12:25:30','RAISSA','2024-01-30 12:28:30.635033','2024-01-30 12:28:30.635033',51,'177.174.220.95',14,''),(784,'','','',0,0,'','2024-01-30T12:26:25.257Z299792620001210.6990221065826551','20240130T122625',4,'mobile - iPhone','2024-01-30 12:25:30','RAISSA','2024-01-30 12:28:30.640314','2024-01-30 12:28:30.640314',52,'177.174.220.95',14,''),(785,'PÃES,LANCHONETE,ENCOMENDAS','','',0,0,'','2024-02-01T09:30:35.123Z299792620001210.888821242474273','20240201T093035',3,'mobile - iPhone','2024-02-01 09:29:08','DAVI','2024-02-01 09:30:37.192499','2024-02-01 09:30:37.192499',49,'177.51.61.17',13,''),(786,'ATENDIMENTO,QUALIDADE DOS PRODUTOS','','',0,0,'','2024-02-01T09:30:35.123Z299792620001210.888821242474273','20240201T093035',3,'mobile - iPhone','2024-02-01 09:29:08','DAVI','2024-02-01 09:30:37.202507','2024-02-01 09:30:37.202507',50,'177.51.61.17',13,''),(787,'Sim, sempre!','','',0,0,'','2024-02-01T09:30:35.123Z299792620001210.888821242474273','20240201T093035',3,'mobile - iPhone','2024-02-01 09:29:08','DAVI','2024-02-01 09:30:37.207253','2024-02-01 09:30:37.207253',51,'177.51.61.17',13,''),(788,'A limpeza do chão onde ficam as mesas na parte de baixo. Pra uma panificadora do nível que tem é muito sujo. Principalmente fim de semana. ','','',0,0,'','2024-02-01T09:30:35.123Z299792620001210.888821242474273','20240201T093035',3,'mobile - iPhone','2024-02-01 09:29:08','DAVI','2024-02-01 09:30:37.209720','2024-02-01 09:30:37.209720',52,'177.51.61.17',13,''),(789,'ATENDIMENTO AO CLIENTE,DEPÓSITO','','',0,0,'','2024-02-09T10:56:54.681Z016526940002950.39931819706556604','20240209T105654',4,'PC-Windows','2024-02-09 10:56:36','GABRIEL','2024-02-09 10:56:55.514051','2024-02-09 10:56:55.514051',5,'186.216.209.58',NULL,''),(790,'PROMOÇÕES,ATENDIMENTO','','',0,0,'','2024-02-09T10:56:54.681Z016526940002950.39931819706556604','20240209T105654',4,'PC-Windows','2024-02-09 10:56:36','GABRIEL','2024-02-09 10:56:55.522982','2024-02-09 10:56:55.522982',6,'186.216.209.58',NULL,''),(791,'Sim!','','',0,0,'','2024-02-09T10:56:54.681Z016526940002950.39931819706556604','20240209T105654',4,'PC-Windows','2024-02-09 10:56:36','GABRIEL','2024-02-09 10:56:55.525180','2024-02-09 10:56:55.525180',40,'186.216.209.58',NULL,''),(792,'Teste','','',0,0,'','2024-02-09T10:56:54.681Z016526940002950.39931819706556604','20240209T105654',4,'PC-Windows','2024-02-09 10:56:36','GABRIEL','2024-02-09 10:56:55.527629','2024-02-09 10:56:55.527629',7,'186.216.209.58',NULL,''),(793,'LANCHONETE','','',0,0,'','2024-02-15T09:56:26.706Z299792620001210.5501137907705451','20240215T095626',4,'mobile - K','2024-02-15 09:54:21','','2024-02-15 09:56:27.829357','2024-02-15 09:56:27.829357',49,'177.51.61.218',10,''),(794,'QUALIDADE DOS PRODUTOS','','',0,0,'','2024-02-15T09:56:26.706Z299792620001210.5501137907705451','20240215T095626',4,'mobile - K','2024-02-15 09:54:21','','2024-02-15 09:56:27.835562','2024-02-15 09:56:27.835562',50,'177.51.61.218',10,''),(795,'Sim, sempre!','','',0,0,'','2024-02-15T09:56:26.706Z299792620001210.5501137907705451','20240215T095626',4,'mobile - K','2024-02-15 09:54:21','','2024-02-15 09:56:27.839915','2024-02-15 09:56:27.839915',51,'177.51.61.218',10,''),(796,'Ter sempre o docinho de leite ninho. É uma delícia! ','','',0,0,'','2024-02-15T09:56:26.706Z299792620001210.5501137907705451','20240215T095626',4,'mobile - K','2024-02-15 09:54:21','','2024-02-15 09:56:27.843511','2024-02-15 09:56:27.843511',52,'177.51.61.218',10,''),(797,'PADARIA,HORTIFRUTI,ATENDIMENTO AO CLIENTE','','',0,0,'','2024-02-16T16:38:28.307Z016526940002950.1606481699676412','20240216T163828',4,'mobile - K','2024-02-16 16:37:21','ALERRANDRO','2024-02-16 16:38:29.933932','2024-02-16 16:38:29.933932',5,'177.174.215.11',NULL,''),(798,'ATENDIMENTO,PROMOÇÕES','','',0,0,'','2024-02-16T16:38:28.307Z016526940002950.1606481699676412','20240216T163828',4,'mobile - K','2024-02-16 16:37:21','ALERRANDRO','2024-02-16 16:38:29.936472','2024-02-16 16:38:29.936472',6,'177.174.215.11',NULL,''),(799,'Sim!','','',0,0,'','2024-02-16T16:38:28.307Z016526940002950.1606481699676412','20240216T163828',4,'mobile - K','2024-02-16 16:37:21','ALERRANDRO','2024-02-16 16:38:29.940484','2024-02-16 16:38:29.940484',40,'177.174.215.11',NULL,''),(800,'Preço ','','',0,0,'','2024-02-16T16:38:28.307Z016526940002950.1606481699676412','20240216T163828',4,'mobile - K','2024-02-16 16:37:21','ALERRANDRO','2024-02-16 16:38:29.942758','2024-02-16 16:38:29.942758',7,'177.174.215.11',NULL,''),(801,'ATENDIMENTO AO CLIENTE,DEPÓSITO','sdasdas','(61) 9 8292-13123',1,0,'','2024-02-16T16:45:32.256Z016526940002950.8550132198896518','20240216T164532',0,'PC-Windows','2024-02-16 16:45:15','','2024-02-16 16:45:33.025952','2024-02-16 16:45:33.025952',9,'186.216.209.58',NULL,''),(802,'PROMOÇÕES,LIMPEZA / HIGIENE','sdasdas','(61) 9 8292-13123',1,0,'','2024-02-16T16:45:32.256Z016526940002950.8550132198896518','20240216T164532',0,'PC-Windows','2024-02-16 16:45:15','','2024-02-16 16:45:33.029198','2024-02-16 16:45:33.029198',10,'186.216.209.58',NULL,''),(803,'Se melhorar sim.','sdasdas','(61) 9 8292-13123',1,0,'','2024-02-16T16:45:32.256Z016526940002950.8550132198896518','20240216T164532',0,'PC-Windows','2024-02-16 16:45:15','','2024-02-16 16:45:33.039150','2024-02-16 16:45:33.039150',41,'186.216.209.58',NULL,''),(804,'teste','sdasdas','(61) 9 8292-13123',1,0,'','2024-02-16T16:45:32.256Z016526940002950.8550132198896518','20240216T164532',0,'PC-Windows','2024-02-16 16:45:15','','2024-02-16 16:45:33.042149','2024-02-16 16:45:33.042149',11,'186.216.209.58',NULL,''),(805,'PADARIA,DEPÓSITO,ATENDIMENTO AO CLIENTE','Alerrandro Covaleski ','(61) 9 9868-7047',1,0,'','2024-02-16T16:50:03.101Z016526940002950.6875811713445126','20240216T165003',0,'PC-Windows','2024-02-16 16:48:59','','2024-02-16 16:50:04.077515','2024-02-16 16:50:04.077515',9,'200.10.135.33',NULL,''),(806,'LIMPEZA / HIGIENE','Alerrandro Covaleski ','(61) 9 9868-7047',1,0,'','2024-02-16T16:50:03.101Z016526940002950.6875811713445126','20240216T165003',0,'PC-Windows','2024-02-16 16:48:59','','2024-02-16 16:50:04.086830','2024-02-16 16:50:04.086830',10,'200.10.135.33',NULL,''),(807,'Se melhorar sim.','Alerrandro Covaleski ','(61) 9 9868-7047',1,0,'','2024-02-16T16:50:03.101Z016526940002950.6875811713445126','20240216T165003',0,'PC-Windows','2024-02-16 16:48:59','','2024-02-16 16:50:04.089216','2024-02-16 16:50:04.089216',41,'200.10.135.33',NULL,''),(808,'Limpeza muito ruim.\n\n','Alerrandro Covaleski ','(61) 9 9868-7047',1,0,'','2024-02-16T16:50:03.101Z016526940002950.6875811713445126','20240216T165003',0,'PC-Windows','2024-02-16 16:48:59','','2024-02-16 16:50:04.091730','2024-02-16 16:50:04.091730',11,'200.10.135.33',NULL,''),(809,'GERÊNCIA','','',0,0,'','2024-02-16T16:58:54.369Z016526940002950.4624446306324176','20240216T165854',3,'mobile - iPhone','2024-02-16 16:57:56','','2024-02-16 16:58:55.278281','2024-02-16 16:58:55.278281',5,'45.235.206.165',NULL,''),(810,'CLIMA','','',0,0,'','2024-02-16T16:58:54.369Z016526940002950.4624446306324176','20240216T165854',3,'mobile - iPhone','2024-02-16 16:57:56','','2024-02-16 16:58:55.282032','2024-02-16 16:58:55.282032',6,'45.235.206.165',NULL,''),(811,'Sim!','','',0,0,'','2024-02-16T16:58:54.369Z016526940002950.4624446306324176','20240216T165854',3,'mobile - iPhone','2024-02-16 16:57:56','','2024-02-16 16:58:55.285348','2024-02-16 16:58:55.285348',40,'45.235.206.165',NULL,''),(812,'Feliz de mais ','','',0,0,'','2024-02-16T16:58:54.369Z016526940002950.4624446306324176','20240216T165854',3,'mobile - iPhone','2024-02-16 16:57:56','','2024-02-16 16:58:55.289962','2024-02-16 16:58:55.289962',7,'45.235.206.165',NULL,''),(813,'DEPÓSITO,GARAGEM','','',0,0,'','2024-02-16T23:35:01.855Z375966360001580.09704402447293137','20240216T233501',4,'PC-Windows','2024-02-16 23:33:58','','2024-02-16 23:35:03.010624','2024-02-16 23:35:03.010624',54,'191.176.45.118',NULL,''),(814,'LIMPEZA / HIGIENE,PROMOÇÕES,PREÇOS','','',0,0,'','2024-02-16T23:35:01.855Z375966360001580.09704402447293137','20240216T233501',4,'PC-Windows','2024-02-16 23:33:58','','2024-02-16 23:35:03.013383','2024-02-16 23:35:03.013383',55,'191.176.45.118',NULL,''),(815,'Sim!','','',0,0,'','2024-02-16T23:35:01.855Z375966360001580.09704402447293137','20240216T233501',4,'PC-Windows','2024-02-16 23:33:58','','2024-02-16 23:35:03.015506','2024-02-16 23:35:03.015506',60,'191.176.45.118',NULL,''),(817,'HORTIFRUTI,ATENDIMENTO AO CLIENTE','GABRIEL','(61) 9 8239-5892',1,0,'','2024-02-16T23:38:46.236Z375966360001580.5091686384098661','20240216T233846',0,'PC-Windows','2024-02-16 23:37:01','ALERRANDRO','2024-02-16 23:38:47.211309','2024-02-16 23:38:47.211309',57,'191.176.45.118',NULL,''),(818,'LIMPEZA / HIGIENE,PREÇOS,ATENDIMENTO','GABRIEL','(61) 9 8239-5892',1,0,'','2024-02-16T23:38:46.236Z375966360001580.5091686384098661','20240216T233846',0,'PC-Windows','2024-02-16 23:37:01','ALERRANDRO','2024-02-16 23:38:47.217452','2024-02-16 23:38:47.217452',58,'191.176.45.118',NULL,''),(819,'Se melhorar sim.','GABRIEL','(61) 9 8239-5892',1,0,'','2024-02-16T23:38:46.236Z375966360001580.5091686384098661','20240216T233846',0,'PC-Windows','2024-02-16 23:37:01','ALERRANDRO','2024-02-16 23:38:47.219785','2024-02-16 23:38:47.219785',61,'191.176.45.118',NULL,''),(820,'Teste','GABRIEL','(61) 9 8239-5892',1,0,'','2024-02-16T23:38:46.236Z375966360001580.5091686384098661','20240216T233846',0,'PC-Windows','2024-02-16 23:37:01','ALERRANDRO','2024-02-16 23:38:47.222537','2024-02-16 23:38:47.222537',59,'191.176.45.118',NULL,''),(821,'','','',0,0,'','2024-02-16T23:43:47.298Z375966360001580.9177763830713919','20240216T234347',4,'PC-Windows','2024-02-16 23:43:41','','2024-02-16 23:43:48.980176','2024-02-16 23:43:48.980176',65,'191.176.45.118',NULL,''),(822,'HORTIFRUTI','','',0,0,'','2024-02-17T14:52:10.932Z375966360001580.6054359401233749','20240217T145210',4,'mobile - K','2024-02-17 14:51:31','WALLYF','2024-02-17 14:52:12.311396','2024-02-17 14:52:12.311396',54,'177.174.217.8',NULL,''),(823,'ATENDIMENTO','','',0,0,'','2024-02-17T14:52:10.932Z375966360001580.6054359401233749','20240217T145210',4,'mobile - K','2024-02-17 14:51:31','WALLYF','2024-02-17 14:52:12.316308','2024-02-17 14:52:12.316308',55,'177.174.217.8',NULL,''),(824,'Sim!','','',0,0,'','2024-02-17T14:52:10.932Z375966360001580.6054359401233749','20240217T145210',4,'mobile - K','2024-02-17 14:51:31','WALLYF','2024-02-17 14:52:12.318697','2024-02-17 14:52:12.318697',60,'177.174.217.8',NULL,''),(826,'','','',0,0,'','2024-02-17T15:16:42.165Z375966360001580.4826971838923222','20240217T151642',4,'mobile - K','2024-02-17 15:16:35','','2024-02-17 15:16:42.747595','2024-02-17 15:16:42.747595',65,'177.174.217.61',NULL,''),(827,'MERCEARIA','','',0,0,'','2024-02-19T18:07:17.163Z375966360001580.7747412616010565','20240219T180717',4,'PC-Windows','2024-02-19 18:05:54','','2024-02-19 18:07:18.433983','2024-02-19 18:07:18.433983',54,'200.10.135.33',NULL,''),(828,'ATENDIMENTO','','',0,0,'','2024-02-19T18:07:17.163Z375966360001580.7747412616010565','20240219T180717',4,'PC-Windows','2024-02-19 18:05:54','','2024-02-19 18:07:18.436939','2024-02-19 18:07:18.436939',55,'200.10.135.33',NULL,''),(829,'Sim!','','',0,0,'','2024-02-19T18:07:17.163Z375966360001580.7747412616010565','20240219T180717',4,'PC-Windows','2024-02-19 18:05:54','','2024-02-19 18:07:18.438930','2024-02-19 18:07:18.438930',60,'200.10.135.33',NULL,''),(832,'sim','','',0,0,'','2024-02-19T18:07:17.163Z375966360001580.7747412616010565','20240219T180717',4,'PC-Windows','2024-02-19 18:05:54','','2024-02-19 18:07:18.445737','2024-02-19 18:07:18.445737',67,'200.10.135.33',NULL,''),(833,'MERCEARIA','','',0,0,'','2024-02-19T18:15:18.643Z375966360001580.4454524780561998','20240219T181518',4,'mobile - iPhone','2024-02-19 18:14:23','','2024-02-19 18:15:19.872908','2024-02-19 18:15:19.872908',54,'200.10.135.33',NULL,''),(834,'PROMOÇÕES','','',0,0,'','2024-02-19T18:15:18.643Z375966360001580.4454524780561998','20240219T181518',4,'mobile - iPhone','2024-02-19 18:14:23','','2024-02-19 18:15:19.877023','2024-02-19 18:15:19.877023',55,'200.10.135.33',NULL,''),(835,'Sim!','','',0,0,'','2024-02-19T18:15:18.643Z375966360001580.4454524780561998','20240219T181518',4,'mobile - iPhone','2024-02-19 18:14:23','','2024-02-19 18:15:19.879544','2024-02-19 18:15:19.879544',60,'200.10.135.33',NULL,''),(838,'ENTREGA','','',0,0,'','2024-02-19T18:20:07.994Z375966360001580.028259775130186737','20240219T182007',4,'PC-Windows','2024-02-19 18:19:12','','2024-02-19 18:20:09.109920','2024-02-19 18:20:09.109920',54,'200.10.135.33',NULL,''),(839,'ATENDIMENTO','','',0,0,'','2024-02-19T18:20:07.994Z375966360001580.028259775130186737','20240219T182007',4,'PC-Windows','2024-02-19 18:19:12','','2024-02-19 18:20:09.112543','2024-02-19 18:20:09.112543',55,'200.10.135.33',NULL,''),(840,'Sim!','','',0,0,'','2024-02-19T18:20:07.994Z375966360001580.028259775130186737','20240219T182007',4,'PC-Windows','2024-02-19 18:19:12','','2024-02-19 18:20:09.114414','2024-02-19 18:20:09.114414',60,'200.10.135.33',NULL,''),(843,'MERCEARIA','','',0,0,'','2024-02-19T18:21:59.569Z375966360001580.9043117165442067','20240219T182159',4,'mobile - K','2024-02-19 18:21:08','','2024-02-19 18:22:03.618032','2024-02-19 18:22:03.618032',54,'177.3.129.69',NULL,''),(844,'PREÇOS','','',0,0,'','2024-02-19T18:21:59.569Z375966360001580.9043117165442067','20240219T182159',4,'mobile - K','2024-02-19 18:21:08','','2024-02-19 18:22:03.621016','2024-02-19 18:22:03.621016',55,'177.3.129.69',NULL,''),(845,'Sim!','','',0,0,'','2024-02-19T18:21:59.569Z375966360001580.9043117165442067','20240219T182159',4,'mobile - K','2024-02-19 18:21:08','','2024-02-19 18:22:03.623734','2024-02-19 18:22:03.623734',60,'177.3.129.69',NULL,''),(848,'','','',0,0,'','2024-02-19T18:22:33.089Z375966360001580.10303485072144225','20240219T182233',3,'mobile - K','2024-02-19 18:22:28','','2024-02-19 18:22:35.029617','2024-02-19 18:22:35.029617',65,'177.3.129.69',NULL,''),(849,'MERCEARIA','Alerrandro Covaleski ','(61) 9 9868-7047',1,0,'','2024-02-19T18:23:09.353Z375966360001580.56786664038796','20240219T182309',0,'PC-Windows','2024-02-19 18:21:53','','2024-02-19 18:23:10.472796','2024-02-19 18:23:10.472796',57,'200.10.135.33',NULL,''),(850,'LIMPEZA / HIGIENE','Alerrandro Covaleski ','(61) 9 9868-7047',1,0,'','2024-02-19T18:23:09.353Z375966360001580.56786664038796','20240219T182309',0,'PC-Windows','2024-02-19 18:21:53','','2024-02-19 18:23:10.475919','2024-02-19 18:23:10.475919',58,'200.10.135.33',NULL,''),(851,'Se melhorar sim.','Alerrandro Covaleski ','(61) 9 9868-7047',1,0,'','2024-02-19T18:23:09.353Z375966360001580.56786664038796','20240219T182309',0,'PC-Windows','2024-02-19 18:21:53','','2024-02-19 18:23:10.478883','2024-02-19 18:23:10.478883',61,'200.10.135.33',NULL,''),(852,'Limpeza \n','Alerrandro Covaleski ','(61) 9 9868-7047',1,0,'','2024-02-19T18:23:09.353Z375966360001580.56786664038796','20240219T182309',0,'PC-Windows','2024-02-19 18:21:53','','2024-02-19 18:23:10.481656','2024-02-19 18:23:10.481656',59,'200.10.135.33',NULL,''),(854,'FRENTE DE CAIXA','Esthefane','(61) 9 9856-6393',1,0,'','2024-02-19T18:23:23.269Z375966360001580.7723161906585202','20240219T182323',2,'mobile - iPhone','2024-02-19 18:22:22','OPERADA DE CABELO CACHEADO','2024-02-19 18:23:24.539659','2024-02-19 18:23:24.539659',57,'200.10.135.33',NULL,''),(855,'ATENDIMENTO','Esthefane','(61) 9 9856-6393',1,0,'','2024-02-19T18:23:23.269Z375966360001580.7723161906585202','20240219T182323',2,'mobile - iPhone','2024-02-19 18:22:22','OPERADA DE CABELO CACHEADO','2024-02-19 18:23:24.544199','2024-02-19 18:23:24.544199',58,'200.10.135.33',NULL,''),(856,'Se melhorar sim.','Esthefane','(61) 9 9856-6393',1,0,'','2024-02-19T18:23:23.269Z375966360001580.7723161906585202','20240219T182323',2,'mobile - iPhone','2024-02-19 18:22:22','OPERADA DE CABELO CACHEADO','2024-02-19 18:23:24.546678','2024-02-19 18:23:24.546678',61,'200.10.135.33',NULL,''),(857,'Treinamento a ela','Esthefane','(61) 9 9856-6393',1,0,'','2024-02-19T18:23:23.269Z375966360001580.7723161906585202','20240219T182323',2,'mobile - iPhone','2024-02-19 18:22:22','OPERADA DE CABELO CACHEADO','2024-02-19 18:23:24.548851','2024-02-19 18:23:24.548851',59,'200.10.135.33',NULL,''),(859,'MERCEARIA','','',0,0,'','2024-02-20T09:39:46.882Z375966360001580.13811179694145181','20240220T093946',3,'PC-Windows','2024-02-20 09:39:22','','2024-02-20 09:39:47.679737','2024-02-20 09:39:47.679737',54,'200.10.135.33',NULL,''),(860,'VARIEDADE','','',0,0,'','2024-02-20T09:39:46.882Z375966360001580.13811179694145181','20240220T093946',3,'PC-Windows','2024-02-20 09:39:22','','2024-02-20 09:39:47.682491','2024-02-20 09:39:47.682491',55,'200.10.135.33',NULL,''),(861,'Sim!','','',0,0,'','2024-02-20T09:39:46.882Z375966360001580.13811179694145181','20240220T093946',3,'PC-Windows','2024-02-20 09:39:22','','2024-02-20 09:39:47.685509','2024-02-20 09:39:47.685509',60,'200.10.135.33',NULL,''),(862,'AÇOUGUE','','',0,0,'','2024-02-20T09:53:58.058Z375966360001580.12153320472136009','20240220T095358',4,'mobile - iPhone','2024-02-20 09:53:19','','2024-02-20 09:53:59.073124','2024-02-20 09:53:59.073124',54,'200.10.135.33',NULL,''),(863,'PREÇOS','','',0,0,'','2024-02-20T09:53:58.058Z375966360001580.12153320472136009','20240220T095358',4,'mobile - iPhone','2024-02-20 09:53:19','','2024-02-20 09:53:59.079730','2024-02-20 09:53:59.079730',55,'200.10.135.33',NULL,''),(864,'Sim!','','',0,0,'','2024-02-20T09:53:58.058Z375966360001580.12153320472136009','20240220T095358',4,'mobile - iPhone','2024-02-20 09:53:19','','2024-02-20 09:53:59.104631','2024-02-20 09:53:59.104631',60,'200.10.135.33',NULL,''),(865,'','','',0,0,'','2024-02-20T09:53:58.058Z375966360001580.12153320472136009','20240220T095358',4,'mobile - iPhone','2024-02-20 09:53:19','','2024-02-20 09:53:59.107802','2024-02-20 09:53:59.107802',72,'200.10.135.33',NULL,''),(866,'FRENTE DE CAIXA','','',0,0,'','2024-02-22T21:51:39.242Z375966360001580.4279086932186136','20240222T215139',4,'mobile - K','2024-02-22 21:50:06','ADÃO','2024-02-22 21:51:41.023157','2024-02-22 21:51:41.023157',54,'45.181.73.163',NULL,''),(867,'ATENDIMENTO','','',0,0,'','2024-02-22T21:51:39.242Z375966360001580.4279086932186136','20240222T215139',4,'mobile - K','2024-02-22 21:50:06','ADÃO','2024-02-22 21:51:41.027829','2024-02-22 21:51:41.027829',55,'45.181.73.163',NULL,''),(868,'Sim!','','',0,0,'','2024-02-22T21:51:39.242Z375966360001580.4279086932186136','20240222T215139',4,'mobile - K','2024-02-22 21:50:06','ADÃO','2024-02-22 21:51:41.030388','2024-02-22 21:51:41.030388',60,'45.181.73.163',NULL,''),(869,'','','',0,0,'','2024-02-22T21:51:39.242Z375966360001580.4279086932186136','20240222T215139',4,'mobile - K','2024-02-22 21:50:06','ADÃO','2024-02-22 21:51:41.032482','2024-02-22 21:51:41.032482',72,'45.181.73.163',NULL,''),(870,'FRENTE DE CAIXA','','',0,0,'','2024-02-22T21:52:31.887Z375966360001580.11408843049420803','20240222T215231',4,'mobile - SM-A546E','2024-02-22 21:50:48','ALERRANDRO COVALESKI','2024-02-22 21:52:33.289981','2024-02-22 21:52:33.289981',54,'45.181.73.163',NULL,''),(871,'ATENDIMENTO','','',0,0,'','2024-02-22T21:52:31.887Z375966360001580.11408843049420803','20240222T215231',4,'mobile - SM-A546E','2024-02-22 21:50:48','ALERRANDRO COVALESKI','2024-02-22 21:52:33.293221','2024-02-22 21:52:33.293221',55,'45.181.73.163',NULL,''),(872,'Sim!','','',0,0,'','2024-02-22T21:52:31.887Z375966360001580.11408843049420803','20240222T215231',4,'mobile - SM-A546E','2024-02-22 21:50:48','ALERRANDRO COVALESKI','2024-02-22 21:52:33.296520','2024-02-22 21:52:33.296520',60,'45.181.73.163',NULL,''),(873,'O açougue ','','',0,0,'','2024-02-22T21:52:31.887Z375966360001580.11408843049420803','20240222T215231',4,'mobile - SM-A546E','2024-02-22 21:50:48','ALERRANDRO COVALESKI','2024-02-22 21:52:33.300091','2024-02-22 21:52:33.300091',72,'45.181.73.163',NULL,''),(874,'ATENDIMENTO AO CLIENTE','','',0,0,'','2024-02-28T10:45:16.999Z016526940002950.47142065591159943','20240228T104516',3,'mobile - iPhone','2024-02-28 10:44:38','CRESIO','2024-02-28 10:45:17.887562','2024-02-28 10:45:17.887562',5,'200.195.230.34',NULL,''),(875,'ATENDIMENTO','','',0,0,'','2024-02-28T10:45:16.999Z016526940002950.47142065591159943','20240228T104516',3,'mobile - iPhone','2024-02-28 10:44:38','CRESIO','2024-02-28 10:45:17.891637','2024-02-28 10:45:17.891637',6,'200.195.230.34',NULL,''),(876,'Sim!','','',0,0,'','2024-02-28T10:45:16.999Z016526940002950.47142065591159943','20240228T104516',3,'mobile - iPhone','2024-02-28 10:44:38','CRESIO','2024-02-28 10:45:17.894535','2024-02-28 10:45:17.894535',40,'200.195.230.34',NULL,''),(877,'Variedade e preço justo ','','',0,0,'','2024-02-28T10:45:16.999Z016526940002950.47142065591159943','20240228T104516',3,'mobile - iPhone','2024-02-28 10:44:38','CRESIO','2024-02-28 10:45:17.897021','2024-02-28 10:45:17.897021',7,'200.195.230.34',NULL,''),(878,'','','',0,0,'','2024-02-28T13:32:24.251Z299792620001210.6212733047586921','20240228T133224',3,'mobile - iPhone','2024-02-28 13:32:16','','2024-02-28 13:32:24.538397','2024-02-28 13:32:24.538397',53,'200.181.82.123',9,''),(879,'CONVENIÊNCIA,BUFFET PRATROS PRONTOS / SELF SERVICE,SALGADOS,LANCHONETE,BUFFET CAFÉ COLONIAL','Joyce ','(61) 9 8114-6545',1,0,'','2024-03-02T10:09:16.826Z299792620001210.35561084737312676','20240302T100916',0,'mobile - SM-A546E','2024-03-02 10:07:59','','2024-03-02 10:09:18.654131','2024-03-02 10:09:18.654131',42,'189.40.76.107',11,''),(880,'ATENDIMENTO,QUALIDADE DOS PRODUTOS,VARIEDADE DE PRODUTOS,TEMPO DE ESPERA,HORÁRIO DE ATENDIMENTO,LIMPEZA / HIGIENE,PREÇOS','Joyce ','(61) 9 8114-6545',1,0,'','2024-03-02T10:09:16.826Z299792620001210.35561084737312676','20240302T100916',0,'mobile - SM-A546E','2024-03-02 10:07:59','','2024-03-02 10:09:18.711809','2024-03-02 10:09:18.711809',43,'189.40.76.107',11,''),(881,'Não, nunca mais!','Joyce ','(61) 9 8114-6545',1,0,'','2024-03-02T10:09:16.826Z299792620001210.35561084737312676','20240302T100916',0,'mobile - SM-A546E','2024-03-02 10:07:59','','2024-03-02 10:09:18.716151','2024-03-02 10:09:18.716151',44,'189.40.76.107',11,''),(882,'Limpeza zero','Joyce ','(61) 9 8114-6545',1,0,'','2024-03-02T10:09:16.826Z299792620001210.35561084737312676','20240302T100916',0,'mobile - SM-A546E','2024-03-02 10:07:59','','2024-03-02 10:09:18.723238','2024-03-02 10:09:18.723238',45,'189.40.76.107',11,''),(883,'','','',0,0,'','2024-03-02T22:19:57.356Z016526940002950.5070634983624318','20240302T221957',4,'PC-Windows','2024-03-02 22:19:55','','2024-03-02 22:19:57.821196','2024-03-02 22:19:57.821196',1,'191.176.45.118',NULL,''),(884,'BOLOS,SALGADOS,LANCHONETE,ENCOMENDAS,BUFFET PRATROS PRONTOS / SELF SERVICE','','',0,0,'','2024-03-03T10:45:02.454Z299792620001210.26394115917759176','20240303T104502',3,'mobile - K','2024-03-03 10:44:15','','2024-03-03 10:45:03.581703','2024-03-03 10:45:03.581703',49,'131.255.229.156',13,''),(885,'QUALIDADE DOS PRODUTOS','','',0,0,'','2024-03-03T10:45:02.454Z299792620001210.26394115917759176','20240303T104502',3,'mobile - K','2024-03-03 10:44:15','','2024-03-03 10:45:03.590835','2024-03-03 10:45:03.590835',50,'131.255.229.156',13,''),(886,'Nem sempre!','','',0,0,'','2024-03-03T10:45:02.454Z299792620001210.26394115917759176','20240303T104502',3,'mobile - K','2024-03-03 10:44:15','','2024-03-03 10:45:03.595047','2024-03-03 10:45:03.595047',51,'131.255.229.156',13,''),(887,'','','',0,0,'','2024-03-03T10:45:02.454Z299792620001210.26394115917759176','20240303T104502',3,'mobile - K','2024-03-03 10:44:15','','2024-03-03 10:45:03.598927','2024-03-03 10:45:03.598927',52,'131.255.229.156',13,''),(888,'BUFFET PRATROS PRONTOS / SELF SERVICE','','',0,0,'','2024-03-04T14:18:25.519Z299792620001210.8224957034333565','20240304T141825',4,'mobile - iPhone','2024-03-04 14:16:59','','2024-03-04 14:18:26.289384','2024-03-04 14:18:26.289384',49,'131.255.229.156',13,''),(889,'ATENDIMENTO,LIMPEZA / HIGIENE,QUALIDADE DOS PRODUTOS','','',0,0,'','2024-03-04T14:18:25.519Z299792620001210.8224957034333565','20240304T141825',4,'mobile - iPhone','2024-03-04 14:16:59','','2024-03-04 14:18:26.303874','2024-03-04 14:18:26.303874',50,'131.255.229.156',13,''),(890,'Sim, sempre!','','',0,0,'','2024-03-04T14:18:25.519Z299792620001210.8224957034333565','20240304T141825',4,'mobile - iPhone','2024-03-04 14:16:59','','2024-03-04 14:18:26.309467','2024-03-04 14:18:26.309467',51,'131.255.229.156',13,''),(891,'','','',0,0,'','2024-03-04T14:18:25.519Z299792620001210.8224957034333565','20240304T141825',4,'mobile - iPhone','2024-03-04 14:16:59','','2024-03-04 14:18:26.315821','2024-03-04 14:18:26.315821',52,'131.255.229.156',13,''),(892,'PÃES','','',0,0,'','2024-03-05T22:21:38.467Z299792620001210.508942096672466','20240305T222138',4,'PC-Windows','2024-03-05 22:20:38','','2024-03-05 22:21:39.268849','2024-03-05 22:21:39.268849',49,'45.183.233.199',8,''),(893,'QUALIDADE DOS PRODUTOS','','',0,0,'','2024-03-05T22:21:38.467Z299792620001210.508942096672466','20240305T222138',4,'PC-Windows','2024-03-05 22:20:38','','2024-03-05 22:21:39.273415','2024-03-05 22:21:39.273415',50,'45.183.233.199',8,''),(894,'Sim, sempre!','','',0,0,'','2024-03-05T22:21:38.467Z299792620001210.508942096672466','20240305T222138',4,'PC-Windows','2024-03-05 22:20:38','','2024-03-05 22:21:39.277698','2024-03-05 22:21:39.277698',51,'45.183.233.199',8,''),(895,'','','',0,0,'','2024-03-05T22:21:38.467Z299792620001210.508942096672466','20240305T222138',4,'PC-Windows','2024-03-05 22:20:38','','2024-03-05 22:21:39.280660','2024-03-05 22:21:39.280660',52,'45.183.233.199',8,''),(896,'LANCHONETE','Arthur ','(61) 9 9444-6419',1,0,'','2024-03-06T15:03:23.477Z299792620001210.19931241957275103','20240306T150323',0,'mobile - iPhone','2024-03-06 15:00:39','','2024-03-06 15:03:24.921456','2024-03-06 15:03:24.921456',42,'191.56.50.42',13,''),(897,'HORÁRIO DE ATENDIMENTO','Arthur ','(61) 9 9444-6419',1,0,'','2024-03-06T15:03:23.477Z299792620001210.19931241957275103','20240306T150323',0,'mobile - iPhone','2024-03-06 15:00:39','','2024-03-06 15:03:24.924267','2024-03-06 15:03:24.924267',43,'191.56.50.42',13,''),(898,'Se melhorar sim.','Arthur ','(61) 9 9444-6419',1,0,'','2024-03-06T15:03:23.477Z299792620001210.19931241957275103','20240306T150323',0,'mobile - iPhone','2024-03-06 15:00:39','','2024-03-06 15:03:24.926484','2024-03-06 15:03:24.926484',44,'191.56.50.42',13,''),(899,'Passamos mais de 1 hora esperando um macarrão, chegamos as 14 horas que nem é tão movimentado e até esse momento as 15:03 nada !!','Arthur ','(61) 9 9444-6419',1,0,'','2024-03-06T15:03:23.477Z299792620001210.19931241957275103','20240306T150323',0,'mobile - iPhone','2024-03-06 15:00:39','','2024-03-06 15:03:24.928459','2024-03-06 15:03:24.928459',45,'191.56.50.42',13,''),(900,'ATENDIMENTO AO CLIENTE','','',0,0,'','2024-03-06T16:49:21.879Z016526940002950.3281986042747309','20240306T164921',4,'mobile - SM-S918B','2024-03-06 16:48:24','MARIA','2024-03-06 16:49:23.269583','2024-03-06 16:49:23.269583',5,'200.9.125.4',NULL,''),(901,'ATENDIMENTO','','',0,0,'','2024-03-06T16:49:21.879Z016526940002950.3281986042747309','20240306T164921',4,'mobile - SM-S918B','2024-03-06 16:48:24','MARIA','2024-03-06 16:49:23.274059','2024-03-06 16:49:23.274059',6,'200.9.125.4',NULL,''),(902,'Sim!','','',0,0,'','2024-03-06T16:49:21.879Z016526940002950.3281986042747309','20240306T164921',4,'mobile - SM-S918B','2024-03-06 16:48:24','MARIA','2024-03-06 16:49:23.277580','2024-03-06 16:49:23.277580',40,'200.9.125.4',NULL,''),(903,'Nao','','',0,0,'','2024-03-06T16:49:21.879Z016526940002950.3281986042747309','20240306T164921',4,'mobile - SM-S918B','2024-03-06 16:48:24','MARIA','2024-03-06 16:49:23.281429','2024-03-06 16:49:23.281429',7,'200.9.125.4',NULL,''),(904,'','','',0,0,'','2024-03-07T09:30:03.759Z016526940002950.8172615773756708','20240307T093003',2,'mobile - iPhone','2024-03-07 09:29:57','','2024-03-07 09:30:04.364622','2024-03-07 09:30:04.364622',1,'177.174.214.51',NULL,''),(905,'FRENTE DE CAIXA','Ana Paula','(61) 9 9823-9775',1,0,'','2024-03-07T10:17:12.426Z016526940002950.4474551252015355','20240307T101712',1,'mobile - iPhone','2024-03-07 10:16:20','','2024-03-07 10:17:13.334618','2024-03-07 10:17:13.334618',9,'190.2.72.84',NULL,''),(906,'LIMPEZA / HIGIENE','Ana Paula','(61) 9 9823-9775',1,0,'','2024-03-07T10:17:12.426Z016526940002950.4474551252015355','20240307T101712',1,'mobile - iPhone','2024-03-07 10:16:20','','2024-03-07 10:17:13.338487','2024-03-07 10:17:13.338487',10,'190.2.72.84',NULL,''),(907,'Se melhorar sim.','Ana Paula','(61) 9 9823-9775',1,0,'','2024-03-07T10:17:12.426Z016526940002950.4474551252015355','20240307T101712',1,'mobile - iPhone','2024-03-07 10:16:20','','2024-03-07 10:17:13.341706','2024-03-07 10:17:13.341706',41,'190.2.72.84',NULL,''),(908,'Demora no atendimento ','Ana Paula','(61) 9 9823-9775',1,0,'','2024-03-07T10:17:12.426Z016526940002950.4474551252015355','20240307T101712',1,'mobile - iPhone','2024-03-07 10:16:20','','2024-03-07 10:17:13.344385','2024-03-07 10:17:13.344385',11,'190.2.72.84',NULL,''),(909,'DEPÓSITO,HORTIFRUTI,PADARIA,ATENDIMENTO AO CLIENTE,FRENTE DE CAIXA,GARAGEM,GERÊNCIA','S','(61) 9 4456-46466',1,0,'','2024-03-07T11:52:19.740Z016526940002950.43068171110614006','20240307T115219',2,'PC-Windows','2024-03-07 11:51:19','A','2024-03-07 11:52:20.539330','2024-03-07 11:52:20.539330',9,'186.216.209.58',NULL,''),(910,'ATENDIMENTO,PREÇOS,PROMOÇÕES,VARIEDADE,LIMPEZA / HIGIENE,CLIMA','S','(61) 9 4456-46466',1,0,'','2024-03-07T11:52:19.740Z016526940002950.43068171110614006','20240307T115219',2,'PC-Windows','2024-03-07 11:51:19','A','2024-03-07 11:52:20.542555','2024-03-07 11:52:20.542555',10,'186.216.209.58',NULL,''),(911,'Nunca mais!','S','(61) 9 4456-46466',1,0,'','2024-03-07T11:52:19.740Z016526940002950.43068171110614006','20240307T115219',2,'PC-Windows','2024-03-07 11:51:19','A','2024-03-07 11:52:20.545520','2024-03-07 11:52:20.545520',41,'186.216.209.58',NULL,''),(912,'a','S','(61) 9 4456-46466',1,0,'','2024-03-07T11:52:19.740Z016526940002950.43068171110614006','20240307T115219',2,'PC-Windows','2024-03-07 11:51:19','A','2024-03-07 11:52:20.549009','2024-03-07 11:52:20.549009',11,'186.216.209.58',NULL,''),(913,'GARAGEM,GERÊNCIA,DEPÓSITO','','',0,0,'','2024-03-07T11:53:33.018Z016526940002950.43186521454760185','20240307T115333',4,'PC-Windows','2024-03-07 11:52:51','','2024-03-07 11:53:34.072945','2024-03-07 11:53:34.072945',5,'186.216.209.58',NULL,''),(914,'VARIEDADE','','',0,0,'','2024-03-07T11:53:33.018Z016526940002950.43186521454760185','20240307T115333',4,'PC-Windows','2024-03-07 11:52:51','','2024-03-07 11:53:34.075672','2024-03-07 11:53:34.075672',6,'186.216.209.58',NULL,''),(915,'Não!','','',0,0,'','2024-03-07T11:53:33.018Z016526940002950.43186521454760185','20240307T115333',4,'PC-Windows','2024-03-07 11:52:51','','2024-03-07 11:53:34.080796','2024-03-07 11:53:34.080796',40,'186.216.209.58',NULL,''),(916,'','','',0,0,'','2024-03-07T11:53:33.018Z016526940002950.43186521454760185','20240307T115333',4,'PC-Windows','2024-03-07 11:52:51','','2024-03-07 11:53:34.083257','2024-03-07 11:53:34.083257',7,'186.216.209.58',NULL,''),(917,'FRENTE DE CAIXA,DEPÓSITO,HORTIFRUTI,PADARIA,GERÊNCIA,GARAGEM,ATENDIMENTO AO CLIENTE','','',0,0,'','2024-03-07T12:02:49.895Z016526940002950.8257696163032093','20240307T120249',3,'PC-Windows','2024-03-07 12:01:45','A','2024-03-07 12:02:50.755098','2024-03-07 12:02:50.755098',5,'186.216.209.58',NULL,''),(918,'CLIMA,VARIEDADE,ATENDIMENTO,PREÇOS,PROMOÇÕES,LIMPEZA / HIGIENE','','',0,0,'','2024-03-07T12:02:49.895Z016526940002950.8257696163032093','20240307T120249',3,'PC-Windows','2024-03-07 12:01:45','A','2024-03-07 12:02:50.758491','2024-03-07 12:02:50.758491',6,'186.216.209.58',NULL,''),(919,'Sim!','','',0,0,'','2024-03-07T12:02:49.895Z016526940002950.8257696163032093','20240307T120249',3,'PC-Windows','2024-03-07 12:01:45','A','2024-03-07 12:02:50.761329','2024-03-07 12:02:50.761329',40,'186.216.209.58',NULL,''),(920,'','','',0,0,'','2024-03-07T12:02:49.895Z016526940002950.8257696163032093','20240307T120249',3,'PC-Windows','2024-03-07 12:01:45','A','2024-03-07 12:02:50.764059','2024-03-07 12:02:50.764059',7,'186.216.209.58',NULL,''),(921,'','','',0,0,'','2024-03-07T12:03:00.171Z016526940002950.05548933804402956','20240307T120300',3,'PC-Windows','2024-03-07 12:02:56','','2024-03-07 12:03:00.474561','2024-03-07 12:03:00.474561',1,'186.216.209.58',NULL,''),(922,'DEPÓSITO','','',0,0,'','2024-03-07T12:03:19.061Z016526940002950.13638455185621434','20240307T120319',3,'PC-Windows','2024-03-07 12:03:02','','2024-03-07 12:03:19.831596','2024-03-07 12:03:19.831596',5,'186.216.209.58',NULL,''),(923,'LIMPEZA / HIGIENE','','',0,0,'','2024-03-07T12:03:19.061Z016526940002950.13638455185621434','20240307T120319',3,'PC-Windows','2024-03-07 12:03:02','','2024-03-07 12:03:19.835074','2024-03-07 12:03:19.835074',6,'186.216.209.58',NULL,''),(924,'Sim!','','',0,0,'','2024-03-07T12:03:19.061Z016526940002950.13638455185621434','20240307T120319',3,'PC-Windows','2024-03-07 12:03:02','','2024-03-07 12:03:19.838039','2024-03-07 12:03:19.838039',40,'186.216.209.58',NULL,''),(925,'a','','',0,0,'','2024-03-07T12:03:19.061Z016526940002950.13638455185621434','20240307T120319',3,'PC-Windows','2024-03-07 12:03:02','','2024-03-07 12:03:19.840030','2024-03-07 12:03:19.840030',7,'186.216.209.58',NULL,''),(929,'ATENDIMENTO','','',0,0,'','2024-03-07T18:42:57.426Z016526940002950.8239796626261692','20240307T184257',4,'mobile - iPhone','2024-03-07 18:42:04','','2024-03-07 18:42:59.081009','2024-03-07 18:42:59.081009',6,'191.56.246.245',NULL,''),(930,'FRENTE DE CAIXA','','',0,0,'','2024-03-07T18:42:57.426Z016526940002950.8239796626261692','20240307T184257',4,'mobile - iPhone','2024-03-07 18:42:04','','2024-03-07 18:42:59.088177','2024-03-07 18:42:59.088177',5,'191.56.246.245',NULL,''),(931,'Sim!','','',0,0,'','2024-03-07T18:42:57.426Z016526940002950.8239796626261692','20240307T184257',4,'mobile - iPhone','2024-03-07 18:42:04','','2024-03-07 18:42:59.093320','2024-03-07 18:42:59.093320',40,'191.56.246.245',NULL,''),(932,'','','',0,0,'','2024-03-07T18:42:57.426Z016526940002950.8239796626261692','20240307T184257',4,'mobile - iPhone','2024-03-07 18:42:04','','2024-03-07 18:42:59.097827','2024-03-07 18:42:59.097827',7,'191.56.246.245',NULL,''),(933,'HORTIFRUTI','Vivian','(62) 9 9204-9553',1,0,'','2024-03-07T18:47:24.614Z016526940002950.25886263886670746','20240307T184724',2,'mobile - iPhone','2024-03-07 18:43:29','','2024-03-07 18:47:26.375771','2024-03-07 18:47:26.375771',9,'191.56.246.245',NULL,''),(934,'ATENDIMENTO','Vivian','(62) 9 9204-9553',1,0,'','2024-03-07T18:47:24.614Z016526940002950.25886263886670746','20240307T184724',2,'mobile - iPhone','2024-03-07 18:43:29','','2024-03-07 18:47:26.379047','2024-03-07 18:47:26.379047',10,'191.56.246.245',NULL,''),(935,'Se melhorar sim.','Vivian','(62) 9 9204-9553',1,0,'','2024-03-07T18:47:24.614Z016526940002950.25886263886670746','20240307T184724',2,'mobile - iPhone','2024-03-07 18:43:29','','2024-03-07 18:47:26.382657','2024-03-07 18:47:26.382657',41,'191.56.246.245',NULL,''),(936,'Melhorar a atenção ao clientes ','Vivian','(62) 9 9204-9553',1,0,'','2024-03-07T18:47:24.614Z016526940002950.25886263886670746','20240307T184724',2,'mobile - iPhone','2024-03-07 18:43:29','','2024-03-07 18:47:26.385372','2024-03-07 18:47:26.385372',11,'191.56.246.245',NULL,''),(937,'','','',0,0,'','2024-03-07T21:53:59.795Z016526940002950.8988745858357585','20240307T215359',0,'PC-Windows','2024-03-07 21:53:41','','2024-03-07 21:54:00.906416','2024-03-07 21:54:00.906416',9,'191.176.45.118',NULL,''),(938,'','','',0,0,'','2024-03-07T21:53:59.795Z016526940002950.8988745858357585','20240307T215359',0,'PC-Windows','2024-03-07 21:53:41','','2024-03-07 21:54:00.909190','2024-03-07 21:54:00.909190',10,'191.176.45.118',NULL,''),(939,'Se melhorar sim.','','',0,0,'','2024-03-07T21:53:59.795Z016526940002950.8988745858357585','20240307T215359',0,'PC-Windows','2024-03-07 21:53:41','','2024-03-07 21:54:00.911711','2024-03-07 21:54:00.911711',41,'191.176.45.118',NULL,''),(940,'','','',0,0,'','2024-03-07T21:53:59.795Z016526940002950.8988745858357585','20240307T215359',0,'PC-Windows','2024-03-07 21:53:41','','2024-03-07 21:54:00.913581','2024-03-07 21:54:00.913581',11,'191.176.45.118',NULL,''),(941,'ENCOMENDAS','','',0,0,'','2024-03-10T15:10:42.779Z299792620001210.030021856462489227','20240310T151042',4,'mobile - iPhone','2024-03-10 15:08:03','','2024-03-10 15:10:43.954461','2024-03-10 15:10:43.954461',49,'177.205.77.243',11,''),(942,'PROMOÇÕES','','',0,0,'','2024-03-10T15:10:42.779Z299792620001210.030021856462489227','20240310T151042',4,'mobile - iPhone','2024-03-10 15:08:03','','2024-03-10 15:10:43.957921','2024-03-10 15:10:43.957921',50,'177.205.77.243',11,''),(943,'Sim, sempre!','','',0,0,'','2024-03-10T15:10:42.779Z299792620001210.030021856462489227','20240310T151042',4,'mobile - iPhone','2024-03-10 15:08:03','','2024-03-10 15:10:43.960497','2024-03-10 15:10:43.960497',51,'177.205.77.243',11,''),(944,'Eu amei a gerente de tarde acho que é Cida o nome me atendeu maravilhosamente super educada super atenciosa com os cliente se põe no nosso lugar a simplicidade dela nem parece gerente então meu elogio vai pra ela hoje ','','',0,0,'','2024-03-10T15:10:42.779Z299792620001210.030021856462489227','20240310T151042',4,'mobile - iPhone','2024-03-10 15:08:03','','2024-03-10 15:10:43.963897','2024-03-10 15:10:43.963897',52,'177.205.77.243',11,''),(945,'','','',0,0,'','2024-03-11T11:54:07.574Z016526940002950.28502452265936395','20240311T115407',3,'PC-Windows','2024-03-11 11:54:03','','2024-03-11 11:54:07.942053','2024-03-11 11:54:07.942053',1,'186.216.209.58',NULL,''),(946,'','','',0,0,'','2024-03-12T18:11:49.415Z299792620001210.46838048453901227','20240312T181149',4,'mobile - K','2024-03-12 18:11:46','','2024-03-12 18:11:49.848156','2024-03-12 18:11:49.848156',53,'189.40.79.154',8,''),(947,'PÃES','','',0,0,'','2024-03-12T21:08:57.319Z299792620001210.6972630053571933','20240312T210857',3,'mobile - K','2024-03-12 21:07:20','','2024-03-12 21:08:58.741319','2024-03-12 21:08:58.741319',49,'177.205.77.243',11,''),(948,'QUALIDADE DOS PRODUTOS','','',0,0,'','2024-03-12T21:08:57.319Z299792620001210.6972630053571933','20240312T210857',3,'mobile - K','2024-03-12 21:07:20','','2024-03-12 21:08:58.744436','2024-03-12 21:08:58.744436',50,'177.205.77.243',11,''),(949,'Nem sempre!','','',0,0,'','2024-03-12T21:08:57.319Z299792620001210.6972630053571933','20240312T210857',3,'mobile - K','2024-03-12 21:07:20','','2024-03-12 21:08:58.747019','2024-03-12 21:08:58.747019',51,'177.205.77.243',11,''),(950,'','','',0,0,'','2024-03-12T21:08:57.319Z299792620001210.6972630053571933','20240312T210857',3,'mobile - K','2024-03-12 21:07:20','','2024-03-12 21:08:58.749373','2024-03-12 21:08:58.749373',52,'177.205.77.243',11,''),(951,'GARAGEM','','',0,0,'','2024-03-13T10:34:37.589Z016526940002950.23049719439181382','20240313T103437',3,'mobile - iPhone','2024-03-13 10:31:10','','2024-03-13 10:34:39.370448','2024-03-13 10:34:39.370448',5,'104.28.63.58',NULL,''),(952,'LIMPEZA / HIGIENE','','',0,0,'','2024-03-13T10:34:37.589Z016526940002950.23049719439181382','20240313T103437',3,'mobile - iPhone','2024-03-13 10:31:10','','2024-03-13 10:34:39.380901','2024-03-13 10:34:39.380901',6,'104.28.63.58',NULL,''),(953,'Sim!','','',0,0,'','2024-03-13T10:34:37.589Z016526940002950.23049719439181382','20240313T103437',3,'mobile - iPhone','2024-03-13 10:31:10','','2024-03-13 10:34:39.384727','2024-03-13 10:34:39.384727',40,'104.28.63.58',NULL,''),(954,'','','',0,0,'','2024-03-13T10:34:37.589Z016526940002950.23049719439181382','20240313T103437',3,'mobile - iPhone','2024-03-13 10:31:10','','2024-03-13 10:34:39.386831','2024-03-13 10:34:39.386831',7,'104.28.63.58',NULL,''),(955,'FRENTE DE CAIXA','','',0,0,'','2024-03-13T10:35:52.170Z016526940002950.6536212341471304','20240313T103552',0,'mobile - iPhone','2024-03-13 10:34:52','','2024-03-13 10:35:53.587870','2024-03-13 10:35:53.587870',9,'104.28.63.58',NULL,''),(956,'ATENDIMENTO','','',0,0,'','2024-03-13T10:35:52.170Z016526940002950.6536212341471304','20240313T103552',0,'mobile - iPhone','2024-03-13 10:34:52','','2024-03-13 10:35:53.590583','2024-03-13 10:35:53.590583',10,'104.28.63.58',NULL,''),(957,'Se melhorar sim.','','',0,0,'','2024-03-13T10:35:52.170Z016526940002950.6536212341471304','20240313T103552',0,'mobile - iPhone','2024-03-13 10:34:52','','2024-03-13 10:35:53.592789','2024-03-13 10:35:53.592789',41,'104.28.63.58',NULL,''),(958,'','','',0,0,'','2024-03-13T10:35:52.170Z016526940002950.6536212341471304','20240313T103552',0,'mobile - iPhone','2024-03-13 10:34:52','','2024-03-13 10:35:53.595329','2024-03-13 10:35:53.595329',11,'104.28.63.58',NULL,''),(962,'PÃES','','',0,0,'','2024-03-21T21:13:41.266Z299792620001210.7988975354548267','20240321T211341',4,'mobile - K','2024-03-21 21:11:30','LU EM TREINAMENTO','2024-03-21 21:13:42.616982','2024-03-21 21:13:42.616982',49,'189.40.79.59',13,''),(963,'ATENDIMENTO','','',0,0,'','2024-03-21T21:13:41.266Z299792620001210.7988975354548267','20240321T211341',4,'mobile - K','2024-03-21 21:11:30','LU EM TREINAMENTO','2024-03-21 21:13:42.620590','2024-03-21 21:13:42.620590',50,'189.40.79.59',13,''),(964,'Sim, sempre!','','',0,0,'','2024-03-21T21:13:41.266Z299792620001210.7988975354548267','20240321T211341',4,'mobile - K','2024-03-21 21:11:30','LU EM TREINAMENTO','2024-03-21 21:13:42.622976','2024-03-21 21:13:42.622976',51,'189.40.79.59',13,''),(965,'Hj estou impactado pelo atendimento e simpatia da atendente Lu que está em treinamento. Excelente profissional esse atendimento dela precisa ser disseminado entre os outros atendentes. Ganhei o meu dia hoje!','','',0,0,'','2024-03-21T21:13:41.266Z299792620001210.7988975354548267','20240321T211341',4,'mobile - K','2024-03-21 21:11:30','LU EM TREINAMENTO','2024-03-21 21:13:42.625659','2024-03-21 21:13:42.625659',52,'189.40.79.59',13,''),(966,'ATENDIMENTO AO CLIENTE','','',0,0,'','2024-03-22T16:26:59.007Z016526940002950.7321321006657224','20240322T162659',3,'mobile - K','2024-03-22 16:25:59','','2024-03-22 16:27:00.842009','2024-03-22 16:27:00.842009',5,'189.40.77.3',NULL,''),(967,'VARIEDADE','','',0,0,'','2024-03-22T16:26:59.007Z016526940002950.7321321006657224','20240322T162659',3,'mobile - K','2024-03-22 16:25:59','','2024-03-22 16:27:00.845514','2024-03-22 16:27:00.845514',6,'189.40.77.3',NULL,''),(968,'Sim!','','',0,0,'','2024-03-22T16:26:59.007Z016526940002950.7321321006657224','20240322T162659',3,'mobile - K','2024-03-22 16:25:59','','2024-03-22 16:27:00.848667','2024-03-22 16:27:00.848667',40,'189.40.77.3',NULL,''),(969,'Bom','','',0,0,'','2024-03-22T16:26:59.007Z016526940002950.7321321006657224','20240322T162659',3,'mobile - K','2024-03-22 16:25:59','','2024-03-22 16:27:00.853498','2024-03-22 16:27:00.853498',7,'189.40.77.3',NULL,''),(970,'','','',0,0,'','2024-03-27T11:48:39.300Z375966360001580.24163071361595245','20240327T114839',4,'mobile - iPhone','2024-03-27 11:48:26','','2024-03-27 11:48:40.139154','2024-03-27 11:48:40.139154',65,'187.43.180.146',NULL,''),(971,'LATICÍNIOS','','',0,0,'','2024-03-27T18:24:43.380Z375966360001580.5433228309486127','20240327T182443',4,'mobile - K','2024-03-27 18:23:13','','2024-03-27 18:24:44.618847','2024-03-27 18:24:44.618847',54,'200.10.135.33',NULL,''),(972,'ATENDIMENTO','','',0,0,'','2024-03-27T18:24:43.380Z375966360001580.5433228309486127','20240327T182443',4,'mobile - K','2024-03-27 18:23:13','','2024-03-27 18:24:44.623163','2024-03-27 18:24:44.623163',55,'200.10.135.33',NULL,''),(973,'Sim!','','',0,0,'','2024-03-27T18:24:43.380Z375966360001580.5433228309486127','20240327T182443',4,'mobile - K','2024-03-27 18:23:13','','2024-03-27 18:24:44.625664','2024-03-27 18:24:44.625664',60,'200.10.135.33',NULL,''),(974,'Mais promoções em todos os setores ','','',0,0,'','2024-03-27T18:24:43.380Z375966360001580.5433228309486127','20240327T182443',4,'mobile - K','2024-03-27 18:23:13','','2024-03-27 18:24:44.628109','2024-03-27 18:24:44.628109',72,'200.10.135.33',NULL,''),(975,'AÇOUGUE','','',0,0,'','2024-03-28T15:38:25.382Z375966360001580.5966680418623096','20240328T153825',3,'mobile - K','2024-03-28 15:36:40','','2024-03-28 15:38:27.185258','2024-03-28 15:38:27.185258',54,'187.43.162.253',NULL,''),(976,'ATENDIMENTO','','',0,0,'','2024-03-28T15:38:25.382Z375966360001580.5966680418623096','20240328T153825',3,'mobile - K','2024-03-28 15:36:40','','2024-03-28 15:38:27.198829','2024-03-28 15:38:27.198829',55,'187.43.162.253',NULL,''),(977,'Sim!','','',0,0,'','2024-03-28T15:38:25.382Z375966360001580.5966680418623096','20240328T153825',3,'mobile - K','2024-03-28 15:36:40','','2024-03-28 15:38:27.209190','2024-03-28 15:38:27.209190',60,'187.43.162.253',NULL,''),(978,'Melhorar atendimento no açougue. ','','',0,0,'','2024-03-28T15:38:25.382Z375966360001580.5966680418623096','20240328T153825',3,'mobile - K','2024-03-28 15:36:40','','2024-03-28 15:38:27.290888','2024-03-28 15:38:27.290888',72,'187.43.162.253',NULL,''),(979,'AÇOUGUE','Gustavo','(61) 9 8294-8472',1,0,'','2024-03-29T09:52:53.598Z375966360001580.8898966969718269','20240329T095253',1,'mobile - iPhone','2024-03-29 09:51:49','','2024-03-29 09:52:54.838384','2024-03-29 09:52:54.838384',57,'189.40.77.45',NULL,''),(980,'LIMPEZA / HIGIENE','Gustavo','(61) 9 8294-8472',1,0,'','2024-03-29T09:52:53.598Z375966360001580.8898966969718269','20240329T095253',1,'mobile - iPhone','2024-03-29 09:51:49','','2024-03-29 09:52:54.843959','2024-03-29 09:52:54.843959',58,'189.40.77.45',NULL,''),(981,'Se melhorar sim.','Gustavo','(61) 9 8294-8472',1,0,'','2024-03-29T09:52:53.598Z375966360001580.8898966969718269','20240329T095253',1,'mobile - iPhone','2024-03-29 09:51:49','','2024-03-29 09:52:54.846857','2024-03-29 09:52:54.846857',61,'189.40.77.45',NULL,''),(982,'Cheiro horrível de coisa podre','Gustavo','(61) 9 8294-8472',1,0,'','2024-03-29T09:52:53.598Z375966360001580.8898966969718269','20240329T095253',1,'mobile - iPhone','2024-03-29 09:51:49','','2024-03-29 09:52:54.849719','2024-03-29 09:52:54.849719',59,'189.40.77.45',NULL,''),(983,'Não informei pros funcionários mas está muito nítido o cheiro de coisa podre','Gustavo','(61) 9 8294-8472',1,0,'','2024-03-29T09:52:53.598Z375966360001580.8898966969718269','20240329T095253',1,'mobile - iPhone','2024-03-29 09:51:49','','2024-03-29 09:52:54.853602','2024-03-29 09:52:54.853602',71,'189.40.77.45',NULL,''),(984,'','','',0,0,'','2024-03-30T20:22:20.501Z299792620001210.1343898282979974','20240330T202220',4,'mobile - iPhone','2024-03-30 20:22:14','','2024-03-30 20:22:21.290859','2024-03-30 20:22:21.290859',53,'131.255.229.156',13,''),(985,'AÇOUGUE,PADARIA,MERCEARIA','Lucas ','(61) 9 9562-2546',1,0,'','2024-04-01T19:46:15.558Z375966360001580.3280134413288396','20240401T194615',0,'mobile - K','2024-04-01 19:42:31','','2024-04-01 19:46:17.680254','2024-04-01 19:46:17.680254',57,'191.58.138.49',NULL,''),(986,'PREÇOS,PROMOÇÕES','Lucas ','(61) 9 9562-2546',1,0,'','2024-04-01T19:46:15.558Z375966360001580.3280134413288396','20240401T194615',0,'mobile - K','2024-04-01 19:42:31','','2024-04-01 19:46:17.685207','2024-04-01 19:46:17.685207',58,'191.58.138.49',NULL,''),(987,'Se melhorar sim.','Lucas ','(61) 9 9562-2546',1,0,'','2024-04-01T19:46:15.558Z375966360001580.3280134413288396','20240401T194615',0,'mobile - K','2024-04-01 19:42:31','','2024-04-01 19:46:17.689006','2024-04-01 19:46:17.689006',61,'191.58.138.49',NULL,''),(988,'Muito caro, promoções só final de mês, quando ninguém tem dinheiro, 2 atendentes no açougue para atender mais de 30 pessoas, e enrola nós caixas!!','Lucas ','(61) 9 9562-2546',1,0,'','2024-04-01T19:46:15.558Z375966360001580.3280134413288396','20240401T194615',0,'mobile - K','2024-04-01 19:42:31','','2024-04-01 19:46:17.691928','2024-04-01 19:46:17.691928',59,'191.58.138.49',NULL,''),(989,'Não foi!','Lucas ','(61) 9 9562-2546',1,0,'','2024-04-01T19:46:15.558Z375966360001580.3280134413288396','20240401T194615',0,'mobile - K','2024-04-01 19:42:31','','2024-04-01 19:46:17.694880','2024-04-01 19:46:17.694880',71,'191.58.138.49',NULL,''),(990,'PADARIA,FRENTE DE CAIXA,PERFUMARIA,MERCEARIA,AÇOUGUE','Deborah Brasileiro','(61) 9 9135-0676',1,0,'','2024-04-01T20:10:25.445Z375966360001580.9024569567168343','20240401T201025',0,'mobile - K','2024-04-01 20:07:14','','2024-04-01 20:10:37.935503','2024-04-01 20:10:37.935503',57,'187.43.160.82',NULL,''),(991,'PREÇOS,PROMOÇÕES','Deborah Brasileiro','(61) 9 9135-0676',1,0,'','2024-04-01T20:10:25.445Z375966360001580.9024569567168343','20240401T201025',0,'mobile - K','2024-04-01 20:07:14','','2024-04-01 20:10:37.938451','2024-04-01 20:10:37.938451',58,'187.43.160.82',NULL,''),(992,'Se melhorar sim.','Deborah Brasileiro','(61) 9 9135-0676',1,0,'','2024-04-01T20:10:25.445Z375966360001580.9024569567168343','20240401T201025',0,'mobile - K','2024-04-01 20:07:14','','2024-04-01 20:10:37.941146','2024-04-01 20:10:37.941146',61,'187.43.160.82',NULL,''),(993,'Muito caro, pouco Atendente no açougue pra muita gente pra atender, e o PIOR DE TUDO: CAIXAS. Poucos atendendo e filas enormes! To quase largando meu carrinho e indo embora. PÉSSIMO ','Deborah Brasileiro','(61) 9 9135-0676',1,0,'','2024-04-01T20:10:25.445Z375966360001580.9024569567168343','20240401T201025',0,'mobile - K','2024-04-01 20:07:14','','2024-04-01 20:10:37.947101','2024-04-01 20:10:37.947101',59,'187.43.160.82',NULL,''),(994,'NAO. POUCOS CAIXAS FUNCIONANDO E FILAS ENORMES.','Deborah Brasileiro','(61) 9 9135-0676',1,0,'','2024-04-01T20:10:25.445Z375966360001580.9024569567168343','20240401T201025',0,'mobile - K','2024-04-01 20:07:14','','2024-04-01 20:10:37.952693','2024-04-01 20:10:37.952693',71,'187.43.160.82',NULL,''),(995,'PADARIA','','',0,0,'','2024-04-02T00:06:37.504Z375966360001580.7024758933968851','20240402T000637',3,'mobile - iPhone','2024-04-02 00:06:07','','2024-04-02 00:06:38.436095','2024-04-02 00:06:38.436095',54,'190.111.150.35',NULL,''),(996,'VARIEDADE','','',0,0,'','2024-04-02T00:06:37.504Z375966360001580.7024758933968851','20240402T000637',3,'mobile - iPhone','2024-04-02 00:06:07','','2024-04-02 00:06:38.440829','2024-04-02 00:06:38.440829',55,'190.111.150.35',NULL,''),(997,'Sim!','','',0,0,'','2024-04-02T00:06:37.504Z375966360001580.7024758933968851','20240402T000637',3,'mobile - iPhone','2024-04-02 00:06:07','','2024-04-02 00:06:38.443212','2024-04-02 00:06:38.443212',60,'190.111.150.35',NULL,''),(998,'','','',0,0,'','2024-04-02T00:06:37.504Z375966360001580.7024758933968851','20240402T000637',3,'mobile - iPhone','2024-04-02 00:06:07','','2024-04-02 00:06:38.445795','2024-04-02 00:06:38.445795',72,'190.111.150.35',NULL,''),(999,'PROMOÇÕES','','',0,0,'','2024-04-02T15:31:25.026Z305983410001710.5482190867242875','20240402T153125',4,'PC-Windows','2024-04-02 15:31:15','','2024-04-02 15:31:25.917760','2024-04-02 15:31:25.917760',6,'186.216.209.58',NULL,''),(1000,'ATENDIMENTO AO CLIENTE','','',0,0,'','2024-04-02T15:31:25.026Z305983410001710.5482190867242875','20240402T153125',4,'PC-Windows','2024-04-02 15:31:15','','2024-04-02 15:31:25.924160','2024-04-02 15:31:25.924160',5,'186.216.209.58',NULL,''),(1001,'Sim!','','',0,0,'','2024-04-02T15:31:25.026Z305983410001710.5482190867242875','20240402T153125',4,'PC-Windows','2024-04-02 15:31:15','','2024-04-02 15:31:25.928031','2024-04-02 15:31:25.928031',40,'186.216.209.58',NULL,''),(1002,'teste','','',0,0,'','2024-04-02T15:31:25.026Z305983410001710.5482190867242875','20240402T153125',4,'PC-Windows','2024-04-02 15:31:15','','2024-04-02 15:31:25.930619','2024-04-02 15:31:25.930619',7,'186.216.209.58',NULL,''),(1003,'PROMOÇÕES','','',0,0,'','2024-04-02T15:35:56.590Z305983410001710.776327416912193','20240402T153556',4,'PC-Windows','2024-04-02 15:35:44','','2024-04-02 15:35:57.570678','2024-04-02 15:35:57.570678',6,'186.216.209.58',NULL,''),(1004,'DEPÓSITO','','',0,0,'','2024-04-02T15:35:56.590Z305983410001710.776327416912193','20240402T153556',4,'PC-Windows','2024-04-02 15:35:44','','2024-04-02 15:35:57.575329','2024-04-02 15:35:57.575329',5,'186.216.209.58',NULL,''),(1005,'Não!','','',0,0,'','2024-04-02T15:35:56.590Z305983410001710.776327416912193','20240402T153556',4,'PC-Windows','2024-04-02 15:35:44','','2024-04-02 15:35:57.580550','2024-04-02 15:35:57.580550',40,'186.216.209.58',NULL,''),(1006,'teste','','',0,0,'','2024-04-02T15:35:56.590Z305983410001710.776327416912193','20240402T153556',4,'PC-Windows','2024-04-02 15:35:44','','2024-04-02 15:35:57.582969','2024-04-02 15:35:57.582969',7,'186.216.209.58',NULL,''),(1007,'AÇOUGUE','','',0,0,'','2024-04-02T18:58:10.072Z375966360001580.31914274504133466','20240402T185810',4,'mobile - K','2024-04-02 18:56:23','','2024-04-02 18:58:11.427181','2024-04-02 18:58:11.427181',54,'177.174.221.91',NULL,''),(1008,'PROMOÇÕES','','',0,0,'','2024-04-02T18:58:10.072Z375966360001580.31914274504133466','20240402T185810',4,'mobile - K','2024-04-02 18:56:23','','2024-04-02 18:58:11.430302','2024-04-02 18:58:11.430302',55,'177.174.221.91',NULL,''),(1009,'Sim!','','',0,0,'','2024-04-02T18:58:10.072Z375966360001580.31914274504133466','20240402T185810',4,'mobile - K','2024-04-02 18:56:23','','2024-04-02 18:58:11.434592','2024-04-02 18:58:11.434592',60,'177.174.221.91',NULL,''),(1010,'Mais açougueiro ','','',0,0,'','2024-04-02T18:58:10.072Z375966360001580.31914274504133466','20240402T185810',4,'mobile - K','2024-04-02 18:56:23','','2024-04-02 18:58:11.439661','2024-04-02 18:58:11.439661',72,'177.174.221.91',NULL,''),(1011,'AÇOUGUE','Leonardo ','(61) 9 9266-1224',1,0,'','2024-04-02T19:46:36.625Z375966360001580.24885812942942276','20240402T194636',0,'mobile - K','2024-04-02 19:44:53','DEMORA MUITO','2024-04-02 19:46:38.510867','2024-04-02 19:46:38.510867',57,'200.173.249.197',NULL,''),(1012,'ATENDIMENTO,TEMPO DE ENTREGA','Leonardo ','(61) 9 9266-1224',1,0,'','2024-04-02T19:46:36.625Z375966360001580.24885812942942276','20240402T194636',0,'mobile - K','2024-04-02 19:44:53','DEMORA MUITO','2024-04-02 19:46:38.514266','2024-04-02 19:46:38.514266',58,'200.173.249.197',NULL,''),(1013,'Nunca mais!','Leonardo ','(61) 9 9266-1224',1,0,'','2024-04-02T19:46:36.625Z375966360001580.24885812942942276','20240402T194636',0,'mobile - K','2024-04-02 19:44:53','DEMORA MUITO','2024-04-02 19:46:38.516528','2024-04-02 19:46:38.516528',61,'200.173.249.197',NULL,''),(1014,'Melhorem o açougue ','Leonardo ','(61) 9 9266-1224',1,0,'','2024-04-02T19:46:36.625Z375966360001580.24885812942942276','20240402T194636',0,'mobile - K','2024-04-02 19:44:53','DEMORA MUITO','2024-04-02 19:46:38.518782','2024-04-02 19:46:38.518782',59,'200.173.249.197',NULL,''),(1015,'...','Leonardo ','(61) 9 9266-1224',1,0,'','2024-04-02T19:46:36.625Z375966360001580.24885812942942276','20240402T194636',0,'mobile - K','2024-04-02 19:44:53','DEMORA MUITO','2024-04-02 19:46:38.522142','2024-04-02 19:46:38.522142',71,'200.173.249.197',NULL,''),(1016,'AÇOUGUE','Rahama ','(61) 9 9312-2017',1,0,'','2024-04-02T19:47:25.013Z375966360001580.4444391435667995','20240402T194725',1,'mobile - iPhone','2024-04-02 19:44:54','','2024-04-02 19:47:26.825205','2024-04-02 19:47:26.825205',57,'191.56.51.10',NULL,''),(1017,'ATENDIMENTO,TEMPO DE ENTREGA,LIMPEZA / HIGIENE','Rahama ','(61) 9 9312-2017',1,0,'','2024-04-02T19:47:25.013Z375966360001580.4444391435667995','20240402T194725',1,'mobile - iPhone','2024-04-02 19:44:54','','2024-04-02 19:47:26.828765','2024-04-02 19:47:26.828765',58,'191.56.51.10',NULL,''),(1018,'Se melhorar sim.','Rahama ','(61) 9 9312-2017',1,0,'','2024-04-02T19:47:25.013Z375966360001580.4444391435667995','20240402T194725',1,'mobile - iPhone','2024-04-02 19:44:54','','2024-04-02 19:47:26.831059','2024-04-02 19:47:26.831059',61,'191.56.51.10',NULL,''),(1019,'Boa noite! Tempo de espera é de mais. Deveria contrata mais funcionário. Pois ficamos mais de 1 hora de espera','Rahama ','(61) 9 9312-2017',1,0,'','2024-04-02T19:47:25.013Z375966360001580.4444391435667995','20240402T194725',1,'mobile - iPhone','2024-04-02 19:44:54','','2024-04-02 19:47:26.836957','2024-04-02 19:47:26.836957',59,'191.56.51.10',NULL,''),(1020,'Ainda esperando ser atendida','Rahama ','(61) 9 9312-2017',1,0,'','2024-04-02T19:47:25.013Z375966360001580.4444391435667995','20240402T194725',1,'mobile - iPhone','2024-04-02 19:44:54','','2024-04-02 19:47:26.840805','2024-04-02 19:47:26.840805',71,'191.56.51.10',NULL,''),(1021,'AÇOUGUE','Elvis ','(61) 9 9217-3894',1,0,'','2024-04-02T19:50:07.004Z375966360001580.46697580894687074','20240402T195007',0,'mobile - K','2024-04-02 19:48:39','','2024-04-02 19:50:19.701306','2024-04-02 19:50:19.701306',57,'191.58.153.6',NULL,''),(1022,'TEMPO DE ENTREGA','Elvis ','(61) 9 9217-3894',1,0,'','2024-04-02T19:50:07.004Z375966360001580.46697580894687074','20240402T195007',0,'mobile - K','2024-04-02 19:48:39','','2024-04-02 19:50:19.706753','2024-04-02 19:50:19.706753',58,'191.58.153.6',NULL,''),(1023,'Nunca mais!','Elvis ','(61) 9 9217-3894',1,0,'','2024-04-02T19:50:07.004Z375966360001580.46697580894687074','20240402T195007',0,'mobile - K','2024-04-02 19:48:39','','2024-04-02 19:50:19.715853','2024-04-02 19:50:19.715853',61,'191.58.153.6',NULL,''),(1024,'Demorei 38 minutos para ser atendido no açougue ','Elvis ','(61) 9 9217-3894',1,0,'','2024-04-02T19:50:07.004Z375966360001580.46697580894687074','20240402T195007',0,'mobile - K','2024-04-02 19:48:39','','2024-04-02 19:50:19.726385','2024-04-02 19:50:19.726385',59,'191.58.153.6',NULL,''),(1025,'Depois de quase 40 minutos ','Elvis ','(61) 9 9217-3894',1,0,'','2024-04-02T19:50:07.004Z375966360001580.46697580894687074','20240402T195007',0,'mobile - K','2024-04-02 19:48:39','','2024-04-02 19:50:19.733098','2024-04-02 19:50:19.733098',71,'191.58.153.6',NULL,''),(1026,'AÇOUGUE','Flavia','(61) 9 9115-9828',1,0,'','2024-04-02T19:52:47.152Z375966360001580.7946705763765817','20240402T195247',0,'mobile - iPhone','2024-04-02 19:47:31','','2024-04-02 19:52:49.189326','2024-04-02 19:52:49.189326',57,'200.173.241.251',NULL,''),(1027,'ATENDIMENTO,LIMPEZA / HIGIENE','Flavia','(61) 9 9115-9828',1,0,'','2024-04-02T19:52:47.152Z375966360001580.7946705763765817','20240402T195247',0,'mobile - iPhone','2024-04-02 19:47:31','','2024-04-02 19:52:49.192582','2024-04-02 19:52:49.192582',58,'200.173.241.251',NULL,''),(1028,'Se melhorar sim.','Flavia','(61) 9 9115-9828',1,0,'','2024-04-02T19:52:47.152Z375966360001580.7946705763765817','20240402T195247',0,'mobile - iPhone','2024-04-02 19:47:31','','2024-04-02 19:52:49.195041','2024-04-02 19:52:49.195041',61,'200.173.241.251',NULL,''),(1029,'Ficar mais de uma hora na fila do açougue , quem atendimento lento e pouco para sociedade ','Flavia','(61) 9 9115-9828',1,0,'','2024-04-02T19:52:47.152Z375966360001580.7946705763765817','20240402T195247',0,'mobile - iPhone','2024-04-02 19:47:31','','2024-04-02 19:52:49.198346','2024-04-02 19:52:49.198346',59,'200.173.241.251',NULL,''),(1030,'Não ','Flavia','(61) 9 9115-9828',1,0,'','2024-04-02T19:52:47.152Z375966360001580.7946705763765817','20240402T195247',0,'mobile - iPhone','2024-04-02 19:47:31','','2024-04-02 19:52:49.200296','2024-04-02 19:52:49.200296',71,'200.173.241.251',NULL,''),(1031,'AÇOUGUE','Paula','(61) 9 9227-8920',1,0,'','2024-04-02T20:19:12.796Z375966360001580.2855090106158993','20240402T201912',0,'mobile - K','2024-04-02 20:15:56','NÃO NECESSARIAMENTE, O ATENDIMENTO É MUITO DEVAGAR','2024-04-02 20:19:15.262187','2024-04-02 20:19:15.262187',57,'200.173.221.239',NULL,''),(1032,'ATENDIMENTO','Paula','(61) 9 9227-8920',1,0,'','2024-04-02T20:19:12.796Z375966360001580.2855090106158993','20240402T201912',0,'mobile - K','2024-04-02 20:15:56','NÃO NECESSARIAMENTE, O ATENDIMENTO É MUITO DEVAGAR','2024-04-02 20:19:15.264624','2024-04-02 20:19:15.264624',58,'200.173.221.239',NULL,''),(1033,'Nunca mais!','Paula','(61) 9 9227-8920',1,0,'','2024-04-02T20:19:12.796Z375966360001580.2855090106158993','20240402T201912',0,'mobile - K','2024-04-02 20:15:56','NÃO NECESSARIAMENTE, O ATENDIMENTO É MUITO DEVAGAR','2024-04-02 20:19:15.267876','2024-04-02 20:19:15.267876',61,'200.173.221.239',NULL,''),(1034,'Contrato de mais açougueiros, pois há uma demora excessiva de espera.','Paula','(61) 9 9227-8920',1,0,'','2024-04-02T20:19:12.796Z375966360001580.2855090106158993','20240402T201912',0,'mobile - K','2024-04-02 20:15:56','NÃO NECESSARIAMENTE, O ATENDIMENTO É MUITO DEVAGAR','2024-04-02 20:19:15.270941','2024-04-02 20:19:15.270941',59,'200.173.221.239',NULL,''),(1035,'Não, demorei cerca de 40 min.','Paula','(61) 9 9227-8920',1,0,'','2024-04-02T20:19:12.796Z375966360001580.2855090106158993','20240402T201912',0,'mobile - K','2024-04-02 20:15:56','NÃO NECESSARIAMENTE, O ATENDIMENTO É MUITO DEVAGAR','2024-04-02 20:19:15.273860','2024-04-02 20:19:15.273860',71,'200.173.221.239',NULL,''),(1036,'LANCHONETE','Paulo ','(61) 9 8469-1418',1,0,'','2024-04-03T18:39:27.058Z299792620001210.6092968950935709','20240403T183927',2,'mobile - K','2024-04-03 18:29:34','','2024-04-03 18:39:28.267125','2024-04-03 18:39:28.267125',42,'177.51.60.69',13,''),(1037,'QUALIDADE DOS PRODUTOS','Paulo ','(61) 9 8469-1418',1,0,'','2024-04-03T18:39:27.058Z299792620001210.6092968950935709','20240403T183927',2,'mobile - K','2024-04-03 18:29:34','','2024-04-03 18:39:28.272584','2024-04-03 18:39:28.272584',43,'177.51.60.69',13,''),(1038,'Se melhorar sim.','Paulo ','(61) 9 8469-1418',1,0,'','2024-04-03T18:39:27.058Z299792620001210.6092968950935709','20240403T183927',2,'mobile - K','2024-04-03 18:29:34','','2024-04-03 18:39:28.276948','2024-04-03 18:39:28.276948',44,'177.51.60.69',13,''),(1039,'O café com gosto meio salgado/doce e o atendimento de alguns atendentes que não pedem licença quando passam. Sei que é corrido para eles, mas pedir licença ajudaria','Paulo ','(61) 9 8469-1418',1,0,'','2024-04-03T18:39:27.058Z299792620001210.6092968950935709','20240403T183927',2,'mobile - K','2024-04-03 18:29:34','','2024-04-03 18:39:28.280137','2024-04-03 18:39:28.280137',45,'177.51.60.69',13,''),(1040,'ATENDIMENTO','','',0,0,'','2024-04-04T17:39:44.711Z305983410001710.3453004971628235','20240404T173944',3,'mobile - iPhone','2024-04-04 17:39:09','','2024-04-04 17:39:46.594581','2024-04-04 17:39:46.594581',6,'45.226.242.143',NULL,''),(1041,'Sim!','','',0,0,'','2024-04-04T17:39:44.711Z305983410001710.3453004971628235','20240404T173944',3,'mobile - iPhone','2024-04-04 17:39:09','','2024-04-04 17:39:46.598356','2024-04-04 17:39:46.598356',40,'45.226.242.143',NULL,''),(1042,'PADARIA','','',0,0,'','2024-04-04T17:39:44.711Z305983410001710.3453004971628235','20240404T173944',3,'mobile - iPhone','2024-04-04 17:39:09','','2024-04-04 17:39:46.600238','2024-04-04 17:39:46.600238',5,'45.226.242.143',NULL,''),(1043,'','','',0,0,'','2024-04-04T17:39:44.711Z305983410001710.3453004971628235','20240404T173944',3,'mobile - iPhone','2024-04-04 17:39:09','','2024-04-04 17:39:46.603003','2024-04-04 17:39:46.603003',7,'45.226.242.143',NULL,''),(1044,'FRENTE DE CAIXA','Giordano ','(61) 9 9159-6019',1,0,'','2024-04-04T17:42:03.492Z305983410001710.665438874251801','20240404T174203',1,'mobile - iPhone','2024-04-04 17:40:37','OPERADOR DE CAIXA 3','2024-04-04 17:42:05.146194','2024-04-04 17:42:05.146194',9,'45.226.242.143',NULL,''),(1045,'ATENDIMENTO','Giordano ','(61) 9 9159-6019',1,0,'','2024-04-04T17:42:03.492Z305983410001710.665438874251801','20240404T174203',1,'mobile - iPhone','2024-04-04 17:40:37','OPERADOR DE CAIXA 3','2024-04-04 17:42:05.149022','2024-04-04 17:42:05.149022',10,'45.226.242.143',NULL,''),(1046,'Se melhorar sim.','Giordano ','(61) 9 9159-6019',1,0,'','2024-04-04T17:42:03.492Z305983410001710.665438874251801','20240404T174203',1,'mobile - iPhone','2024-04-04 17:40:37','OPERADOR DE CAIXA 3','2024-04-04 17:42:05.151241','2024-04-04 17:42:05.151241',41,'45.226.242.143',NULL,''),(1047,'Treine melhor seus caixas ','Giordano ','(61) 9 9159-6019',1,0,'','2024-04-04T17:42:03.492Z305983410001710.665438874251801','20240404T174203',1,'mobile - iPhone','2024-04-04 17:40:37','OPERADOR DE CAIXA 3','2024-04-04 17:42:05.154086','2024-04-04 17:42:05.154086',11,'45.226.242.143',NULL,''),(1051,'LIMPEZA / HIGIENE,VARIEDADE','','',0,0,'','2024-04-08T10:23:20.972Z305983410001710.41784717461177934','20240408T102320',4,'mobile - iPhone','2024-04-08 10:22:54','','2024-04-08 10:23:22.529024','2024-04-08 10:23:22.529024',6,'200.173.233.164',NULL,''),(1052,'Sim!','','',0,0,'','2024-04-08T10:23:20.972Z305983410001710.41784717461177934','20240408T102320',4,'mobile - iPhone','2024-04-08 10:22:54','','2024-04-08 10:23:22.534491','2024-04-08 10:23:22.534491',40,'200.173.233.164',NULL,''),(1053,'GERÊNCIA','','',0,0,'','2024-04-08T10:23:20.972Z305983410001710.41784717461177934','20240408T102320',4,'mobile - iPhone','2024-04-08 10:22:54','','2024-04-08 10:23:22.548450','2024-04-08 10:23:22.548450',5,'200.173.233.164',NULL,''),(1054,'Teste','','',0,0,'','2024-04-08T10:23:20.972Z305983410001710.41784717461177934','20240408T102320',4,'mobile - iPhone','2024-04-08 10:22:54','','2024-04-08 10:23:22.550392','2024-04-08 10:23:22.550392',7,'200.173.233.164',NULL,''),(1055,'RAYSSON,EMBALAGEM','','',0,0,'','2024-04-09T12:36:22.215Z522738200001500.897044412960816','20240409T123622',1,'PC-Windows','2024-04-09 12:36:17','','2024-04-09 12:36:23.250236','2024-04-09 12:36:23.250236',76,'186.216.209.58',NULL,''),(1056,'MERCEARIA','','',0,0,'','2024-04-09T18:32:44.052Z375966360001580.4445309701191641','20240409T183244',4,'mobile - iPhone','2024-04-09 18:31:52','TODOS','2024-04-09 18:32:45.148438','2024-04-09 18:32:45.148438',54,'177.174.215.75',NULL,''),(1057,'ATENDIMENTO','','',0,0,'','2024-04-09T18:32:44.052Z375966360001580.4445309701191641','20240409T183244',4,'mobile - iPhone','2024-04-09 18:31:52','TODOS','2024-04-09 18:32:45.152081','2024-04-09 18:32:45.152081',55,'177.174.215.75',NULL,''),(1058,'Sim!','','',0,0,'','2024-04-09T18:32:44.052Z375966360001580.4445309701191641','20240409T183244',4,'mobile - iPhone','2024-04-09 18:31:52','TODOS','2024-04-09 18:32:45.156596','2024-04-09 18:32:45.156596',60,'177.174.215.75',NULL,''),(1059,'Ventilação muito quente ','','',0,0,'','2024-04-09T18:32:44.052Z375966360001580.4445309701191641','20240409T183244',4,'mobile - iPhone','2024-04-09 18:31:52','TODOS','2024-04-09 18:32:45.159809','2024-04-09 18:32:45.159809',72,'177.174.215.75',NULL,''),(1060,'LANCHONETE','','',0,0,'','2024-04-12T10:03:27.081Z299792620001210.9260675802422899','20240412T100327',4,'mobile - iPhone','2024-04-12 10:02:23','','2024-04-12 10:03:28.697178','2024-04-12 10:03:28.697178',49,'179.181.115.55',13,''),(1061,'PREÇOS','','',0,0,'','2024-04-12T10:03:27.081Z299792620001210.9260675802422899','20240412T100327',4,'mobile - iPhone','2024-04-12 10:02:23','','2024-04-12 10:03:28.954519','2024-04-12 10:03:28.954519',50,'179.181.115.55',13,''),(1062,'Sim, sempre!','','',0,0,'','2024-04-12T10:03:27.081Z299792620001210.9260675802422899','20240412T100327',4,'mobile - iPhone','2024-04-12 10:02:23','','2024-04-12 10:03:28.957837','2024-04-12 10:03:28.957837',51,'179.181.115.55',13,''),(1063,'Pra mim não precisa melhorar em nada ','','',0,0,'','2024-04-12T10:03:27.081Z299792620001210.9260675802422899','20240412T100327',4,'mobile - iPhone','2024-04-12 10:02:23','','2024-04-12 10:03:28.960149','2024-04-12 10:03:28.960149',52,'179.181.115.55',13,''),(1067,'RAYSSON','','',0,0,'','2024-04-14T09:57:32.232Z522738200001500.6623597155845922','20240414T095732',1,'mobile - iPhone','2024-04-14 09:57:25','','2024-04-14 09:57:33.433863','2024-04-14 09:57:33.433863',76,'179.242.22.3',NULL,''),(1068,'PÃES','Luiz Paulo ','(61) 9 8469-4934',1,0,'','2024-04-16T18:36:05.387Z299792620001210.4797642923386781','20240416T183605',0,'mobile - iPhone','2024-04-16 18:09:58','A MUDANÇA QUE TEVE NA PADARIA','2024-04-16 18:36:06.517216','2024-04-16 18:36:06.517216',42,'191.223.115.53',10,''),(1069,'ATENDIMENTO','Luiz Paulo ','(61) 9 8469-4934',1,0,'','2024-04-16T18:36:05.387Z299792620001210.4797642923386781','20240416T183605',0,'mobile - iPhone','2024-04-16 18:09:58','A MUDANÇA QUE TEVE NA PADARIA','2024-04-16 18:36:06.521962','2024-04-16 18:36:06.521962',43,'191.223.115.53',10,''),(1070,'Se melhorar sim.','Luiz Paulo ','(61) 9 8469-4934',1,0,'','2024-04-16T18:36:05.387Z299792620001210.4797642923386781','20240416T183605',0,'mobile - iPhone','2024-04-16 18:09:58','A MUDANÇA QUE TEVE NA PADARIA','2024-04-16 18:36:06.524695','2024-04-16 18:36:06.524695',44,'191.223.115.53',10,''),(1071,'Não ','Luiz Paulo ','(61) 9 8469-4934',1,0,'','2024-04-16T18:36:05.387Z299792620001210.4797642923386781','20240416T183605',0,'mobile - iPhone','2024-04-16 18:09:58','A MUDANÇA QUE TEVE NA PADARIA','2024-04-16 18:36:06.527235','2024-04-16 18:36:06.527235',45,'191.223.115.53',10,''),(1072,'PÃES','Edvaldo ','(61) 9 8509-1974',1,0,'','2024-04-17T17:27:24.107Z299792620001210.48891868983163733','20240417T172724',1,'mobile - K','2024-04-17 17:24:00','','2024-04-17 17:27:25.541489','2024-04-17 17:27:25.541489',42,'189.40.79.40',13,''),(1073,'QUALIDADE DOS PRODUTOS,ATENDIMENTO','Edvaldo ','(61) 9 8509-1974',1,0,'','2024-04-17T17:27:24.107Z299792620001210.48891868983163733','20240417T172724',1,'mobile - K','2024-04-17 17:24:00','','2024-04-17 17:27:25.562220','2024-04-17 17:27:25.562220',43,'189.40.79.40',13,''),(1074,'Se melhorar sim.','Edvaldo ','(61) 9 8509-1974',1,0,'','2024-04-17T17:27:24.107Z299792620001210.48891868983163733','20240417T172724',1,'mobile - K','2024-04-17 17:24:00','','2024-04-17 17:27:25.567001','2024-04-17 17:27:25.567001',44,'189.40.79.40',13,''),(1075,'A qualidade dos pães que são vendidos a tarde a maioria passam muito do ponto ficam quase queimados e que gosta de pão mais claro fica sem essa opção.','Edvaldo ','(61) 9 8509-1974',1,0,'','2024-04-17T17:27:24.107Z299792620001210.48891868983163733','20240417T172724',1,'mobile - K','2024-04-17 17:24:00','','2024-04-17 17:27:25.571177','2024-04-17 17:27:25.571177',45,'189.40.79.40',13,''),(1076,'AÇOUGUE,MERCEARIA','','',0,0,'','2024-04-18T10:37:04.900Z375966360001580.4309073486713846','20240418T103704',4,'mobile - K','2024-04-18 10:35:35','','2024-04-18 10:37:06.244050','2024-04-18 10:37:06.244050',54,'177.174.211.167',NULL,''),(1077,'PROMOÇÕES,PREÇOS','','',0,0,'','2024-04-18T10:37:04.900Z375966360001580.4309073486713846','20240418T103704',4,'mobile - K','2024-04-18 10:35:35','','2024-04-18 10:37:06.248969','2024-04-18 10:37:06.248969',55,'177.174.211.167',NULL,''),(1078,'Sim!','','',0,0,'','2024-04-18T10:37:04.900Z375966360001580.4309073486713846','20240418T103704',4,'mobile - K','2024-04-18 10:35:35','','2024-04-18 10:37:06.251894','2024-04-18 10:37:06.251894',60,'177.174.211.167',NULL,''),(1079,'Melhorar a vida dos funcionários. Sofri ao be lós subindo caixas nas costas','','',0,0,'','2024-04-18T10:37:04.900Z375966360001580.4309073486713846','20240418T103704',4,'mobile - K','2024-04-18 10:35:35','','2024-04-18 10:37:06.254758','2024-05-10 12:42:01.306102',72,'177.174.211.167',NULL,''),(1080,'PADARIA','Mathias ','(61) 9 9101-3304',1,0,'','2024-04-18T16:37:14.060Z375966360001580.17577472347567724','20240418T163714',2,'mobile - K','2024-04-18 16:34:43','','2024-04-18 16:37:16.116994','2024-04-18 16:37:16.116994',57,'187.43.160.63',NULL,''),(1081,'VARIEDADE','Mathias ','(61) 9 9101-3304',1,0,'','2024-04-18T16:37:14.060Z375966360001580.17577472347567724','20240418T163714',2,'mobile - K','2024-04-18 16:34:43','','2024-04-18 16:37:16.120240','2024-04-18 16:37:16.120240',58,'187.43.160.63',NULL,''),(1082,'Se melhorar sim.','Mathias ','(61) 9 9101-3304',1,0,'','2024-04-18T16:37:14.060Z375966360001580.17577472347567724','20240418T163714',2,'mobile - K','2024-04-18 16:34:43','','2024-04-18 16:37:16.122922','2024-04-18 16:37:16.122922',61,'187.43.160.63',NULL,''),(1083,'Muito tempo no açougue mesmo c\nom senha.','Mathias ','(61) 9 9101-3304',1,0,'','2024-04-18T16:37:14.060Z375966360001580.17577472347567724','20240418T163714',2,'mobile - K','2024-04-18 16:34:43','','2024-04-18 16:37:16.126253','2024-04-18 16:37:16.126253',59,'187.43.160.63',NULL,''),(1084,'Sim ','Mathias ','(61) 9 9101-3304',1,0,'','2024-04-18T16:37:14.060Z375966360001580.17577472347567724','20240418T163714',2,'mobile - K','2024-04-18 16:34:43','','2024-04-18 16:37:16.128711','2024-04-18 16:37:16.128711',71,'187.43.160.63',NULL,''),(1085,'LANCHONETE,PÃES,BOLOS,BUFFET CAFÉ COLONIAL,ENCOMENDAS,SALGADOS,BUFFET PRATROS PRONTOS / SELF SERVICE,CONVENIÊNCIA,PIZZARIA / HAMBURGUERIA','','',0,0,'','2024-05-01T11:21:30.079Z299792620001210.4095874930634842','20240501T112130',4,'mobile - K','2024-05-01 11:17:51','O SENHOR QUE LIMPA AS MESAS. ATENDIMENTO RÁPIDO NAS MESAS E TEM CORDIALIDADE.','2024-05-01 11:21:31.917471','2024-05-01 11:21:31.917471',49,'189.40.76.247',13,''),(1086,'VARIEDADE DE PRODUTOS,TEMPO DE ESPERA,HORÁRIO DE ATENDIMENTO,LIMPEZA / HIGIENE,ATENDIMENTO,PROMOÇÕES,QUALIDADE DOS PRODUTOS','','',0,0,'','2024-05-01T11:21:30.079Z299792620001210.4095874930634842','20240501T112130',4,'mobile - K','2024-05-01 11:17:51','O SENHOR QUE LIMPA AS MESAS. ATENDIMENTO RÁPIDO NAS MESAS E TEM CORDIALIDADE.','2024-05-01 11:21:31.921947','2024-05-01 11:21:31.921947',50,'189.40.76.247',13,''),(1087,'Sim, sempre!','','',0,0,'','2024-05-01T11:21:30.079Z299792620001210.4095874930634842','20240501T112130',4,'mobile - K','2024-05-01 11:17:51','O SENHOR QUE LIMPA AS MESAS. ATENDIMENTO RÁPIDO NAS MESAS E TEM CORDIALIDADE.','2024-05-01 11:21:31.925866','2024-05-01 11:21:31.925866',51,'189.40.76.247',13,''),(1088,'Esta tudo tranquilo.','','',0,0,'','2024-05-01T11:21:30.079Z299792620001210.4095874930634842','20240501T112130',4,'mobile - K','2024-05-01 11:17:51','O SENHOR QUE LIMPA AS MESAS. ATENDIMENTO RÁPIDO NAS MESAS E TEM CORDIALIDADE.','2024-05-01 11:21:31.928012','2024-05-01 11:21:31.928012',52,'189.40.76.247',13,''),(1089,'HORTIFRUTI','','',0,0,'','2024-05-02T09:38:22.427Z375966360001580.9941614045079461','20240502T093822',3,'mobile - K','2024-05-02 09:36:53','','2024-05-02 09:38:23.636514','2024-05-02 09:38:23.636514',54,'177.51.61.151',NULL,''),(1090,'ATENDIMENTO','','',0,0,'','2024-05-02T09:38:22.427Z375966360001580.9941614045079461','20240502T093822',3,'mobile - K','2024-05-02 09:36:53','','2024-05-02 09:38:23.640465','2024-05-02 09:38:23.640465',55,'177.51.61.151',NULL,''),(1091,'Sim!','','',0,0,'','2024-05-02T09:38:22.427Z375966360001580.9941614045079461','20240502T093822',3,'mobile - K','2024-05-02 09:36:53','','2024-05-02 09:38:23.643399','2024-05-02 09:38:23.643399',60,'177.51.61.151',NULL,''),(1092,'Os carrinhos de compras deixam a desejar. Quebrados, sujos, enferrujados e muitos sem poder usar','','',0,0,'','2024-05-02T09:38:22.427Z375966360001580.9941614045079461','20240502T093822',3,'mobile - K','2024-05-02 09:36:53','','2024-05-02 09:38:23.648592','2024-05-02 09:38:23.648592',72,'177.51.61.151',NULL,''),(1093,'AÇOUGUE','Anne ','(61) 9 9563-4040',1,0,'','2024-05-04T11:54:13.601Z375966360001580.9864275964981253','20240504T115413',0,'mobile - K','2024-05-04 11:51:20','PÉSSIMO ATENDIMENTO, DEMORA MUITO PRO ATENDIMENTO AO CLIENTE','2024-05-04 11:54:15.715108','2024-05-04 11:54:15.715108',57,'191.58.136.16',NULL,''),(1094,'ATENDIMENTO','Anne ','(61) 9 9563-4040',1,0,'','2024-05-04T11:54:13.601Z375966360001580.9864275964981253','20240504T115413',0,'mobile - K','2024-05-04 11:51:20','PÉSSIMO ATENDIMENTO, DEMORA MUITO PRO ATENDIMENTO AO CLIENTE','2024-05-04 11:54:15.721128','2024-05-04 11:54:15.721128',58,'191.58.136.16',NULL,''),(1095,'Nunca mais!','Anne ','(61) 9 9563-4040',1,0,'','2024-05-04T11:54:13.601Z375966360001580.9864275964981253','20240504T115413',0,'mobile - K','2024-05-04 11:51:20','PÉSSIMO ATENDIMENTO, DEMORA MUITO PRO ATENDIMENTO AO CLIENTE','2024-05-04 11:54:15.731075','2024-05-04 11:54:15.731075',61,'191.58.136.16',NULL,''),(1096,'Agilizar o atendimento ','Anne ','(61) 9 9563-4040',1,0,'','2024-05-04T11:54:13.601Z375966360001580.9864275964981253','20240504T115413',0,'mobile - K','2024-05-04 11:51:20','PÉSSIMO ATENDIMENTO, DEMORA MUITO PRO ATENDIMENTO AO CLIENTE','2024-05-04 11:54:15.734832','2024-05-04 11:54:15.734832',59,'191.58.136.16',NULL,''),(1097,'Não','Anne ','(61) 9 9563-4040',1,0,'','2024-05-04T11:54:13.601Z375966360001580.9864275964981253','20240504T115413',0,'mobile - K','2024-05-04 11:51:20','PÉSSIMO ATENDIMENTO, DEMORA MUITO PRO ATENDIMENTO AO CLIENTE','2024-05-04 11:54:15.737369','2024-05-04 11:54:15.737369',71,'191.58.136.16',NULL,''),(1098,'','','',1,0,'','2024-05-04T11:54:13.601Z375966360001580.9864275964981253','20240504T115413',0,'mobile - K','2024-05-04 11:51:20','PÉSSIMO ATENDIMENTO, DEMORA MUITO PRO ATENDIMENTO AO CLIENTE','2024-05-04 11:54:15.737369','2024-05-04 11:54:15.737369',71,'191.58.136.16',NULL,''),(1099,'','','',0,0,'','09T08:29:50.714Z375966360001580.6953523191370508','20240509T082950',4,'mobile - K','2024-05-09 08:29:46','','2024-05-09 08:29:51.592078','2024-05-09 08:29:51.592078',65,'187.43.190.13',NULL,''),(1100,'ENCOMENDAS','','',0,0,'','2024-05-09T08:55:04.842Z299792620001210.8311575410686638','20240509T085504',4,'mobile - Redmi Note 11S','2024-05-09 08:54:02','VANESSA GERENTE','2024-05-09 08:55:05.840964','2024-05-09 08:55:05.840964',49,'177.174.211.72',13,''),(1101,'ATENDIMENTO','','',0,0,'','2024-05-09T08:55:04.842Z299792620001210.8311575410686638','20240509T085504',4,'mobile - Redmi Note 11S','2024-05-09 08:54:02','VANESSA GERENTE','2024-05-09 08:55:05.845278','2024-05-09 08:55:05.845278',50,'177.174.211.72',13,''),(1102,'Sim, sempre!','','',0,0,'','2024-05-09T08:55:04.842Z299792620001210.8311575410686638','20240509T085504',4,'mobile - Redmi Note 11S','2024-05-09 08:54:02','VANESSA GERENTE','2024-05-09 08:55:05.850560','2024-05-09 08:55:05.850560',51,'177.174.211.72',13,''),(1103,'','','',0,0,'','2024-05-09T08:55:04.842Z299792620001210.8311575410686638','20240509T085504',4,'mobile - Redmi Note 11S','2024-05-09 08:54:02','VANESSA GERENTE','2024-05-09 08:55:05.853160','2024-05-09 08:55:05.853160',52,'177.174.211.72',13,'');
/*!40000 ALTER TABLE `answer` ENABLE KEYS */;
UNLOCK TABLES;

--
-- Table structure for table `company`
--

DROP TABLE IF EXISTS `company`;
/*!40101 SET @saved_cs_client     = @@character_set_client */;
/*!50503 SET character_set_client = utf8mb4 */;
CREATE TABLE `company` (
  `id` int NOT NULL AUTO_INCREMENT,
  `corporate_name` varchar(255) DEFAULT '',
  `fantasy_name` varchar(255) NOT NULL DEFAULT '',
  `logo_company` varchar(255) DEFAULT '',
  `cnpj` varchar(20) NOT NULL DEFAULT '',
  `zip_code` varchar(17) NOT NULL DEFAULT '',
  `state` varchar(17) NOT NULL DEFAULT '',
  `address` varchar(255) NOT NULL DEFAULT '',
  `number` varchar(20) NOT NULL DEFAULT '0',
  `complement` varchar(255) DEFAULT '',
  `district` varchar(200) NOT NULL DEFAULT '',
  `city` varchar(200) NOT NULL DEFAULT '',
  `is_report` tinyint DEFAULT '0',
  `type_report` varchar(10) DEFAULT 'show',
  `created_at` datetime(6) NOT NULL DEFAULT CURRENT_TIMESTAMP(6),
  `updated_at` datetime(6) NOT NULL DEFAULT CURRENT_TIMESTAMP(6) ON UPDATE CURRENT_TIMESTAMP(6),
  `type_company` varchar(10) DEFAULT 'MATRIZ',
  PRIMARY KEY (`id`)
) ENGINE=InnoDB AUTO_INCREMENT=5 DEFAULT CHARSET=utf8mb4 COLLATE=utf8mb4_0900_ai_ci;
/*!40101 SET character_set_client = @saved_cs_client */;

--
-- Dumping data for table `company`
--

LOCK TABLES `company` WRITE;
/*!40000 ALTER TABLE `company` DISABLE KEYS */;
INSERT INTO `company` VALUES (1,'IND E COMERCIO DE ALIMENTOS DLG LTDA','GONCALINA PAES E CONVENIENCIAS','24ad762f84e5b2892209a3e7ce63ec4dcd9c.1.png','29.979.262/0001-21','72.215-231','DF','QNM 23 CONJUNTO A','46','','CEILÂNDIA SUL (CEILÂNDIA)','BRASÍLIA',0,'show','2023-12-08 18:55:06.420851','2023-12-12 02:15:19.000000','MATRIZ'),(2,'AUTOMATIZA SOLUÇÕES PARA O VAREJO LTDA','AUTOMATIZA VAREJO','c879119b7ab46a146bb1c691447664561038.2.png','30.598.341/0001-71','72.023-465','DF','SMT CONJUNTO 13','01','LOTE 02A','TAGUATINGA SUL (TAGUATINGA)','BRASÍLIA',0,'show','2023-08-29 22:31:19.711736','2024-04-02 15:30:12.748399','MATRIZ'),(3,'BCM COMERCIO DE PRODUTOS ALIMENTICIOS LTDA','MIX ATACADÃO','b1e7a91290834d5239c1c8f2be9613d2d297.3.png','37.596.636/0001-58','73.751-070','GO','QUADRA 7','LT 21','MR 02','SETOR NORTE','PLANALTINA',0,'show','2024-02-16 22:49:41.141386','2024-02-16 23:23:41.000000','MATRIZ'),(4,'COMERCIAL DE FRANGOS ASSADOS DO VALE LTDA','FRANGOS DUJÊ','','52.273.820/0001-50','35.164-264','MG','RUA APUCARANA','755','','CARAVELAS','IPATINGA',0,'show','2024-04-08 20:39:50.187874','2024-04-08 20:39:50.187874','MATRIZ');
/*!40000 ALTER TABLE `company` ENABLE KEYS */;
UNLOCK TABLES;

--
-- Table structure for table `company_product`
--

DROP TABLE IF EXISTS `company_product`;
/*!40101 SET @saved_cs_client     = @@character_set_client */;
/*!50503 SET character_set_client = utf8mb4 */;
CREATE TABLE `company_product` (
  `company` int NOT NULL,
  `product` int NOT NULL,
  `multi_store` tinyint DEFAULT '0',
  PRIMARY KEY (`company`,`product`),
  KEY `IDX_6d4301639c0f64533b454f3bda` (`company`),
  KEY `IDX_f98fd6722c590dc1d4a767c60c` (`product`),
  CONSTRAINT `FK_6d4301639c0f64533b454f3bda6` FOREIGN KEY (`company`) REFERENCES `company` (`id`) ON DELETE CASCADE ON UPDATE CASCADE,
  CONSTRAINT `FK_f98fd6722c590dc1d4a767c60c3` FOREIGN KEY (`product`) REFERENCES `product` (`id`)
) ENGINE=InnoDB DEFAULT CHARSET=utf8mb4 COLLATE=utf8mb4_0900_ai_ci;
/*!40101 SET character_set_client = @saved_cs_client */;

--
-- Dumping data for table `company_product`
--

LOCK TABLES `company_product` WRITE;
/*!40000 ALTER TABLE `company_product` DISABLE KEYS */;
INSERT INTO `company_product` VALUES (1,1,1),(2,1,0),(3,1,0),(4,1,0);
/*!40000 ALTER TABLE `company_product` ENABLE KEYS */;
UNLOCK TABLES;

--
-- Table structure for table `contact_us`
--

DROP TABLE IF EXISTS `contact_us`;
/*!40101 SET @saved_cs_client     = @@character_set_client */;
/*!50503 SET character_set_client = utf8mb4 */;
CREATE TABLE `contact_us` (
  `id` int NOT NULL AUTO_INCREMENT,
  `name` varchar(255) NOT NULL,
  `email` varchar(255) NOT NULL,
  `subject` varchar(255) NOT NULL,
  `message` text NOT NULL,
  `created_at` datetime(6) NOT NULL DEFAULT CURRENT_TIMESTAMP(6),
  `updated_at` datetime(6) NOT NULL DEFAULT CURRENT_TIMESTAMP(6) ON UPDATE CURRENT_TIMESTAMP(6),
  PRIMARY KEY (`id`)
) ENGINE=InnoDB DEFAULT CHARSET=utf8mb4 COLLATE=utf8mb4_0900_ai_ci;
/*!40101 SET character_set_client = @saved_cs_client */;

--
-- Dumping data for table `contact_us`
--

LOCK TABLES `contact_us` WRITE;
/*!40000 ALTER TABLE `contact_us` DISABLE KEYS */;
/*!40000 ALTER TABLE `contact_us` ENABLE KEYS */;
UNLOCK TABLES;

--
-- Table structure for table `customer`
--

DROP TABLE IF EXISTS `customer`;
/*!40101 SET @saved_cs_client     = @@character_set_client */;
/*!50503 SET character_set_client = utf8mb4 */;
CREATE TABLE `customer` (
  `id` int NOT NULL AUTO_INCREMENT,
  `first_name` varchar(200) NOT NULL,
  `avatar` varchar(255) DEFAULT NULL,
  `surname` varchar(255) NOT NULL,
  `position` varchar(255) NOT NULL,
  `phone` varchar(17) NOT NULL,
  `email` varchar(255) DEFAULT NULL,
  `temp_email` varchar(255) DEFAULT NULL,
  `email_change_on` datetime DEFAULT NULL,
  `resent_email_on` datetime DEFAULT NULL,
  `activated` tinyint DEFAULT '0',
  `activated_on` datetime DEFAULT NULL,
  `accept_newsletter` tinyint DEFAULT '0',
  `info_payment` tinyint DEFAULT '0',
  `accept_terms` char(1) NOT NULL,
  `accept_terms_on` datetime DEFAULT NULL,
  `old_password` varchar(255) DEFAULT NULL,
  `password` varchar(255) NOT NULL,
  `system_user` varchar(40) DEFAULT NULL,
  `agent_user` varchar(40) DEFAULT NULL,
  `pass_change_on` datetime DEFAULT NULL,
  `city_locate` varchar(90) DEFAULT NULL,
  `country_name` varchar(90) DEFAULT NULL,
  `country_capital` varchar(90) DEFAULT NULL,
  `created_at` datetime(6) NOT NULL DEFAULT CURRENT_TIMESTAMP(6),
  `updated_at` datetime(6) NOT NULL DEFAULT CURRENT_TIMESTAMP(6) ON UPDATE CURRENT_TIMESTAMP(6),
  `company_id` int DEFAULT NULL,
  `change_password` tinyint DEFAULT '0',
  PRIMARY KEY (`id`),
  UNIQUE KEY `IDX_fdb2f3ad8115da4c7718109a6e` (`email`),
  UNIQUE KEY `IDX_7f0a0b82d3e4b38ace0200652c` (`temp_email`),
  KEY `FK_170a73f2523d7ca266834e38ef1` (`company_id`),
  CONSTRAINT `FK_170a73f2523d7ca266834e38ef1` FOREIGN KEY (`company_id`) REFERENCES `company` (`id`) ON UPDATE CASCADE
) ENGINE=InnoDB AUTO_INCREMENT=7 DEFAULT CHARSET=utf8mb4 COLLATE=utf8mb4_0900_ai_ci;
/*!40101 SET character_set_client = @saved_cs_client */;

--
-- Dumping data for table `customer`
--

LOCK TABLES `customer` WRITE;
/*!40000 ALTER TABLE `customer` DISABLE KEYS */;
INSERT INTO `customer` VALUES (1,'RANIEL','9669a09be9c2dd37dc6ae874b7d1fc97b3a4.1.png','MARCOS','PROPRIETÁRIO','(61) 9 8487-9194','goncalina23@hotmail.com',NULL,NULL,NULL,1,NULL,0,0,'1','2023-12-08 15:53:49','$2a$08$HNn5uuEOvBO4v9nX8VKjnezNrJ/FNsSb9exUO1cDVNP17.OtxDZ7q','$2a$08$HNn5uuEOvBO4v9nX8VKjnezNrJ/FNsSb9exUO1cDVNP17.OtxDZ7q',NULL,NULL,NULL,NULL,NULL,NULL,'2023-12-08 18:53:49.077301','2024-04-30 20:23:41.054099',1,0),(2,'LUIZ','d60188dea3352816622034164138e5677755.2.png','F. MAYRINK','ADMINISTRADOR','(61) 9 8239-5892','comercial@automatizavarejo.com.br',NULL,NULL,NULL,1,NULL,0,1,'1','2023-08-29 22:30:37','$2a$08$pUDc6Or2IAC80s6vX2LVgOZcmC8zCLlmsMwOoVF8wG/yrm5Dm3SXi','$2a$08$.1yKCuDChvwd8YtcD6PEG.FQCvvIa2w7/SPh0KTNSOdzQm0mpigBu',NULL,NULL,NULL,NULL,NULL,NULL,'2023-08-29 22:30:37.388046','2024-04-30 20:23:41.073889',2,0),(3,'ALERRANDRO',NULL,'COVALESKI ','GERENTE DE LOJA','(61) 9 9698-3574','gerenteloja.sd@gmail.com',NULL,NULL,NULL,1,NULL,0,0,'1','2024-02-16 22:45:34','$2a$08$ZZ8qcx96F3cVLpHJzjMDyOxd8MFr.K1RBL0OnnoAsUigItiunz0Zq','$2a$08$ZZ8qcx96F3cVLpHJzjMDyOxd8MFr.K1RBL0OnnoAsUigItiunz0Zq',NULL,NULL,NULL,NULL,NULL,NULL,'2024-02-16 22:45:33.787231','2024-04-30 20:23:41.089248',3,0),(4,'JORGE',NULL,'LUCAS','DONO E PROPRIETÁRIO','(31) 9 9831-2065','jorgelucasleandro@gmail.com',NULL,NULL,NULL,1,NULL,0,0,'1','2024-04-08 20:34:11','$2a$08$wKUlBUPE4.XO3.MF0aRGh./7H4NgHRi48C8zWfWgQ.Mv7U02gk5CW','$2a$08$wKUlBUPE4.XO3.MF0aRGh./7H4NgHRi48C8zWfWgQ.Mv7U02gk5CW',NULL,NULL,NULL,NULL,NULL,NULL,'2024-04-08 20:34:10.625848','2024-04-30 20:23:41.100045',4,0);
/*!40000 ALTER TABLE `customer` ENABLE KEYS */;
UNLOCK TABLES;

--
-- Table structure for table `customer_paths`
--

DROP TABLE IF EXISTS `customer_paths`;
/*!40101 SET @saved_cs_client     = @@character_set_client */;
/*!50503 SET character_set_client = utf8mb4 */;
CREATE TABLE `customer_paths` (
  `path_id` int NOT NULL,
  `customer_id` int NOT NULL,
  PRIMARY KEY (`path_id`,`customer_id`),
  KEY `IDX_63ce5c044ecf6205efa54dd194` (`path_id`),
  KEY `IDX_659d73e067f13c03de7709f4bd` (`customer_id`),
  CONSTRAINT `FK_63ce5c044ecf6205efa54dd1942` FOREIGN KEY (`path_id`) REFERENCES `paths` (`id`) ON DELETE CASCADE ON UPDATE CASCADE,
  CONSTRAINT `FK_659d73e067f13c03de7709f4bdd` FOREIGN KEY (`customer_id`) REFERENCES `customer` (`id`)
) ENGINE=InnoDB DEFAULT CHARSET=utf8mb4 COLLATE=utf8mb4_0900_ai_ci;
/*!40101 SET character_set_client = @saved_cs_client */;

--
-- Dumping data for table `customer_paths`
--

LOCK TABLES `customer_paths` WRITE;
/*!40000 ALTER TABLE `customer_paths` DISABLE KEYS */;
INSERT INTO `customer_paths` VALUES (10,1),(10,2),(10,3),(10,4);
/*!40000 ALTER TABLE `customer_paths` ENABLE KEYS */;
UNLOCK TABLES;

--
-- Table structure for table `customer_permissions`
--

DROP TABLE IF EXISTS `customer_permissions`;
/*!40101 SET @saved_cs_client     = @@character_set_client */;
/*!50503 SET character_set_client = utf8mb4 */;
CREATE TABLE `customer_permissions` (
  `customer_id` int NOT NULL,
  `permission_id` int NOT NULL,
  PRIMARY KEY (`customer_id`,`permission_id`),
  KEY `IDX_3efb387fd25a66f9d84f5e17df` (`permission_id`),
  KEY `IDX_d6e001f3eaa0ded45e7bed27b9` (`customer_id`),
  CONSTRAINT `FK_3efb387fd25a66f9d84f5e17dfb` FOREIGN KEY (`permission_id`) REFERENCES `permissions` (`id`) ON DELETE CASCADE ON UPDATE CASCADE,
  CONSTRAINT `FK_d6e001f3eaa0ded45e7bed27b90` FOREIGN KEY (`customer_id`) REFERENCES `customer` (`id`)
) ENGINE=InnoDB DEFAULT CHARSET=utf8mb4 COLLATE=utf8mb4_0900_ai_ci;
/*!40101 SET character_set_client = @saved_cs_client */;

--
-- Dumping data for table `customer_permissions`
--

LOCK TABLES `customer_permissions` WRITE;
/*!40000 ALTER TABLE `customer_permissions` DISABLE KEYS */;
INSERT INTO `customer_permissions` VALUES (1,1),(2,1),(3,1),(4,1),(1,2),(2,2),(3,2),(4,2),(1,3),(2,3),(3,3),(4,3),(1,4),(2,4),(3,4),(4,4),(1,5),(2,5),(3,5),(4,5);
/*!40000 ALTER TABLE `customer_permissions` ENABLE KEYS */;
UNLOCK TABLES;

--
-- Table structure for table `customer_tokens`
--

DROP TABLE IF EXISTS `customer_tokens`;
/*!40101 SET @saved_cs_client     = @@character_set_client */;
/*!50503 SET character_set_client = utf8mb4 */;
CREATE TABLE `customer_tokens` (
  `id` int NOT NULL AUTO_INCREMENT,
  `token` varchar(36) NOT NULL,
  `created_at` datetime(6) NOT NULL DEFAULT CURRENT_TIMESTAMP(6),
  `updated_at` datetime(6) NOT NULL DEFAULT CURRENT_TIMESTAMP(6) ON UPDATE CURRENT_TIMESTAMP(6),
  `customer_id` int DEFAULT NULL,
  PRIMARY KEY (`id`),
  KEY `FK_603f63d478610e2c71e15dffc57` (`customer_id`),
  CONSTRAINT `FK_603f63d478610e2c71e15dffc57` FOREIGN KEY (`customer_id`) REFERENCES `customer` (`id`) ON DELETE CASCADE ON UPDATE CASCADE
) ENGINE=InnoDB AUTO_INCREMENT=6 DEFAULT CHARSET=utf8mb4 COLLATE=utf8mb4_0900_ai_ci;
/*!40101 SET character_set_client = @saved_cs_client */;

--
-- Dumping data for table `customer_tokens`
--

LOCK TABLES `customer_tokens` WRITE;
/*!40000 ALTER TABLE `customer_tokens` DISABLE KEYS */;
INSERT INTO `customer_tokens` VALUES (1,'9da446ec-d39d-44fd-9b02-06792bad7e88','2023-12-08 18:53:49.089049','2023-12-08 18:53:49.089049',1),(2,'3a69a0f6-6a27-43a4-98ac-ee28015f1542','2024-02-16 22:45:33.803029','2024-02-16 22:45:33.803029',3),(3,'f75a80a4-cdc5-4453-a856-f92fc4127a23','2024-04-08 20:34:10.636320','2024-04-08 20:34:10.636320',4);
/*!40000 ALTER TABLE `customer_tokens` ENABLE KEYS */;
UNLOCK TABLES;

--
-- Table structure for table `department`
--

DROP TABLE IF EXISTS `department`;
/*!40101 SET @saved_cs_client     = @@character_set_client */;
/*!50503 SET character_set_client = utf8mb4 */;
CREATE TABLE `department` (
  `id` int NOT NULL AUTO_INCREMENT,
  `name` varchar(50) NOT NULL,
  `status` tinyint NOT NULL DEFAULT '1',
  `created_at` datetime(6) NOT NULL DEFAULT CURRENT_TIMESTAMP(6),
  `updated_at` datetime(6) NOT NULL DEFAULT CURRENT_TIMESTAMP(6) ON UPDATE CURRENT_TIMESTAMP(6),
  `company_id` int DEFAULT NULL,
  PRIMARY KEY (`id`),
  KEY `FK_f840e8ae1c80c7acb64dc668118` (`company_id`),
  CONSTRAINT `FK_f840e8ae1c80c7acb64dc668118` FOREIGN KEY (`company_id`) REFERENCES `company` (`id`) ON DELETE CASCADE ON UPDATE CASCADE
) ENGINE=InnoDB AUTO_INCREMENT=31 DEFAULT CHARSET=utf8mb4 COLLATE=utf8mb4_0900_ai_ci;
/*!40101 SET character_set_client = @saved_cs_client */;

--
-- Dumping data for table `department`
--

LOCK TABLES `department` WRITE;
/*!40000 ALTER TABLE `department` DISABLE KEYS */;
INSERT INTO `department` VALUES (1,'PADARIA',1,'2023-08-29 22:33:34.088406','2023-08-29 22:33:34.088406',2),(2,'HORTIFRUTI',1,'2023-08-29 22:33:42.393696','2023-08-29 22:33:42.393696',2),(3,'DEPÓSITO',1,'2023-08-29 22:33:48.168159','2023-08-29 22:33:48.168159',2),(4,'ATENDIMENTO AO CLIENTE',1,'2023-08-29 22:33:57.402481','2023-08-29 22:33:57.402481',2),(5,'GERÊNCIA',1,'2023-08-29 22:34:05.643956','2024-03-07 09:53:03.000000',2),(6,'FRENTE DE CAIXA',1,'2023-08-29 22:34:12.413068','2023-08-29 22:34:12.413068',2),(7,'GARAGEM',1,'2023-08-29 22:35:58.057923','2023-08-29 22:35:58.057923',2),(8,'LANCHONETE',1,'2023-12-12 02:39:54.206773','2023-12-12 02:39:54.206773',1),(9,'PÃES',1,'2023-12-12 02:40:02.485725','2023-12-12 02:40:02.485725',1),(10,'BOLOS',1,'2023-12-12 02:40:10.508666','2023-12-12 02:40:10.508666',1),(11,'SALGADOS',1,'2023-12-12 02:40:21.561245','2023-12-12 02:40:21.561245',1),(12,'CONVENIÊNCIA',1,'2023-12-12 02:40:31.366917','2023-12-12 02:40:31.366917',1),(13,'ENCOMENDAS',1,'2023-12-12 02:40:40.486583','2023-12-12 02:40:40.486583',1),(14,'PIZZARIA / HAMBURGUERIA',1,'2023-12-12 02:40:55.575209','2023-12-12 02:40:55.575209',1),(15,'BUFFET PRATROS PRONTOS / SELF SERVICE',1,'2023-12-12 02:41:13.966860','2023-12-12 02:41:13.966860',1),(16,'BUFFET CAFÉ COLONIAL',1,'2023-12-12 02:41:23.705697','2023-12-12 02:41:23.705697',1),(18,'PADARIA',1,'2024-02-16 22:52:08.816411','2024-02-16 22:52:08.816411',3),(19,'HORTIFRUTI',1,'2024-02-16 22:52:17.111108','2024-02-16 22:52:17.111108',3),(23,'FRENTE DE CAIXA',1,'2024-02-16 22:53:15.629132','2024-02-16 22:53:15.629132',3),(25,'PERFUMARIA',1,'2024-02-17 15:11:38.545365','2024-02-17 15:11:38.545365',3),(26,'MERCEARIA',1,'2024-02-19 18:01:31.865957','2024-02-19 18:01:31.865957',3),(27,'LATICÍNIOS',1,'2024-02-19 18:02:47.598596','2024-02-19 18:02:47.598596',3),(28,'AÇOUGUE',1,'2024-02-19 18:02:58.979990','2024-02-19 18:02:58.979990',3),(29,'ENTREGA',1,'2024-02-19 18:03:16.024020','2024-02-19 18:03:16.024020',3),(30,'TESTE',1,'2024-05-07 22:20:48.926036','2024-05-07 22:20:48.926036',2);
/*!40000 ALTER TABLE `department` ENABLE KEYS */;
UNLOCK TABLES;

--
-- Table structure for table `migrations`
--

DROP TABLE IF EXISTS `migrations`;
/*!40101 SET @saved_cs_client     = @@character_set_client */;
/*!50503 SET character_set_client = utf8mb4 */;
CREATE TABLE `migrations` (
  `id` int NOT NULL AUTO_INCREMENT,
  `timestamp` bigint NOT NULL,
  `name` varchar(255) NOT NULL,
  PRIMARY KEY (`id`)
) ENGINE=InnoDB AUTO_INCREMENT=17 DEFAULT CHARSET=utf8mb4 COLLATE=utf8mb4_0900_ai_ci;
/*!40101 SET character_set_client = @saved_cs_client */;

--
-- Dumping data for table `migrations`
--

LOCK TABLES `migrations` WRITE;
/*!40000 ALTER TABLE `migrations` DISABLE KEYS */;
INSERT INTO `migrations` VALUES (1,1702652507939,'Default1702652507939'),(2,1702661295292,'Default1702661295292'),(3,1702780466356,'Default1702780466356'),(4,1702865703339,'Default1702865703339'),(5,1703242711956,'Default1703242711956'),(6,1703243288061,'Default1703243288061'),(7,1705786126033,'Default1705786126033'),(8,1705951460131,'Default1705951460131'),(9,1705954432337,'Default1705954432337'),(10,1705970895075,'Default1705970895075'),(11,1709083742552,'Default1709083742552'),(12,1709430633775,'Default1709430633775'),(13,1709599722257,'Default1709599722257'),(14,1710000503730,'Default1710000503730'),(15,1710119860272,'Default1710119860272'),(16,1714246502553,'Default1714246502553');
/*!40000 ALTER TABLE `migrations` ENABLE KEYS */;
UNLOCK TABLES;

--
-- Table structure for table `params_product`
--

DROP TABLE IF EXISTS `params_product`;
/*!40101 SET @saved_cs_client     = @@character_set_client */;
/*!50503 SET character_set_client = utf8mb4 */;
CREATE TABLE `params_product` (
  `id` int NOT NULL AUTO_INCREMENT,
  `anchor_question` varchar(100) DEFAULT '',
  `background_color` varchar(20) DEFAULT NULL,
  `font_color` varchar(20) DEFAULT NULL,
  `passing_tree` int DEFAULT NULL,
  `company_id` int DEFAULT NULL,
  `lock_by_ip` tinyint DEFAULT '0',
  `created_at` datetime(6) NOT NULL DEFAULT CURRENT_TIMESTAMP(6),
  `updated_at` datetime(6) NOT NULL DEFAULT CURRENT_TIMESTAMP(6) ON UPDATE CURRENT_TIMESTAMP(6),
  PRIMARY KEY (`id`),
  UNIQUE KEY `REL_466e06fa07b44e7749332bebea` (`company_id`),
  CONSTRAINT `FK_466e06fa07b44e7749332bebead` FOREIGN KEY (`company_id`) REFERENCES `company` (`id`) ON DELETE CASCADE ON UPDATE CASCADE
) ENGINE=InnoDB AUTO_INCREMENT=5 DEFAULT CHARSET=utf8mb4 COLLATE=utf8mb4_0900_ai_ci;
/*!40101 SET character_set_client = @saved_cs_client */;

--
-- Dumping data for table `params_product`
--

LOCK TABLES `params_product` WRITE;
/*!40000 ALTER TABLE `params_product` DISABLE KEYS */;
INSERT INTO `params_product` VALUES (1,'COMO FOI SUA EXPERIÊNCIA CONOSCO?','#e9f7fb','#F05742',3,2,0,'2023-12-08 18:55:06.428398','2024-04-04 17:24:57.000000'),(2,'CONTE-NOS, COMO FOI SUA EXPERIÊNCIA CONOSCO HOJE?','#f4eb74','#1c238b',3,1,0,'2023-12-08 18:55:06.428398','2024-01-03 16:15:57.000000'),(3,'COMO FOI SUA EXPERIÊNCIA CONOSCO?','#d6000e','#000000',3,3,0,'2024-02-16 22:49:41.224131','2024-04-22 13:46:35.000000'),(4,'Como foi a experiência com a DUJÊ ?','#ffcab0','#595959',2,4,0,'2024-04-08 20:39:50.205071','2024-04-08 22:11:47.000000');
/*!40000 ALTER TABLE `params_product` ENABLE KEYS */;
UNLOCK TABLES;

--
-- Table structure for table `params_questions`
--

DROP TABLE IF EXISTS `params_questions`;
/*!40101 SET @saved_cs_client     = @@character_set_client */;
/*!50503 SET character_set_client = utf8mb4 */;
CREATE TABLE `params_questions` (
  `id` int NOT NULL AUTO_INCREMENT,
  `import_type` varchar(15) DEFAULT NULL,
  `position` int DEFAULT NULL,
  `mandatory_question` tinyint DEFAULT NULL,
  `finish_research` tinyint DEFAULT NULL,
  `created_at` datetime(6) NOT NULL DEFAULT CURRENT_TIMESTAMP(6),
  `updated_at` datetime(6) NOT NULL DEFAULT CURRENT_TIMESTAMP(6) ON UPDATE CURRENT_TIMESTAMP(6),
  `question_id` int DEFAULT NULL,
  `option_one` varchar(20) DEFAULT NULL,
  `option_two` varchar(20) DEFAULT NULL,
  PRIMARY KEY (`id`),
  UNIQUE KEY `REL_9aa79f2a7894b704ec14a133ae` (`question_id`),
  CONSTRAINT `FK_9aa79f2a7894b704ec14a133aeb` FOREIGN KEY (`question_id`) REFERENCES `question` (`id`) ON DELETE CASCADE ON UPDATE CASCADE
) ENGINE=InnoDB AUTO_INCREMENT=77 DEFAULT CHARSET=utf8mb4 COLLATE=utf8mb4_0900_ai_ci;
/*!40101 SET character_set_client = @saved_cs_client */;

--
-- Dumping data for table `params_questions`
--

LOCK TABLES `params_questions` WRITE;
/*!40000 ALTER TABLE `params_questions` DISABLE KEYS */;
INSERT INTO `params_questions` VALUES (1,'finish',1,0,0,'2023-08-29 22:43:11.732992','2023-10-14 18:57:56.532169',1,NULL,NULL),(2,'alert',1,0,0,'2023-08-29 22:43:58.354702','2023-12-30 16:39:59.817754',2,NULL,NULL),(3,'contact',2,1,0,'2023-08-29 22:44:08.183312','2024-03-13 10:36:40.199778',3,NULL,NULL),(4,'alert',7,0,0,'2023-08-29 22:44:45.074167','2024-03-07 10:20:09.588853',4,NULL,NULL),(5,'department',4,0,0,'2023-08-29 22:51:58.025075','2024-04-04 17:30:54.452350',5,NULL,NULL),(6,'topics',2,0,0,'2023-08-29 22:52:44.602135','2024-03-22 16:29:39.343103',6,NULL,NULL),(7,'',5,0,0,'2023-08-29 22:53:18.569060','2024-03-07 10:19:14.397280',7,NULL,NULL),(9,'department',3,0,0,'2023-08-29 22:54:29.471952','2024-03-13 10:36:40.201273',9,NULL,NULL),(10,'topics',4,0,0,'2023-08-29 22:55:12.025624','2024-03-13 10:36:40.203414',10,NULL,NULL),(11,'',6,0,0,'2023-08-29 22:56:08.587757','2024-03-13 10:36:32.463262',11,NULL,NULL),(40,'',3,0,0,'2023-10-14 23:33:08.389497','2024-04-04 17:30:54.450898',40,'Sim!','Não!'),(41,'',5,0,0,'2023-10-14 23:33:42.317264','2024-03-13 10:36:35.550273',41,'Se melhorar sim.','Nunca mais!'),(42,'department',2,1,0,'2023-12-12 02:25:31.779915','2023-12-12 02:47:32.804097',42,'',''),(43,'topics',3,1,0,'2023-12-12 02:26:23.759818','2023-12-12 02:47:31.116403',43,'',''),(44,'',4,0,0,'2023-12-12 02:27:03.491882','2023-12-12 02:45:12.963260',44,'Se melhorar sim.','Não, nunca mais!'),(45,'',7,1,0,'2023-12-12 02:27:59.913143','2023-12-12 02:46:42.147795',45,'',''),(46,'alert',1,0,0,'2023-12-12 02:28:54.130136','2023-12-12 02:45:12.958815',46,'',''),(47,'alert',5,0,0,'2023-12-12 02:29:34.822372','2023-12-12 02:46:33.834345',47,'',''),(48,'contact',6,1,0,'2023-12-12 02:29:44.356136','2023-12-12 02:47:27.271701',48,'',''),(49,'department',2,0,0,'2023-12-12 02:30:48.278587','2023-12-12 02:44:30.116942',49,'',''),(50,'topics',3,0,0,'2023-12-12 02:31:52.215583','2023-12-12 02:44:30.118128',50,'',''),(51,'',4,0,0,'2023-12-12 02:32:40.094857','2023-12-12 02:44:30.119220',51,'Sim, sempre!','Nem sempre!'),(52,'',5,0,0,'2023-12-12 02:38:19.925115','2023-12-12 02:44:30.121050',52,'',''),(53,'finish',1,0,0,'2023-12-12 02:39:16.006514','2023-12-12 02:44:30.057876',53,'',''),(54,'department',2,0,0,'2024-02-16 23:04:36.068614','2024-02-17 15:22:58.878120',54,'',''),(55,'topics',3,0,0,'2024-02-16 23:09:29.800307','2024-02-17 15:22:58.879610',55,'',''),(57,'department',2,0,0,'2024-02-16 23:11:10.888030','2024-02-16 23:21:28.472233',57,'',''),(58,'topics',3,0,0,'2024-02-16 23:13:51.470393','2024-02-16 23:21:28.474263',58,'',''),(59,'',5,1,0,'2024-02-16 23:15:29.445885','2024-02-20 09:51:11.845823',59,'',''),(60,'',4,0,0,'2024-02-16 23:16:33.296881','2024-02-17 15:22:58.880764',60,'Sim!','Não!'),(61,'',4,0,0,'2024-02-16 23:17:28.553942','2024-02-16 23:21:32.626517',61,'Se melhorar sim.','Nunca mais!'),(62,'alert',7,0,0,'2024-02-16 23:18:22.930360','2024-02-20 09:48:51.044187',62,'',''),(63,'contact',8,1,0,'2024-02-16 23:18:36.081481','2024-02-20 09:48:47.679264',63,'',''),(64,'alert',1,0,0,'2024-02-16 23:19:04.723814','2024-02-16 23:21:28.468628',64,'',''),(65,'finish',1,0,0,'2024-02-16 23:19:34.655726','2024-02-17 15:22:46.054940',65,'',''),(67,'',7,0,0,'2024-02-17 15:10:34.822300','2024-02-17 15:22:11.198376',67,'sim','não'),(68,'contact',8,0,0,'2024-02-17 15:19:03.558561','2024-02-17 15:22:11.199576',68,'',''),(71,'',6,1,0,'2024-02-20 09:46:13.297769','2024-02-20 09:51:15.356868',71,'',''),(72,'',NULL,NULL,NULL,'2024-02-20 09:52:14.797290','2024-02-20 09:52:14.797290',72,'',''),(76,'topics',NULL,NULL,NULL,'2024-04-08 22:22:38.298849','2024-04-08 22:22:38.298849',76,'','');
/*!40000 ALTER TABLE `params_questions` ENABLE KEYS */;
UNLOCK TABLES;

--
-- Table structure for table `paths`
--

DROP TABLE IF EXISTS `paths`;
/*!40101 SET @saved_cs_client     = @@character_set_client */;
/*!50503 SET character_set_client = utf8mb4 */;
CREATE TABLE `paths` (
  `id` int NOT NULL AUTO_INCREMENT,
  `path` varchar(100) NOT NULL DEFAULT '',
  `http_verb` varchar(20) NOT NULL DEFAULT '*',
  `created_at` datetime(6) NOT NULL DEFAULT CURRENT_TIMESTAMP(6),
  `updated_at` datetime(6) NOT NULL DEFAULT CURRENT_TIMESTAMP(6) ON UPDATE CURRENT_TIMESTAMP(6),
  PRIMARY KEY (`id`)
) ENGINE=InnoDB AUTO_INCREMENT=11 DEFAULT CHARSET=utf8mb4 COLLATE=utf8mb4_0900_ai_ci;
/*!40101 SET character_set_client = @saved_cs_client */;

--
-- Dumping data for table `paths`
--

LOCK TABLES `paths` WRITE;
/*!40000 ALTER TABLE `paths` DISABLE KEYS */;
INSERT INTO `paths` VALUES (1,'/session','POST','2024-02-27 22:34:36.185146','2024-02-27 23:20:21.665608'),(2,'/forgot-password','POST','2024-02-27 22:34:36.213800','2024-02-27 23:20:21.669713'),(3,'/customer','DELETE','2024-02-27 22:34:36.218681','2024-02-27 23:20:21.674471'),(4,'/avatar','DELETE','2024-02-27 22:34:52.801999','2024-02-27 23:20:21.679550'),(5,'/avatar','PATCH','2024-02-27 22:35:09.373346','2024-02-27 23:20:21.685419'),(6,'/customer/email','PATCH','2024-02-27 22:35:34.429772','2024-02-27 23:20:21.691302'),(7,'/customer/password','PATCH','2024-02-27 22:35:34.438682','2024-02-27 23:20:21.697997'),(8,'/customer/reset-password','PATCH','2024-02-27 22:35:46.660599','2024-02-27 23:20:21.709011'),(9,'*','GET','2024-02-28 21:11:36.404271','2024-02-28 21:11:36.404271'),(10,'*','*','2024-03-02 11:12:21.909227','2024-03-02 11:12:21.909227');
/*!40000 ALTER TABLE `paths` ENABLE KEYS */;
UNLOCK TABLES;

--
-- Table structure for table `permissions`
--

DROP TABLE IF EXISTS `permissions`;
/*!40101 SET @saved_cs_client     = @@character_set_client */;
/*!50503 SET character_set_client = utf8mb4 */;
CREATE TABLE `permissions` (
  `id` int NOT NULL AUTO_INCREMENT,
  `name` varchar(20) DEFAULT NULL,
  `description` varchar(100) NOT NULL DEFAULT '',
  `created_at` datetime(6) NOT NULL DEFAULT CURRENT_TIMESTAMP(6),
  `updated_at` datetime(6) NOT NULL DEFAULT CURRENT_TIMESTAMP(6) ON UPDATE CURRENT_TIMESTAMP(6),
  PRIMARY KEY (`id`)
) ENGINE=InnoDB AUTO_INCREMENT=6 DEFAULT CHARSET=utf8mb4 COLLATE=utf8mb4_0900_ai_ci;
/*!40101 SET character_set_client = @saved_cs_client */;

--
-- Dumping data for table `permissions`
--

LOCK TABLES `permissions` WRITE;
/*!40000 ALTER TABLE `permissions` DISABLE KEYS */;
INSERT INTO `permissions` VALUES (1,'CRIAR','','2024-02-10 19:03:34.239080','2024-02-10 19:03:34.239080'),(2,'EDITAR','','2024-02-10 19:03:34.248317','2024-02-10 19:03:34.248317'),(3,'ATUALIZAR','','2024-02-10 19:03:34.254528','2024-02-10 19:03:34.254528'),(4,'VISUALIZAR','','2024-02-10 19:03:34.260406','2024-02-10 19:03:34.260406'),(5,'REMOVER','','2024-02-10 19:03:34.265750','2024-02-10 19:03:34.265750');
/*!40000 ALTER TABLE `permissions` ENABLE KEYS */;
UNLOCK TABLES;

--
-- Table structure for table `possible_answers`
--

DROP TABLE IF EXISTS `possible_answers`;
/*!40101 SET @saved_cs_client     = @@character_set_client */;
/*!50503 SET character_set_client = utf8mb4 */;
CREATE TABLE `possible_answers` (
  `id` int NOT NULL AUTO_INCREMENT,
  `answer` varchar(255) DEFAULT '',
  `question_id` int DEFAULT NULL,
  PRIMARY KEY (`id`),
  KEY `FK_4e2667064dc7188962dbb9d471a` (`question_id`),
  CONSTRAINT `FK_4e2667064dc7188962dbb9d471a` FOREIGN KEY (`question_id`) REFERENCES `question` (`id`) ON DELETE CASCADE ON UPDATE CASCADE
) ENGINE=InnoDB DEFAULT CHARSET=utf8mb4 COLLATE=utf8mb4_0900_ai_ci;
/*!40101 SET character_set_client = @saved_cs_client */;

--
-- Dumping data for table `possible_answers`
--

LOCK TABLES `possible_answers` WRITE;
/*!40000 ALTER TABLE `possible_answers` DISABLE KEYS */;
/*!40000 ALTER TABLE `possible_answers` ENABLE KEYS */;
UNLOCK TABLES;

--
-- Table structure for table `product`
--

DROP TABLE IF EXISTS `product`;
/*!40101 SET @saved_cs_client     = @@character_set_client */;
/*!50503 SET character_set_client = utf8mb4 */;
CREATE TABLE `product` (
  `id` int NOT NULL AUTO_INCREMENT,
  `name` varchar(180) NOT NULL,
  `description` varchar(180) NOT NULL,
  `created_at` datetime(6) NOT NULL DEFAULT CURRENT_TIMESTAMP(6),
  `updated_at` datetime(6) NOT NULL DEFAULT CURRENT_TIMESTAMP(6) ON UPDATE CURRENT_TIMESTAMP(6),
  PRIMARY KEY (`id`)
) ENGINE=InnoDB AUTO_INCREMENT=4 DEFAULT CHARSET=utf8mb4 COLLATE=utf8mb4_0900_ai_ci;
/*!40101 SET character_set_client = @saved_cs_client */;

--
-- Dumping data for table `product`
--

LOCK TABLES `product` WRITE;
/*!40000 ALTER TABLE `product` DISABLE KEYS */;
INSERT INTO `product` VALUES (1,'NPS','Avaliação de Empresas','2023-12-08 18:51:49.500708','2023-12-08 18:51:49.500708'),(2,'PRODUCT 2','DESCRIÇÃO DO PRODUTO 2','2023-12-08 18:51:49.507599','2023-12-08 18:51:49.507599'),(3,'PRODUCT 3','DESCRIÇÃO DO PRODUTO 3','2023-12-08 18:51:49.512108','2023-12-08 18:51:49.512108');
/*!40000 ALTER TABLE `product` ENABLE KEYS */;
UNLOCK TABLES;

--
-- Table structure for table `qrcode_control`
--

DROP TABLE IF EXISTS `qrcode_control`;
/*!40101 SET @saved_cs_client     = @@character_set_client */;
/*!50503 SET character_set_client = utf8mb4 */;
CREATE TABLE `qrcode_control` (
  `id` int NOT NULL AUTO_INCREMENT,
  `qrcode_name` varchar(200) NOT NULL DEFAULT '',
  `id_store` int DEFAULT '0',
  `company_id` int DEFAULT NULL,
  PRIMARY KEY (`id`),
  KEY `FK_2238aa0a0874aa711df34ee7799` (`company_id`),
  CONSTRAINT `FK_2238aa0a0874aa711df34ee7799` FOREIGN KEY (`company_id`) REFERENCES `company` (`id`)
) ENGINE=InnoDB AUTO_INCREMENT=19 DEFAULT CHARSET=utf8mb4 COLLATE=utf8mb4_0900_ai_ci;
/*!40101 SET character_set_client = @saved_cs_client */;

--
-- Dumping data for table `qrcode_control`
--

LOCK TABLES `qrcode_control` WRITE;
/*!40000 ALTER TABLE `qrcode_control` DISABLE KEYS */;
INSERT INTO `qrcode_control` VALUES (8,'29979262000121.8',8,1),(9,'29979262000121.9',9,1),(10,'29979262000121.10',10,1),(11,'29979262000121.11',11,1),(12,'29979262000121.12',12,1),(13,'29979262000121.13',13,1),(14,'29979262000121.14',14,1),(16,'37596636000158.0',0,3),(17,'30598341000171.0',0,2),(18,'52273820000150.0',0,4);
/*!40000 ALTER TABLE `qrcode_control` ENABLE KEYS */;
UNLOCK TABLES;

--
-- Table structure for table `question`
--

DROP TABLE IF EXISTS `question`;
/*!40101 SET @saved_cs_client     = @@character_set_client */;
/*!50503 SET character_set_client = utf8mb4 */;
CREATE TABLE `question` (
  `id` int NOT NULL AUTO_INCREMENT,
  `title_question` varchar(100) DEFAULT NULL,
  `tree_question` tinyint DEFAULT NULL,
  `type_question` varchar(20) NOT NULL,
  `status` tinyint DEFAULT NULL,
  `text_end_research` varchar(200) DEFAULT NULL,
  `text_label_one` varchar(40) DEFAULT NULL,
  `text_label_two` varchar(40) DEFAULT NULL,
  `alert_label` varchar(255) DEFAULT NULL,
  `created_at` datetime(6) NOT NULL DEFAULT CURRENT_TIMESTAMP(6),
  `updated_at` datetime(6) NOT NULL DEFAULT CURRENT_TIMESTAMP(6) ON UPDATE CURRENT_TIMESTAMP(6),
  `company_id` int DEFAULT NULL,
  `question_description` varchar(255) DEFAULT NULL,
  `multiply_questions` tinyint DEFAULT NULL,
  `question_two` varchar(100) DEFAULT NULL,
  PRIMARY KEY (`id`),
  KEY `FK_150758ea0fe6f96dd2cd53bff21` (`company_id`),
  CONSTRAINT `FK_150758ea0fe6f96dd2cd53bff21` FOREIGN KEY (`company_id`) REFERENCES `company` (`id`) ON DELETE CASCADE ON UPDATE CASCADE
) ENGINE=InnoDB AUTO_INCREMENT=77 DEFAULT CHARSET=utf8mb4 COLLATE=utf8mb4_0900_ai_ci;
/*!40101 SET character_set_client = @saved_cs_client */;

--
-- Dumping data for table `question`
--

LOCK TABLES `question` WRITE;
/*!40000 ALTER TABLE `question` DISABLE KEYS */;
INSERT INTO `question` VALUES (1,'FINA. PESQUISA',1,'finish',1,'Ficamos muito felizes que teve uma ótima experiência conosco. Se importa em responder mais algumas perguntas? É rapidinho!','Pode ser.','Hoje não.','','2023-08-29 22:43:11.723548','2023-09-07 16:17:15.000000',2,NULL,NULL,NULL),(2,'ALERTA',0,'alert',1,'','','','Lamentamos muito que não tenha tido uma boa experiência conosco. Vamos precisar te fazer mais algumas perguntas, tudo bem?','2023-08-29 22:43:58.339090','2023-09-05 21:10:24.000000',2,NULL,NULL,NULL),(3,'SOLIC. CONTATO',0,'contact',1,'','','','','2023-08-29 22:44:08.165371','2023-09-05 21:10:24.000000',2,NULL,NULL,NULL),(4,'ALERTA',0,'alert',1,'','','','Anotamos tudo por aqui. Agora precisamos que nos informe seus dados para que, se preciso for, possamos entrar em contato e entender melhor o ocorrido, tudo bem?','2023-08-29 22:44:45.068647','2023-09-05 21:10:21.000000',2,NULL,NULL,NULL),(5,'departamento mais gostou',1,'import',1,NULL,NULL,NULL,NULL,'2023-08-29 22:51:58.008235','2024-04-30 21:04:21.935308',2,'Qual departamento você mais gostou em nossa loja?',NULL,NULL),(6,'o que no departamento',1,'import',1,NULL,NULL,NULL,NULL,'2023-08-29 22:52:44.585459','2024-04-30 21:04:21.947639',2,'No departamento escolhido, o que você destacaria com um elogio?',NULL,NULL),(7,'conte-nos',1,'input',1,NULL,NULL,NULL,NULL,'2023-08-29 22:53:18.549229','2024-04-30 21:04:21.957850',2,'Algo mais que queria compartilhar a respeito da sua boa experiência conosco?',NULL,NULL),(9,'departamento não gostou',0,'import',1,NULL,NULL,NULL,NULL,'2023-08-29 22:54:29.454306','2024-04-30 21:04:21.966968',2,'Em qual departamento você não teve uma boa experiência?',NULL,NULL),(10,'não gostou departamento',0,'import',1,NULL,NULL,NULL,NULL,'2023-08-29 22:55:12.008283','2024-04-30 21:04:21.976870',2,'O que gostaria destacar negativamente no departamento escolhido?',NULL,NULL),(11,'o que houve',0,'input',1,NULL,NULL,NULL,NULL,'2023-08-29 22:56:08.570697','2024-04-30 21:04:21.985507',2,'Nos dê a oportunidade de melhorar! Conte-nos com suas palavras, a hora é agora!',NULL,NULL),(40,'indicaria',1,'binary',1,NULL,NULL,NULL,NULL,'2023-10-14 23:33:08.079563','2024-04-30 21:04:21.994799',2,'Indicaria nossa loja como um bom lugar para se comprar?',NULL,NULL),(41,'voltaria comprar',0,'binary',1,NULL,NULL,NULL,NULL,'2023-10-14 23:33:42.090809','2024-04-30 21:04:22.003527',2,'Voltaria a comprar conosco em uma nova oportunidade?',NULL,NULL),(42,'setores não gostou',0,'import',1,NULL,NULL,NULL,NULL,'2023-12-12 02:25:31.475028','2024-04-30 21:04:22.012510',1,'EM QUAIS SETORES NÃO TEVE UMA BOA EXPERIÊNCIA?',NULL,NULL),(43,'o que não gostou nos setores',0,'import',1,NULL,NULL,NULL,NULL,'2023-12-12 02:26:23.445143','2024-04-30 21:04:22.030397',1,'O QUE NOS SETORES ESCOLHIDOS NÃO ATENDEU SUAS EXPECTATIVAS?',NULL,NULL),(44,'voltaria comprar',0,'binary',1,NULL,NULL,NULL,NULL,'2023-12-12 02:27:03.095961','2024-04-30 21:04:22.041869',1,'VOLTARIA A COMPRAR CONOSCO EM OUTRA OPORTUNIDADE?',NULL,NULL),(45,'conte-nos',0,'input',1,NULL,NULL,NULL,NULL,'2023-12-12 02:27:59.603601','2024-04-30 21:04:22.049733',1,'TEM MAIS ALGUM DETALHE QUE QUEIRA COMPARTILHAR CONOSCO? A HORA É AGORA!',NULL,NULL),(46,'ALERTA',0,'alert',1,'','','','LAMENTAMOS MUITO SUA EXPERIÊNCIA NEGATIVA CONOSCO. VAMOS PRECISAR TE FAZER MAIS ALGUMAS PERGUNTAS E ENTENDER O QUE HOUVE, TUDO BEM?','2023-12-12 02:28:53.823169','2023-12-12 02:28:53.823169',1,NULL,NULL,NULL),(47,'ALERTA',0,'alert',1,'','','','ESTAMOS ANOTANDO TUDO POR AQUI. AGORA, VOU PRECISAR QUE DEIXE SEU CONTATO PARA QUE, SE PRECISO FOR, POSSAMOS ENTRAR EM CONTATO PARA COLETAR ALGUNS DETALHES. TUDO BEM?','2023-12-12 02:29:34.530266','2023-12-12 02:29:34.530266',1,NULL,NULL,NULL),(48,'SOLIC. CONTATO',0,'contact',1,'','','','','2023-12-12 02:29:44.059184','2023-12-12 02:29:44.059184',1,NULL,NULL,NULL),(49,'setor mais gostou',1,'import',1,NULL,NULL,NULL,NULL,'2023-12-12 02:30:47.971322','2024-04-30 21:04:22.059495',1,'QUAIS SETORES MERECE SEU ELOGIO?',NULL,NULL),(50,'mais gostou nos setores',1,'import',1,NULL,NULL,NULL,NULL,'2023-12-12 02:31:51.918961','2024-04-30 21:04:22.068668',1,'O QUE NOS DEPARTAMENTOS ESCOLHIDOS MERECEU SEU ELOGIO?',NULL,NULL),(51,'produtos frescos no horário',1,'binary',1,NULL,NULL,NULL,NULL,'2023-12-12 02:32:39.783985','2024-04-30 21:04:22.076582',1,'NOSSA PADARIA SEMPRE TE OFERECE PRODUTOS FRESCOS NOS HORÁRIOS ADEQUADOS?',NULL,NULL),(52,'algo mais',1,'input',1,NULL,NULL,NULL,NULL,'2023-12-12 02:38:19.615424','2024-04-30 21:04:22.094608',1,'TEM ALGO QUE POSSAMOS MELHORAR PARA QUE SUA EXPERIÊNCIA CONOSCO SEJA AINDA MELHOR?',NULL,NULL),(53,'FINA. PESQUISA',1,'finish',1,'FICAMOS MUITO FELIZES QUE TEVE UMA EXPERIÊNCIA POSITIVA CONOSCO. SE IMPORTA EM RESPONDER MAIS ALGUMAS PERGUNTAS? É RAPIDINHO!','Pode ser!','Hoje não!','','2023-12-12 02:39:15.699963','2023-12-12 02:39:15.699963',1,NULL,NULL,NULL),(54,'departamento mais gostou',1,'import',1,NULL,NULL,NULL,NULL,'2024-02-16 23:04:35.736796','2024-04-30 21:04:22.108363',3,'Qual departamento você mais gostou em nossa loja?',NULL,NULL),(55,'o que no departamento',1,'import',1,NULL,NULL,NULL,NULL,'2024-02-16 23:09:29.498880','2024-04-30 21:04:22.118918',3,'No departamento escolhido, o que você destacaria com um elogio?',NULL,NULL),(57,'departamento não gostou',0,'import',1,NULL,NULL,NULL,NULL,'2024-02-16 23:11:10.597763','2024-04-30 21:04:22.129796',3,'Em qual departamento você não teve uma boa experiência?',NULL,NULL),(58,'não gostou departamento',0,'import',1,NULL,NULL,NULL,NULL,'2024-02-16 23:13:51.159015','2024-04-30 21:04:22.136841',3,'O que gostaria destacar negativamente no departamento escolhido?',NULL,NULL),(59,'o que houve',0,'input',1,NULL,NULL,NULL,NULL,'2024-02-16 23:15:29.105545','2024-04-30 21:04:22.144132',3,'Nos dê a oportunidade de melhorar! Conte-nos com suas palavras, a hora é agora!',NULL,NULL),(60,'indicaria',1,'binary',1,NULL,NULL,NULL,NULL,'2024-02-16 23:16:33.007280','2024-04-30 21:04:22.153189',3,'Indicaria nossa loja como um bom lugar para se comprar?',NULL,NULL),(61,'voltaria comprar',0,'binary',1,NULL,NULL,NULL,NULL,'2024-02-16 23:17:28.217010','2024-04-30 21:04:22.160401',3,'Voltaria a comprar conosco em uma nova oportunidade?',NULL,NULL),(62,'ALERTA',0,'alert',1,'','','','Anotamos tudo por aqui. Agora precisamos que nos informe seus dados para que, se preciso for, possamos entrar em contato e entender melhor o ocorrido, tudo bem?','2024-02-16 23:18:22.625935','2024-02-16 23:18:22.625935',3,NULL,NULL,NULL),(63,'SOLIC. CONTATO',0,'contact',1,'','','','','2024-02-16 23:18:35.791101','2024-02-16 23:18:35.791101',3,NULL,NULL,NULL),(64,'ALERTA',0,'alert',1,'','','','Lamentamos muito que não tenha tido uma boa experiência conosco. Vamos precisar te fazer mais algumas perguntas, tudo bem?','2024-02-16 23:19:04.419016','2024-02-16 23:19:04.419016',3,NULL,NULL,NULL),(65,'FINA. PESQUISA',1,'finish',1,'Ficamos muito felizes que teve uma ótima experiência conosco. Se importa em responder mais algumas perguntas? É rapidinho!','Pode ser.','Hoje não.','','2024-02-16 23:19:34.359616','2024-02-16 23:19:34.359616',3,NULL,NULL,NULL),(67,'voltar loja ',1,'binary',0,NULL,NULL,NULL,NULL,'2024-02-17 15:10:34.542837','2024-04-30 21:04:22.169034',3,'Você voltaria em nossa loja ?',NULL,NULL),(68,'SOLIC. CONTATO',1,'contact',0,'','','','','2024-02-17 15:19:03.272585','2024-02-19 18:08:29.000000',3,NULL,NULL,NULL),(71,'Problema foi resolvido ',0,'input',1,NULL,NULL,NULL,NULL,'2024-02-20 09:46:13.013592','2024-04-30 21:04:22.183809',3,'O seu problema foi resolvido? Se não, por que?',NULL,NULL),(72,'melhorar',1,'input',1,NULL,NULL,NULL,NULL,'2024-02-20 09:52:14.513147','2024-04-30 21:04:22.194262',3,'O que precisamos fazer para que fique ainda melhor?',NULL,NULL),(76,'Atenção',0,'import',1,NULL,NULL,NULL,NULL,'2024-04-08 22:22:36.260166','2024-04-30 21:04:22.201084',4,'Na sua opnião em qual aspecto podemos melhorar?',NULL,NULL);
/*!40000 ALTER TABLE `question` ENABLE KEYS */;
UNLOCK TABLES;

--
-- Table structure for table `question_group`
--

DROP TABLE IF EXISTS `question_group`;
/*!40101 SET @saved_cs_client     = @@character_set_client */;
/*!50503 SET character_set_client = utf8mb4 */;
CREATE TABLE `question_group` (
  `id` int NOT NULL AUTO_INCREMENT,
  `group_name` varchar(100) CHARACTER SET utf8mb4 COLLATE utf8mb4_unicode_ci NOT NULL,
  `created_at` datetime(6) NOT NULL DEFAULT CURRENT_TIMESTAMP(6),
  `updated_at` datetime(6) NOT NULL DEFAULT CURRENT_TIMESTAMP(6) ON UPDATE CURRENT_TIMESTAMP(6),
  PRIMARY KEY (`id`)
) ENGINE=InnoDB AUTO_INCREMENT=3 DEFAULT CHARSET=utf8mb4 COLLATE=utf8mb4_unicode_ci;
/*!40101 SET character_set_client = @saved_cs_client */;

--
-- Dumping data for table `question_group`
--

LOCK TABLES `question_group` WRITE;
/*!40000 ALTER TABLE `question_group` DISABLE KEYS */;
INSERT INTO `question_group` VALUES (1,'ADMINISTRADOR','2023-12-17 23:38:18.455159','2023-12-17 23:38:18.509835'),(2,'USUÁRIO','2023-12-17 23:38:18.455159','2023-12-17 23:38:18.509835');
/*!40000 ALTER TABLE `question_group` ENABLE KEYS */;
UNLOCK TABLES;

--
-- Table structure for table `question_group_mapping`
--

DROP TABLE IF EXISTS `question_group_mapping`;
/*!40101 SET @saved_cs_client     = @@character_set_client */;
/*!50503 SET character_set_client = utf8mb4 */;
CREATE TABLE `question_group_mapping` (
  `id` int NOT NULL AUTO_INCREMENT,
  `created_at` datetime(6) NOT NULL DEFAULT CURRENT_TIMESTAMP(6),
  `updated_at` datetime(6) NOT NULL DEFAULT CURRENT_TIMESTAMP(6) ON UPDATE CURRENT_TIMESTAMP(6),
  `question_group_id` int DEFAULT NULL,
  `question_id` int DEFAULT NULL,
  PRIMARY KEY (`id`),
  KEY `FK_526816f8b008ef697940aab9c55` (`question_group_id`),
  KEY `FK_ce5022ab1521b9edd6ab6c72e2d` (`question_id`),
  CONSTRAINT `FK_526816f8b008ef697940aab9c55` FOREIGN KEY (`question_group_id`) REFERENCES `question_group` (`id`) ON DELETE CASCADE ON UPDATE CASCADE,
  CONSTRAINT `FK_ce5022ab1521b9edd6ab6c72e2d` FOREIGN KEY (`question_id`) REFERENCES `question` (`id`) ON DELETE CASCADE ON UPDATE CASCADE
) ENGINE=InnoDB AUTO_INCREMENT=3 DEFAULT CHARSET=utf8mb4 COLLATE=utf8mb4_unicode_ci;
/*!40101 SET character_set_client = @saved_cs_client */;

--
-- Dumping data for table `question_group_mapping`
--

LOCK TABLES `question_group_mapping` WRITE;
/*!40000 ALTER TABLE `question_group_mapping` DISABLE KEYS */;
INSERT INTO `question_group_mapping` VALUES (2,'2023-12-17 00:59:28.483784','2023-12-17 00:59:28.483784',1,1);
/*!40000 ALTER TABLE `question_group_mapping` ENABLE KEYS */;
UNLOCK TABLES;

--
-- Table structure for table `roles`
--

DROP TABLE IF EXISTS `roles`;
/*!40101 SET @saved_cs_client     = @@character_set_client */;
/*!50503 SET character_set_client = utf8mb4 */;
CREATE TABLE `roles` (
  `id` int NOT NULL AUTO_INCREMENT,
  `name` varchar(20) NOT NULL DEFAULT '',
  `description` varchar(100) NOT NULL DEFAULT '',
  `created_at` datetime(6) NOT NULL DEFAULT CURRENT_TIMESTAMP(6),
  `updated_at` datetime(6) NOT NULL DEFAULT CURRENT_TIMESTAMP(6) ON UPDATE CURRENT_TIMESTAMP(6),
  PRIMARY KEY (`id`)
) ENGINE=InnoDB AUTO_INCREMENT=4 DEFAULT CHARSET=utf8mb4 COLLATE=utf8mb4_0900_ai_ci;
/*!40101 SET character_set_client = @saved_cs_client */;

--
-- Dumping data for table `roles`
--

LOCK TABLES `roles` WRITE;
/*!40000 ALTER TABLE `roles` DISABLE KEYS */;
INSERT INTO `roles` VALUES (1,'ADMINISTRADOR','ADMINISTRADOR','2024-02-10 19:04:59.105078','2024-02-27 22:32:26.070623'),(2,'GERENTE','GERENTE','2024-02-10 19:04:59.115083','2024-02-27 22:32:26.083715'),(3,'USUÁRIO','USUÁRIO','2024-02-10 19:04:59.120123','2024-02-27 22:32:26.088713');
/*!40000 ALTER TABLE `roles` ENABLE KEYS */;
UNLOCK TABLES;

--
-- Table structure for table `roles_customer`
--

DROP TABLE IF EXISTS `roles_customer`;
/*!40101 SET @saved_cs_client     = @@character_set_client */;
/*!50503 SET character_set_client = utf8mb4 */;
CREATE TABLE `roles_customer` (
  `role_id` int NOT NULL,
  `customer_id` int NOT NULL,
  PRIMARY KEY (`role_id`,`customer_id`),
  KEY `IDX_f982f93625ac4cf9f45cbba5cc` (`role_id`),
  KEY `IDX_2ffd52eeb8692e54ecfc219642` (`customer_id`),
  CONSTRAINT `FK_2ffd52eeb8692e54ecfc219642e` FOREIGN KEY (`customer_id`) REFERENCES `customer` (`id`),
  CONSTRAINT `FK_f982f93625ac4cf9f45cbba5cc4` FOREIGN KEY (`role_id`) REFERENCES `roles` (`id`) ON UPDATE CASCADE
) ENGINE=InnoDB DEFAULT CHARSET=utf8mb4 COLLATE=utf8mb4_0900_ai_ci;
/*!40101 SET character_set_client = @saved_cs_client */;

--
-- Dumping data for table `roles_customer`
--

LOCK TABLES `roles_customer` WRITE;
/*!40000 ALTER TABLE `roles_customer` DISABLE KEYS */;
INSERT INTO `roles_customer` VALUES (1,1),(1,2),(1,3),(1,4);
/*!40000 ALTER TABLE `roles_customer` ENABLE KEYS */;
UNLOCK TABLES;

--
-- Table structure for table `store`
--

DROP TABLE IF EXISTS `store`;
/*!40101 SET @saved_cs_client     = @@character_set_client */;
/*!50503 SET character_set_client = utf8mb4 */;
CREATE TABLE `store` (
  `id` int NOT NULL AUTO_INCREMENT,
  `name` varchar(90) DEFAULT '',
  `address` varchar(90) DEFAULT '',
  `created_at` datetime(6) NOT NULL DEFAULT CURRENT_TIMESTAMP(6),
  `updated_at` datetime(6) NOT NULL DEFAULT CURRENT_TIMESTAMP(6) ON UPDATE CURRENT_TIMESTAMP(6),
  `company_id` int DEFAULT NULL,
  `active` tinyint DEFAULT '1',
  `store_number` int DEFAULT '0',
  PRIMARY KEY (`id`),
  KEY `FK_6aabecf199859f1189fd4446cfb` (`company_id`),
  CONSTRAINT `FK_6aabecf199859f1189fd4446cfb` FOREIGN KEY (`company_id`) REFERENCES `company` (`id`)
) ENGINE=InnoDB AUTO_INCREMENT=19 DEFAULT CHARSET=utf8mb4 COLLATE=utf8mb4_0900_ai_ci;
/*!40101 SET character_set_client = @saved_cs_client */;

--
-- Dumping data for table `store`
--

LOCK TABLES `store` WRITE;
/*!40000 ALTER TABLE `store` DISABLE KEYS */;
INSERT INTO `store` VALUES (8,'GONCALINA NORTE','QNN 23 CONJ A','2023-12-12 03:31:06.746393','2023-12-12 03:31:06.746393',1,1,1),(9,'GONCALINA NORTE / LESTE','QNM 02 CONJ A','2023-12-12 03:31:26.002144','2023-12-12 03:31:26.002144',1,1,2),(10,'GONCALINA CEILANDIA SUL/CENTRO','QNM 19 CONJ C','2023-12-12 03:31:41.744829','2023-12-12 03:31:41.744829',1,1,3),(11,'GONCALINA M NORTE','CNM 34 CONJ J','2023-12-12 03:31:57.619661','2023-12-12 03:31:57.619661',1,1,4),(12,'GONCALINA SETOR O','QNO 13/15 BLOCO D','2023-12-12 03:32:14.876169','2023-12-12 03:32:14.876169',1,1,5),(13,'GONCALINA CEILANDIA SUL/LESTE','QNN 08 CONJ A','2023-12-12 03:32:29.922256','2023-12-12 03:32:29.922256',1,1,6),(14,'GONCALINA RECANTO DAS EMAS','QD 805 CONJ 06','2023-12-12 03:32:46.855313','2023-12-12 03:32:46.855313',1,1,7),(16,'MATRIZ','Q1','2024-02-16 23:20:05.151488','2024-02-16 23:20:05.151488',3,1,0),(17,'MATRIZ','Q1','2024-04-04 17:46:05.912034','2024-04-04 17:46:05.912034',2,1,0),(18,'MATRIZ','Q1','2024-04-08 20:57:36.337804','2024-04-08 20:57:36.337804',4,1,0);
/*!40000 ALTER TABLE `store` ENABLE KEYS */;
UNLOCK TABLES;

--
-- Table structure for table `topic`
--

DROP TABLE IF EXISTS `topic`;
/*!40101 SET @saved_cs_client     = @@character_set_client */;
/*!50503 SET character_set_client = utf8mb4 */;
CREATE TABLE `topic` (
  `id` int NOT NULL AUTO_INCREMENT,
  `name` varchar(50) NOT NULL,
  `status` tinyint NOT NULL DEFAULT '1',
  `indicate_employee` tinyint DEFAULT '1',
  `created_at` datetime(6) NOT NULL DEFAULT CURRENT_TIMESTAMP(6),
  `updated_at` datetime(6) NOT NULL DEFAULT CURRENT_TIMESTAMP(6) ON UPDATE CURRENT_TIMESTAMP(6),
  `company_id` int DEFAULT NULL,
  PRIMARY KEY (`id`),
  KEY `FK_54b86956201f019887f1be3430a` (`company_id`),
  CONSTRAINT `FK_54b86956201f019887f1be3430a` FOREIGN KEY (`company_id`) REFERENCES `company` (`id`) ON DELETE CASCADE ON UPDATE CASCADE
) ENGINE=InnoDB AUTO_INCREMENT=26 DEFAULT CHARSET=utf8mb4 COLLATE=utf8mb4_0900_ai_ci;
/*!40101 SET character_set_client = @saved_cs_client */;

--
-- Dumping data for table `topic`
--

LOCK TABLES `topic` WRITE;
/*!40000 ALTER TABLE `topic` DISABLE KEYS */;
INSERT INTO `topic` VALUES (1,'ATENDIMENTO',1,1,'2023-08-29 22:36:18.710945','2024-03-07 11:35:55.000000',2),(2,'PREÇOS',1,1,'2023-08-29 22:36:27.222676','2023-08-29 22:36:27.222676',2),(3,'PROMOÇÕES',1,0,'2023-08-29 22:36:35.400787','2023-08-29 22:36:35.400787',2),(4,'LIMPEZA / HIGIENE',1,0,'2023-08-29 22:36:46.906111','2023-08-29 22:36:46.906111',2),(5,'VARIEDADE',1,0,'2023-08-29 22:36:54.786710','2023-08-29 22:36:54.786710',2),(6,'CLIMA',1,0,'2023-08-29 22:37:41.286032','2023-08-29 22:37:41.286032',2),(7,'ATENDIMENTO',1,1,'2023-12-12 02:41:46.382753','2023-12-12 02:41:46.382753',1),(8,'QUALIDADE DOS PRODUTOS',1,0,'2023-12-12 02:42:04.502868','2023-12-12 02:42:21.000000',1),(9,'VARIEDADE DE PRODUTOS',1,0,'2023-12-12 02:42:13.430773','2023-12-12 02:42:13.430773',1),(10,'TEMPO DE ESPERA',1,0,'2023-12-12 02:42:30.513700','2023-12-12 02:42:30.513700',1),(11,'HORÁRIO DE ATENDIMENTO',1,0,'2023-12-12 02:42:40.713312','2023-12-12 02:42:40.713312',1),(12,'LIMPEZA / HIGIENE',1,0,'2023-12-12 02:42:49.085681','2023-12-12 02:42:49.085681',1),(13,'PREÇOS',1,0,'2023-12-12 02:42:56.510165','2023-12-12 02:42:56.510165',1),(14,'PROMOÇÕES',1,0,'2023-12-12 02:43:06.541739','2023-12-12 02:43:06.541739',1),(15,'ATENDIMENTO',1,1,'2024-02-16 22:54:22.203106','2024-02-16 22:54:22.203106',3),(16,'PREÇOS',1,0,'2024-02-16 22:54:35.085548','2024-02-16 22:54:35.085548',3),(17,'PROMOÇÕES',1,0,'2024-02-16 22:54:46.583533','2024-02-16 22:54:46.583533',3),(18,'LIMPEZA / HIGIENE',1,0,'2024-02-16 22:54:55.846808','2024-02-16 22:54:55.846808',3),(19,'VARIEDADE',1,0,'2024-02-16 22:55:08.502591','2024-02-16 22:55:08.502591',3),(21,'TEMPO DE ENTREGA',1,0,'2024-02-19 18:27:52.818801','2024-02-19 18:27:52.818801',3),(22,'ATENDIMENTO',1,0,'2024-04-08 22:14:12.061509','2024-04-08 22:14:12.061509',4),(23,'PRODUTOS',1,0,'2024-04-08 22:18:16.822417','2024-04-08 22:18:36.000000',4),(24,'EMBALAGEM',1,0,'2024-04-08 22:19:22.021354','2024-04-08 22:19:22.021354',4),(25,'RAYSSON',1,0,'2024-04-08 22:30:17.668347','2024-04-08 22:30:17.668347',4);
/*!40000 ALTER TABLE `topic` ENABLE KEYS */;
UNLOCK TABLES;

--
-- Table structure for table `type_customer`
--

DROP TABLE IF EXISTS `type_customer`;
/*!40101 SET @saved_cs_client     = @@character_set_client */;
/*!50503 SET character_set_client = utf8mb4 */;
CREATE TABLE `type_customer` (
  `id` int NOT NULL AUTO_INCREMENT,
  `type_customer` varchar(50) CHARACTER SET utf8mb4 COLLATE utf8mb4_unicode_ci NOT NULL DEFAULT '',
  `createdAt` datetime(6) NOT NULL DEFAULT CURRENT_TIMESTAMP(6),
  `updatedAt` datetime(6) NOT NULL DEFAULT CURRENT_TIMESTAMP(6) ON UPDATE CURRENT_TIMESTAMP(6),
  PRIMARY KEY (`id`)
) ENGINE=InnoDB AUTO_INCREMENT=4 DEFAULT CHARSET=utf8mb4 COLLATE=utf8mb4_unicode_ci;
/*!40101 SET character_set_client = @saved_cs_client */;

--
-- Dumping data for table `type_customer`
--

LOCK TABLES `type_customer` WRITE;
/*!40000 ALTER TABLE `type_customer` DISABLE KEYS */;
INSERT INTO `type_customer` VALUES (1,'ADMINISTRADOR','2023-12-17 23:45:36.597578','2023-12-17 23:45:36.597578'),(2,'USUÁRIO','2023-12-17 23:45:59.514782','2023-12-17 23:45:59.514782'),(3,'GERENTE','2024-05-10 12:27:40.138146','2024-05-10 12:27:40.138146');
/*!40000 ALTER TABLE `type_customer` ENABLE KEYS */;
UNLOCK TABLES;

--
-- Dumping routines for database 'automatizafacil'
--
/*!40103 SET TIME_ZONE=@OLD_TIME_ZONE */;

/*!40101 SET SQL_MODE=@OLD_SQL_MODE */;
/*!40014 SET FOREIGN_KEY_CHECKS=@OLD_FOREIGN_KEY_CHECKS */;
/*!40014 SET UNIQUE_CHECKS=@OLD_UNIQUE_CHECKS */;
/*!40101 SET CHARACTER_SET_CLIENT=@OLD_CHARACTER_SET_CLIENT */;
/*!40101 SET CHARACTER_SET_RESULTS=@OLD_CHARACTER_SET_RESULTS */;
/*!40101 SET COLLATION_CONNECTION=@OLD_COLLATION_CONNECTION */;
/*!40111 SET SQL_NOTES=@OLD_SQL_NOTES */;

-- Dump completed on 2024-05-10 23:27:53
